tree
version=v4
num_class=1
num_tree_per_iteration=1
label_index=0
max_feature_idx=26
objective=lambdarank
feature_names=elsa_rank user_n_events n_unique_items user_n_likes n_listens user_like_rate user_avg_played_ratio user_organic_ratio entropy entropy_norm n_items matrix_n_positive matrix_total_weight item_n_events n_unique_users item_n_likes item_like_rate item_avg_played_ratio avg_track_length item_organic_ratio matrix_popularity ui_n_events mean_played_ratio has_like days_before_test organic_ratio_ui interaction_weight
feature_infos=[0:99] [224:4721] [16:3078] [0:1691] [0:4717] [0:1] [9.1874650251818686:99.853322189720018] [0:1] [2.2197025873333716:7.9601952170483763] [0.49832274847548008:0.99051870587720736] [16:3323] [0:2974] [0:2974] [129:17628] [89:3261] [0:242] [0:0.091517857142857095] [38.83964365256125:97.402234636871526] [70:565] [0:0.99257425742574257] [83:1239] [0:112] [0:84.976190476190482] none [-1:364.98987268518511] [0:1] none
tree_sizes=5680 5736 5722 5737 5693 5737 5733 5707 5706 5736 5726 5715 5725 5725 5731 5713 5745 5726 5719 5739 5734 5713 5725 5717 5703 5722 5706 5726 5707 5725 5722 5717 5712 5750 5720 5731 5707 5718 5732 5741 5737 5712 5736 5736 5735 5727 5740 5745 5740 5731 5729 5720 5718 5729 5715 5718 5720 5696 5700 5694 5720 5723 5711 5726 5681 5715 5724

Tree=0
num_leaves=51
num_cat=0
split_feature=21 0 0 21 0 0 0 0 21 9 22 8 11 6 4 22 0 7 18 4 9 5 9 3 4 0 15 3 6 10 9 0 9 16 16 9 4 0 0 22 14 3 13 6 11 7 22 5 6 4
split_gain=850.265 441.216 110.383 92.6616 91.7187 57.654 41.3448 24.0772 23.4746 21.1141 24.7779 20.82 18.669 17.9508 17.3184 15.8386 17.2198 15.1671 14.5198 14.049 14.0266 13.0346 16.5556 13.0339 14.1256 12.3471 12.3257 13.8271 12.1907 11.899 11.3863 11.5763 11.0639 10.798 10.6756 10.1058 10.0712 10.7415 10.6811 12.3538 9.99335 9.86686 9.29351 9.49253 12.1171 12.2362 9.10294 9.03648 9.7358 8.92464
threshold=1.5000000000000002 49.500000000000007 51.500000000000007 5.5000000000000009 73.500000000000014 63.500000000000007 77.500000000000014 97.500000000000014 4.5000000000000009 0.96037862758996828 66.984848484848499 5.5406157974986803 364.50000000000006 77.389385324402738 225.50000000000003 75.484693877551038 62.500000000000007 0.71538195734804189 387.50000000000006 1109.0000000000002 0.98516534058596117 0.010986855435658803 0.96468622107369739 3.5000000000000004 584.50000000000011 68.500000000000014 51.500000000000007 12.500000000000002 48.28304950501213 1455.5000000000002 0.98304240355734185 17.500000000000004 0.96227499284112772 0.011636738298498601 0.011946244871261152 0.94262351621976215 2454.0000000000005 73.500000000000014 64.500000000000014 72.348484848484858 176.50000000000003 51.500000000000007 524.50000000000011 49.980975853693394 201.50000000000003 0.57785295330421693 13.062500000000002 0.011980034604559152 44.890959968963735 3375.5000000000005
decision_type=2 2 2 2 2 2 2 2 2 10 10 10 2 8 2 10 2 2 2 2 10 2 8 2 2 2 2 2 10 10 10 2 10 2 2 10 2 2 2 10 2 2 2 10 2 2 8 2 10 2
left_child=1 13 8 6 5 21 11 12 -2 10 14 -4 32 30 -7 16 -13 19 25 23 26 28 33 -16 -25 41 -11 -28 -3 -15 31 -1 -6 -23 -14 -17 -5 38 -38 -40 -30 -18 -26 -44 -45 -46 -24 48 -33 -35
right_child=2 4 3 36 7 9 -8 -9 -10 20 -12 15 34 29 17 35 18 -19 -20 -21 -22 22 46 24 42 -27 27 -29 40 -31 -32 47 -34 49 -36 -37 37 -39 39 -41 -42 -43 43 44 45 -47 -48 -49 -50 -51
leaf_value=0.0061096517131223058 0.013002479895128356 -0.019010156316201121 0.0098445386804805329 0.018655644366522402 -0.0077610882755536894 0.015712221699125294 0.012094047610286394 -0.01431762639235584 0.019401848168992434 -0.010871040320570321 0.010155012177897112 0.0022506739593492323 -0.0037721964910567749 0.0096076105998495181 -0.018786058410540547 -0.0094048536164895429 -0.016202940729901898 -0.01991404794301424 0.017006368155338326 -0.016232625305238828 -0.020123999089260446 -0.017454657236032557 -0.023721141670426948 -0.023723719107762633 -0.023721960271579235 -0.0033902657405252587 -0.014478030039718474 0.0098664068560077988 -0.017523627860475385 -0.00058518924101784409 0.014515004780215703 0.0055375884012299811 0.00125842076483897 -0.0037441326321189451 0.0053543727996125702 0.0085736574045301404 0.013218227352313065 0.018972842936467487 -0.01420288843290448 0.0093692864431840356 -0.0067892386793001417 -0.0031387128401308747 -0.013646411579264588 0.015312884766858466 -0.021032902816552176 0.0069881045918723083 0.0034338217947873129 0.0033795310126138274 -0.0050804028763760268 -0.020913509638166666
leaf_weight=81.194217588170432 172.62675176776247 16.242807036876911 21.138939189724624 57.043981900409563 62.374265429803927 2.3534040581434956 41.528360669202812 22.147285279002972 151.43499648568104 177.94281368202064 5.0497121796943238 34.807226404227549 25.42467940547067 133.34960047819186 11.982740295934489 5.4346521961852003 32.6211753860116 117.55750874633668 3.2048707837238899 140.72800655517494 21.54031673585996 12.324192033673169 1.8194156220997681 4.388940344972073 2.235032637370753 33.865033205278451 5.2671835460932916 8.7155929121654463 13.825941455579594 18.333286452631 11.760488381027242 15.822225482959764 27.610776929650456 50.913886643305887 62.065214750626183 23.100710602535401 16.021056653233249 15.805986943218157 5.7494233262259495 6.8633290090365335 104.07956824888242 10.838765245396642 4.5704249581322101 8.9399215640733036 3.627513946965335 5.5448311123764142 38.306149896030547 73.417500241717789 52.389107214839896 4.6492020168225272
leaf_count=18336 19216 2123 609 943 22145 41 4653 4083 6890 6027 82 2270 6655 26077 583 277 897 5667 13 5029 888 2059 264 272 183 1684 194 142 1913 3995 1899 4023 7284 6117 12301 581 418 631 173 101 10891 279 228 159 195 91 3213 19002 15141 742
internal_value=-0.000192992 -0.00551445 0.0111598 0.00607505 -0.00981369 -0.0116875 0.00151425 -0.00265519 0.0159929 -0.0139125 -0.015905 -0.00114838 -0.0011998 0.00519538 -0.0163408 -0.00276358 -0.00472135 -0.0165926 -0.00773485 -0.0144474 -0.0110471 -0.00690577 -0.00383858 -0.00836284 -0.00410089 -0.00876036 -0.0100283 0.000695951 -0.00937538 0.00837565 0.00313899 0.00253855 -0.00499357 -0.00740913 0.00270218 0.00514952 0.0153572 0.011123 0.00678976 -0.00137599 -0.00804803 -0.0129448 -0.0006443 0.00162997 0.00548497 -0.00409411 0.00220234 0.000491263 -0.00261745 -0.00518089
internal_weight=1980.58 1348.49 632.085 308.024 962.227 762.605 206.54 199.622 324.062 520.444 306.978 165.011 177.475 386.266 301.928 143.872 115.337 299.575 80.5298 182.017 213.466 242.161 108.013 41.2894 29.3067 77.325 191.926 13.9828 134.148 151.683 234.584 222.823 89.985 67.8873 87.4899 28.5354 101.484 44.4398 28.6338 12.6128 117.906 43.4599 24.9177 22.6827 18.1123 9.17235 40.1256 141.629 68.2113 55.5631
internal_count=227679 188044 39635 13529 99571 47103 11263 52468 26106 19781 12530 6610 48385 88473 12448 6001 5143 12407 2873 6740 7251 27322 12395 1711 1128 2860 6363 336 14927 30072 58401 56502 29429 8918 18956 858 2266 1323 692 274 12804 1176 856 673 445 286 3477 38166 19164 6859
is_linear=0
shrinkage=0.0118628


Tree=1
num_leaves=51
num_cat=0
split_feature=21 21 9 11 22 16 5 6 7 22 9 24 24 0 17 0 24 24 5 0 7 22 22 18 15 9 0 17 20 17 7 8 25 24 24 9 0 16 2 6 19 6 15 16 13 17 7 7 24 4
split_gain=1181.21 367.782 165.543 121.032 101.016 78.0175 74.1162 84.5816 58.233 56.5477 60.6791 53.9781 51.7096 50.2501 46.4891 42.6802 42.1088 40.3369 34.1297 33.4611 37.0444 33.2714 32.7737 31.3914 30.9308 30.6514 31.3028 35.4504 30.2409 32.0702 33.8081 30.1965 29.6942 29.0153 28.5576 31.1816 28.2839 28.7392 27.6458 27.2897 50.3907 26.892 26.1938 26.1865 28.8544 30.5325 25.9881 25.7481 29.8237 42.1341
threshold=2.5000000000000004 8.5000000000000018 0.91258497954128281 125.50000000000001 6.1250000000000009 0.020149441834578653 0.031406183042546658 90.116166571097509 0.79259101584585856 48.045454545454554 0.95986399831890268 154.72656250000003 50.503616898148159 23.500000000000004 78.544246417317666 7.5000000000000009 16.051793981481485 209.05917245370375 0.013847002977437703 8.5000000000000018 0.3004831665275966 79.409586056644898 8.9264705882352953 172.50000000000003 74.500000000000014 0.9747040269181434 20.500000000000004 59.251540896218565 267.50000000000006 69.317622293504428 0.12810324476962778 7.2798353088724221 0.67543859649122817 158.40350115740742 140.38194444444449 0.98021172339145601 68.500000000000014 0.032999112093950504 587.50000000000011 58.612641108832399 0.46143764492388351 33.364862755366673 15.500000000000002 0.017826756457703152 763.50000000000011 69.07048497935682 0.85679954083179799 0.95961796644805641 46.545283564814824 4125.5000000000009
decision_type=2 2 10 2 10 2 2 10 2 10 10 2 2 2 2 2 2 2 2 2 2 10 10 2 2 10 2 2 2 2 2 10 10 2 2 10 2 2 2 10 2 10 2 2 2 2 2 2 2 2
left_child=2 3 4 17 6 9 7 19 11 10 39 18 38 15 21 34 32 22 23 -1 -21 -14 -2 -7 46 26 27 -25 42 -30 -31 47 -3 -18 35 -5 37 -10 -6 40 -4 -20 -12 44 -41 -46 -8 48 49 -17
right_child=1 16 5 13 12 8 24 -9 36 -11 28 -13 14 -15 -16 31 33 -19 41 20 -22 -23 -24 25 -26 -27 -28 -29 29 30 -32 -33 -34 -35 -36 -37 -38 -39 -40 43 -42 -43 -44 -45 45 -47 -48 -49 -50 -51
leaf_value=-0.006043685487475566 -0.0057442047166147764 0.0018149995549054869 -0.017766469531072547 0.0051499015520661924 0.013064395961948323 0.0041395226017839556 -0.00060642671348262419 0.0013541368792833867 -0.0075391342914000251 -0.00016260138242560294 -0.0040411799740350382 -0.0085944721856839601 -0.011558108906827633 0.0044091206287474264 0.011751541893720536 -0.0087891686256572569 0.012279046808848018 -0.013013824349102294 -0.012006719030321768 0.0084053587099264405 -0.016300179918668532 0.014246802133206735 0.011774438952450311 -0.021969184284327349 0.012551417927326461 0.00282936939921911 -0.0083479893578562378 0.0054178155450781479 -0.00497245520098281 -0.0085057949729361419 0.0057542069826733563 -0.020310784457238187 0.01856130400636552 -0.0027748995941512811 -0.0074160812840811333 -0.023827487309791336 -0.016755086213968613 0.0063129114712484483 -0.0037067975900811393 -0.0087688255364624761 -0.0068619461600049328 0.0049452760796401644 -0.012506459175713261 -0.015312062762041726 -0.0070189782935165352 0.0023909152603686797 -0.014302733047720031 0.01210038207557995 0.00010120256322126846 0.011293074680459189
leaf_weight=56.293731889105402 15.8335934006609 15.792118233628569 99.59784016024787 254.71068140631542 42.381337939761579 137.13969017600175 61.05648728297092 51.652903268812224 93.797958745039068 354.81533974560443 518.73868803383084 78.496041921898723 82.748141576419584 640.16454126592726 17.51176280900836 140.46309796487913 342.93204005318694 10.268245067913083 13.666237547411582 8.7225578203797323 409.81392480491195 7.6840295311994842 295.24307827523444 7.6312272619688875 16.817649988108315 95.17474720091559 142.68800460814964 51.779342914465815 112.35029720855528 28.333860191807617 134.2630008199485 13.237901840591801 263.99291049968451 19.016665265429765 31.430323852691799 5.3349345419555894 33.420305597479455 27.186376855708659 20.532449072576128 173.68616773787653 148.63398380065337 361.74370589159662 57.100362914730795 40.434000980458222 93.127510983496904 101.316350848414 28.640660089091398 17.19367210380733 217.11790097027551 16.420658394228667
leaf_count=2413 367 140 8291 2545 556 4871 4900 2689 5680 7783 29982 4062 4157 11209 330 1486 1826 317 1345 715 32440 134 2395 467 475 4031 9649 1229 6373 1702 5067 159 793 206 605 91 3350 968 609 12977 8952 14941 4121 3360 6335 5000 3080 127 2278 101
internal_value=-0.000145852 0.00653488 -0.00428716 0.00358259 -0.00905156 -0.00296884 -0.0112363 -0.0130621 -0.000370765 -0.00442346 -0.00542626 0.000798014 -0.000957309 0.00201046 -0.00593958 -0.00019607 0.0141598 0.0101191 0.00170843 -0.0146304 -0.0157853 -0.00936542 0.0108827 -0.000555479 -0.00221172 -0.0027214 -0.00533544 0.00189988 -0.00333518 -9.85073e-05 0.00326927 -0.0026901 0.0176161 0.0114881 0.00326448 0.00455539 -0.00709496 -0.00442643 0.00759098 -0.00813496 -0.0112372 0.00432815 -0.00488061 -0.00625014 -0.00525479 -0.00211589 -0.00497975 -0.0020938 -0.00274635 -0.00668719
internal_weight=6008.13 2299.15 3708.98 1657.42 803.856 2905.12 632.998 526.483 1042.72 1862.4 1507.58 888.319 170.858 1336.07 107.944 695.909 641.734 321.345 809.823 474.83 418.536 90.4322 311.077 434.413 106.515 297.273 202.099 59.4106 850.786 274.947 162.597 404.433 279.785 361.949 291.476 260.046 154.405 120.984 62.9138 656.796 248.232 375.41 575.839 408.564 368.13 194.444 89.6971 391.195 374.002 156.884
internal_count=227679 24645 203034 21680 52498 150536 46712 38257 50593 99943 92160 40595 5786 18601 4621 7392 2965 3079 36533 35568 33155 4291 2762 20247 8455 15376 11345 1696 47245 13142 6769 4151 933 2032 3241 2636 9998 6648 1165 44915 17243 16286 34103 27672 24312 11335 7980 3992 3865 1587
is_linear=0
shrinkage=0.0118628


Tree=2
num_leaves=51
num_cat=0
split_feature=21 22 21 9 0 11 5 6 10 9 24 16 9 5 6 0 4 17 13 18 16 11 2 22 0 19 1 24 24 25 1 20 8 7 11 7 15 16 20 18 0 20 0 6 25 24 8 25 25 9
split_gain=1233.13 251.435 187.8 166.839 117.566 98.2676 75.1704 66.6313 47.9034 43.0602 40.5285 38.0091 35.2567 34.6925 46.2063 35.6116 34.3528 30.0936 29.3229 29.2325 27.7256 29.7319 31.4184 27.2717 26.2167 26.3705 25.7308 25.2491 26.4239 59.1465 39.2756 29.6196 32.042 27.582 25.2187 29.3214 29.4686 24.8665 26.9797 36.4966 26.9153 28.3489 24.7902 24.7117 24.3934 38.7687 24.2518 23.6669 23.3663 30.4534
threshold=3.5000000000000004 35.675438596491233 13.500000000000002 0.95885939469470405 16.500000000000004 174.50000000000003 0.015055112586176601 86.105942136674855 1455.5000000000002 0.88711185818755511 155.73770254629633 0.026771745158800604 0.88711185818755511 0.0103125010070801 71.509923149875888 44.500000000000007 3512.5000000000005 84.053923991542419 274.50000000000006 252.50000000000003 0.011328203230370452 183.50000000000003 607.50000000000011 7.1000000000000005 34.500000000000007 0.56882072789862703 808.50000000000011 3.1766493055555558 44.30150462962964 0.77097902097902116 4321.5000000000009 153.50000000000003 6.9957339511153434 0.90822466161469984 439.50000000000006 0.36837074075750037 10.500000000000002 0.043322885201147555 215.50000000000003 307.50000000000006 23.500000000000004 364.50000000000006 96.500000000000014 66.973231074988732 0.65108695652173931 28.957754629629633 5.0248014435634056 0.67543859649122817 0.27589852008456661 0.93050198802469908
decision_type=2 10 2 10 2 2 2 10 10 8 2 2 10 2 10 2 2 2 2 2 2 2 2 10 2 2 2 2 2 10 2 2 8 2 2 2 2 2 2 2 2 2 2 10 10 2 10 8 10 8
left_child=1 3 5 4 11 44 7 9 46 -6 27 -1 -8 14 15 26 -12 -15 -9 -13 -14 22 43 24 -16 -26 47 48 29 30 31 32 -29 -30 -20 -36 -37 38 39 -11 41 -40 -33 -22 45 -2 -3 -5 49 -7
right_child=2 8 -4 13 6 10 12 18 -10 37 16 19 20 17 23 -17 -18 -19 34 -21 21 -23 -24 -25 25 -27 -28 28 33 -31 -32 42 -34 -35 35 36 -38 -39 40 -41 -42 -43 -44 -45 -46 -47 -48 -49 -50 -51
leaf_value=-0.0040172905207094874 -0.0066369672615861621 0.010220358406958036 0.015416432992608982 -0.02112990433222784 -0.018791482744687414 0.013279550046063829 -0.011871180632351647 0.0098323596738768854 -0.0062256020505137687 -0.015161708631535866 -0.010407855318758727 0.0066782371036321359 -0.011478939495738702 0.00063503598165159849 0.0011261332623543334 -0.013823343924819195 0.0076004285794977694 -0.01283927870384672 -0.01573696576816935 -0.019499992878103389 -0.0020417594287775558 -0.00058342761585533859 -0.019769026460296067 -0.017259068875533006 -0.0024969332994782571 -0.012150404724915548 -0.0088618516246827244 0.0064738167325340172 0.0067599864240106703 0.0079588804211846546 0.010439667719962529 -0.0074532980098524241 -0.02144364342388045 -0.011037191674261612 -0.012896480331838454 -0.014878751358754213 0.0071260926089284603 0.0075749824503902278 0.0074522650699988778 0.0051901134031468983 -0.010445780176709486 -0.020202516513508063 0.014657210396014395 -0.022402006131161049 0.012739644114381768 0.009817220291566852 0.0020241944080753136 0.0048635465536424156 0.016021649415450253 -0.019333403102439615
leaf_weight=300.6323135800194 25.202728159260005 54.117712795501575 401.30995336081833 5.5095281379763037 147.70671571232378 9.6785323685035127 107.94915795524139 19.077863706275821 97.748768321471289 282.54358465760015 47.11567965359427 83.089829672244377 62.829212348442525 547.56801993650151 265.7739457138814 96.054409649688751 21.805935095297173 24.363096848595887 28.276871165726334 6.4699832496698937 69.081179170520045 236.87250271206722 25.053209370933473 16.116858761524782 266.67343032266945 46.812253479729407 70.367016684031114 54.058331118780188 407.94106106320396 143.90153758181259 32.793818983249366 142.40925122948829 6.4785406360169864 12.633733266964553 26.143386552575976 10.832727196626363 40.894609066657722 9.3933715256862325 24.128355501918126 12.968896993668748 199.04871731903404 6.654786658473312 7.5121403438970438 9.5481708412989956 301.29312163032591 100.53228695783764 829.52011640300043 46.781648572068661 48.361726788338274 6.9026503911009049
leaf_count=14240 378 922 1307 223 12546 62 10379 706 3266 22835 1100 1955 6304 27488 8587 8195 370 2030 3078 384 6120 14338 2166 1040 15368 3822 4104 626 4267 1024 268 2214 167 315 1872 1274 1757 296 711 516 13643 484 49 690 2229 999 19001 1624 193 147
internal_value=1.21673e-05 -0.00357763 0.00828039 -0.00523655 -0.0077167 0.00618794 -0.00940888 -0.0116622 0.00165446 -0.0131218 0.00404728 -0.00199646 -0.00584968 -0.0021781 -0.0037512 -0.00841413 -0.00471025 6.10504e-05 -0.003708 0.004787 -0.00423827 -0.00290242 -0.00820037 -0.00203825 -0.00161475 -0.00393848 -0.00417812 0.00473893 0.00416677 0.00193046 -0.00163581 -0.00351743 0.00348604 0.00622536 -0.00614162 -0.00265726 0.00251778 -0.0115556 -0.0118977 -0.0142685 -0.00884932 0.00147362 -0.00634537 -0.00451424 0.0109081 0.00651908 0.00252617 0.00212469 0.0118552 -0.000297149
internal_weight=5846.53 4076.6 1769.93 3095.22 1709.2 1368.62 1319 807.67 981.387 682.444 941.593 390.192 511.333 1386.02 814.089 218.713 68.9216 571.931 125.225 89.5598 403.384 340.555 103.683 595.376 579.26 313.486 122.658 872.671 807.728 387.154 243.252 210.458 60.5369 420.575 106.148 77.8707 51.7273 534.738 525.344 295.512 229.832 30.7831 149.921 78.6294 427.028 125.735 883.638 52.2912 64.9429 16.5812
internal_count=227679 211964 15715 188775 116294 14408 99715 59718 23189 51031 10802 16579 39997 72481 42963 14146 1470 29518 8687 2339 29618 23314 8976 28817 27777 19190 5951 9332 8930 4348 3324 3056 793 4582 7981 4903 3031 38485 38189 23351 14838 1195 2263 6810 3606 1377 19923 1847 402 209
is_linear=0
shrinkage=0.0118628


Tree=3
num_leaves=51
num_cat=0
split_feature=21 22 9 21 0 11 11 16 5 6 6 7 24 4 16 1 16 8 5 10 9 20 13 24 11 9 16 22 19 4 24 7 20 5 24 7 25 18 18 19 9 7 22 2 25 5 15 5 11 15
split_gain=1304.52 193.564 156.022 150.742 108.077 74.4885 57.7985 51.6023 42.8549 50.1308 37.6398 36.94 33.6171 32.7357 32.4608 35.4905 31.9709 31.3678 30.0802 36.5535 29.0835 33.675 28.6723 26.016 25.9217 25.5697 24.975 25.0803 24.566 24.1344 33.6121 42.9139 35.0735 31.2799 40.9673 32.591 27.2307 23.5812 24.9546 23.5504 23.1193 23.05 22.8937 30.1461 22.8507 22.0582 21.9541 21.9481 23.6615 21.9048
threshold=3.5000000000000004 35.055555555555564 0.95885939469470405 8.5000000000000018 16.500000000000004 185.50000000000003 172.50000000000003 0.043322885201147555 0.019377613356065453 89.819521314424378 79.514828924842689 0.59187995809010641 6.4359085648148158 2704.0000000000005 0.022410596501641154 851.00000000000011 0.0082145625513301516 5.0248014435634056 0.011448281308547801 644.50000000000011 0.97652617314198487 230.50000000000003 773.50000000000011 99.962239583333357 947.50000000000011 0.91543328795312551 0.027321942007989954 76.26136363636364 0.34626262082127685 927.50000000000011 31.32581018518519 0.75509712945152119 110.50000000000001 0.043540417068092106 5.4687500000000009 0.061630937164061955 0.48333333333333339 182.50000000000003 172.50000000000003 0.10934987942122186 0.95498068937467495 0.55202509675647715 60.81666666666667 1102.0000000000002 0.32051282051282054 0.0019409964213631503 88.500000000000014 0.0077021556787381009 134.50000000000003 43.500000000000007
decision_type=2 10 10 2 2 2 2 2 2 10 10 2 2 2 2 2 2 10 2 10 10 2 2 2 2 10 2 10 2 2 2 2 2 2 2 2 10 2 2 2 10 2 10 2 10 2 2 2 2 2
left_child=1 2 4 6 10 18 -2 8 9 11 14 13 -5 25 15 37 -10 -3 -6 -20 21 -4 39 -8 26 -7 29 42 44 33 31 32 -31 34 -19 -36 -32 38 -1 -23 -11 -35 43 -28 -14 -26 -13 -24 -49 -25
right_child=3 17 20 12 5 7 23 -9 16 40 -12 46 28 -15 -16 -17 -18 24 19 -21 -22 22 47 49 45 -27 27 -29 -30 30 36 -33 -34 41 35 -37 -38 -39 -40 -41 -42 -43 -44 -45 -46 -47 -48 48 -50 -51
leaf_value=-0.001621302127674158 0.010145157165428395 0.0093202711990833485 -0.0058304463530097304 0.017273871033398933 -0.015137223781466591 -0.019972889771849724 0.0050997593424425246 0.011717481690553774 -0.020217252329655048 0.0017961114842078309 0.0046774051399944882 -0.016975645202391924 0.012868706915272855 -0.014063401926230307 0.00085190090182593495 -0.010864186683999433 -0.0021435757155199952 0.012716313871679822 -0.007157435933474305 -0.018983300114907328 -0.00032455625000725561 -0.0064619650746776374 -0.0055579200039991864 -0.0035368442256564908 0.0011955380713984162 -0.0030848439781337579 -0.0050908946914129966 -0.01839889482921556 0.012094459373227969 0.0069367029326353712 0.0039181590755866264 0.0093152944739317862 -0.012268358082279678 -0.006480207437804579 0.0061566167482044317 -0.012809156519718534 -0.0026130479814903814 -0.011273103410953451 0.017899641823833554 0.01520121619273712 -0.013048406504193992 0.015835212302020566 0.011951277890010763 0.013383289641257628 -0.0073473423081485498 -0.012680229328567086 0.0054426516058058991 -0.014101349016465134 0.002945495374860308 0.0072577358453643223
leaf_weight=25.451955883065239 310.4276188921649 58.046759178396314 453.274530693423 189.67399251786992 303.33585439785384 14.033081562723963 601.37572240864392 20.5033399972599 14.686158040189182 68.637531139072962 88.260790035827085 140.89542178052943 13.815187191590665 87.159685158636421 111.93338372942526 123.08283947734162 221.4795564871747 12.788894564844666 187.82248732133303 45.739386279135942 620.22735933744116 9.708556425990535 128.02647326223087 99.196803773520514 27.882506983820349 124.9617791462224 35.276133700273931 5.7236578150186679 454.20565899321809 16.482838451396674 382.97778886603191 23.775005583185703 71.127578783314675 10.812406735029073 15.090986245777456 82.208863200503401 117.36474903149065 16.897889723768458 14.445822344161568 25.903663449920714 18.810312451794744 16.383241971954703 62.211099722189829 19.192522764205933 18.277719119563699 38.224467122112401 6.4275579270906738 12.663699900731443 120.36601839511422 36.07503063720651
leaf_count=1185 2927 927 29963 467 25206 1423 7083 482 2225 3420 3178 13012 67 6174 3492 7420 14970 96 17521 4724 28303 600 7290 2219 578 9022 1015 228 2224 260 8641 347 1937 266 185 2370 3619 1093 192 468 1210 143 724 297 207 1700 254 861 4943 521
internal_value=4.14892e-05 -0.00367547 -0.00517752 0.00867096 -0.00765245 -0.00933145 0.00585172 -0.00683108 -0.00737665 -0.00948205 -0.00211062 -0.0113751 0.0130379 -0.00836393 -0.00416371 -0.00728479 -0.00326753 0.000857877 -0.0126733 -0.00947337 -0.00222503 -0.00379677 -0.000689558 0.00404244 0.000333925 -0.00478993 0.000877223 0.00584513 0.0113857 6.53668e-05 0.00107414 -0.00481937 -0.00865515 -0.00442961 -0.00724402 -0.0098676 0.00238614 0.000472211 0.00544675 0.00929542 -0.00139703 0.00696311 0.00703446 0.00141869 0.0013552 -0.00682775 -0.0159975 -0.00205168 0.0013227 -0.000658076
internal_weight=5723.35 4000.3 3004.74 1723.05 1634.56 1254.49 1047.08 717.594 697.091 460.925 380.073 373.478 675.973 226.155 291.812 179.879 236.166 995.57 536.898 233.562 1370.17 749.943 296.668 736.648 937.523 138.995 871.416 122.403 486.299 749.012 611.728 111.385 87.6104 137.284 110.089 97.2998 500.343 56.7957 39.8978 35.6122 87.4478 27.1956 116.68 54.4687 32.0929 66.107 147.323 261.056 133.03 135.272
internal_count=227679 211964 188631 15715 116203 99643 12750 52192 51710 34515 16560 29885 2965 16619 13382 9890 17195 23333 47451 22245 72428 44125 14162 9823 22406 10445 20128 2264 2498 17864 14804 2544 2197 3060 2651 2555 12260 2470 1377 1068 4630 409 2036 1312 274 2278 13266 13094 5804 2740
is_linear=0
shrinkage=0.0118628


Tree=4
num_leaves=51
num_cat=0
split_feature=21 21 22 7 0 5 11 9 16 5 6 10 6 19 4 9 1 16 24 22 9 17 22 24 0 9 14 10 10 0 6 7 6 9 20 13 16 15 14 20 24 11 14 18 24 16 4 24 11 5
split_gain=1217.86 193.316 136.873 138.866 87.93 68.5496 59.3794 57.6404 50.48 49.1436 50.4683 39.2671 34.6464 33.2675 32.3798 31.5068 30.4993 29.1267 28.8656 28.047 27.597 26.6713 25.9883 36.6761 28.4161 30.6652 28.0706 24.8162 35.121 28.7537 26.0208 24.88 24.9641 24.2964 23.7011 23.6196 24.6463 23.0554 23.0241 23.0644 22.9288 22.8663 22.7837 22.6612 22.2502 21.8685 21.6439 21.358 21.0673 20.9832
threshold=2.5000000000000004 8.5000000000000018 48.045454545454554 0.81378916406229485 34.500000000000007 0.015055112586176601 125.50000000000001 0.96642369463121269 0.021009081621710054 0.015677873271701153 93.509563287865191 239.50000000000003 90.902054139419008 0.63286641213622807 435.50000000000006 0.9465787420772136 2574.0000000000005 0.043322885201147555 3.1766493055555558 13.91666666666667 0.8601958007060343 61.295513779777494 60.035714285714292 228.49392361111114 62.500000000000007 0.97667379671387555 923.00000000000011 1129.5000000000002 790.00000000000011 5.5000000000000009 40.428855265625522 0.31053683581905839 43.921408664829059 0.9261728840903195 89.500000000000014 1351.0000000000002 0.014879370983249752 12.500000000000002 369.50000000000006 276.50000000000006 57.513165509259267 78.500000000000014 176.50000000000003 127.50000000000001 86.339988425925938 0.0271558284927545 967.00000000000011 326.95196759259267 183.50000000000003 0.084624114835595163
decision_type=2 2 10 2 2 2 2 8 2 2 10 10 10 2 2 10 2 2 2 8 10 2 10 2 2 10 2 8 10 2 10 2 10 10 2 2 2 2 2 2 2 2 2 2 2 2 2 2 2 2
left_child=2 6 3 4 8 7 -2 12 11 10 33 -1 17 49 44 20 -3 -6 -8 -7 -13 34 23 24 25 42 -26 28 31 -30 -31 48 -33 -5 46 37 -37 -15 -12 -40 -18 -36 -20 -42 -4 -45 -10 -16 -23 -11
right_child=1 16 14 9 5 19 18 -9 21 13 38 15 -14 35 47 -17 40 -19 22 -21 -22 27 -24 -25 26 -27 -28 -29 29 30 -32 32 -34 -35 41 36 -38 -39 39 -41 43 -43 -44 45 -46 -47 -48 -49 -50 -51
leaf_value=0.0061629171287422187 0.0097477851092402194 0.014742549444413677 0.016898119583547526 -0.017376634094910717 -0.012572386363068405 -0.011161749070831241 0.011161552557621487 -0.0045610800341451532 0.020494437401786893 -0.011233352955687953 -0.012871932844142932 0.0031244326238908868 -0.0021528731061602416 0.002839765627978697 0.00085368155701937552 -0.0026503936577886942 0.011146796781759869 0.0073720859737044855 -0.02021410958587706 -0.001617653353505513 -0.010797141938837771 0.0048057487538329209 0.004248389532278807 -0.022895793577394397 -0.013227311561905923 -0.019565063527969571 0.0056563245505800337 -0.0037406848171292121 -0.017175387136991668 -0.021749414765477509 0.01372704738445321 -0.015224524543842361 0.0057864044867980344 -0.010639043792641505 0.0075776383678422873 -0.013177034243134213 0.008836015345607337 -0.021103148692298169 0.01402678820231743 -0.016460510466256059 0.016726281570457278 -0.0071635041525477255 0.0041452264051997584 -0.0072933459457791075 -0.0041304758269460878 0.01363511277303955 -0.011402298448992404 -0.023583007702423733 -0.016183064959541079 0.00086808861406259064
leaf_weight=55.290143294725567 275.65891756443307 377.7556672943756 29.52608743077144 188.6531710496638 394.0544440645026 47.806645168922842 67.416488023940474 372.73128864075989 10.469035417307166 124.93524358654395 11.509854477131737 23.448080528294668 56.745851542102173 10.938349070725964 476.29785413737409 444.22159568022471 236.75636069336906 10.580777768045662 5.5436315517872563 462.70110696996562 137.7847604281269 10.880696073174478 813.20183933270164 9.4411874148063344 34.402625911170617 8.4030567157315073 16.338722533080727 49.980177114135586 4.825357273919507 3.0094487378373733 87.326697805896401 8.6042855596169812 105.881492074579 125.37820848985575 17.763041432481259 8.6476851599290949 41.529167531291023 11.727358607575296 17.329375011147935 4.3729369973298153 11.686150145716963 89.01560394524131 213.07655555359088 28.668826211709529 9.3144838656298798 9.3067520624026638 4.1923972852528086 5.0866699495818457 17.640116373659112 24.044159206270706
leaf_count=1890 3079 1409 181 16995 33542 4274 574 24655 72 11784 1104 998 3439 694 12963 19199 1116 253 160 30967 9920 242 12072 556 1188 206 296 2007 251 185 1454 444 2494 10570 499 884 1592 1651 477 383 52 4166 3549 351 265 37 193 389 733 1225
internal_value=0.000106876 0.00723256 -0.00417893 -0.00515784 -0.00391558 -0.00593515 0.00479556 -0.00803061 -0.00137846 -0.0104296 -0.0132159 -0.00340681 -0.0108335 -0.00606792 0.00143612 -0.00428072 0.012529 -0.0120509 0.0036266 -0.00251142 -0.00877253 0.00189366 0.00316497 9.73576e-05 0.000878919 0.00267273 -0.00714678 0.00385886 0.00545365 0.011038 0.0125451 0.0017376 0.00420727 -0.0146866 -0.0027693 0.000502067 0.00504213 -0.00954855 0.000690566 0.00788355 0.00960958 -0.00471124 0.00352751 0.00228103 0.0118552 -0.00216429 0.0113736 0.000595449 -0.00817586 -0.00928027
internal_weight=5611.9 2107.66 3504.24 2984.02 2414.95 1344.62 1443.48 834.112 1070.33 569.066 347.244 660.745 461.381 221.822 520.225 605.454 664.174 404.635 1167.82 510.508 161.233 409.588 1100.41 287.206 277.765 227.023 50.7413 288.148 238.168 95.1615 90.3361 143.007 114.486 314.031 121.44 72.8426 50.1769 22.6657 33.2122 21.7023 286.418 106.779 218.62 49.6617 38.8406 37.9756 14.6614 481.385 28.5208 148.979
internal_count=227679 24645 203034 189236 141877 97130 21680 61889 44747 47359 29529 32007 37234 17830 13798 30117 2965 33795 18601 35241 10918 12740 18027 5955 5399 3915 1484 7810 5803 1890 1639 3913 2938 27565 4930 4821 2476 2345 1964 860 1556 4665 3709 440 446 388 265 13352 975 13009
is_linear=0
shrinkage=0.0118628


Tree=5
num_leaves=51
num_cat=0
split_feature=21 21 0 22 9 16 16 9 5 8 7 6 24 5 13 8 4 19 3 19 21 9 18 5 14 16 7 15 0 3 4 11 17 16 11 9 25 22 18 5 11 18 24 7 19 19 15 0 18 1
split_gain=1120.04 188.47 130.905 136.054 96.7485 61.5382 58.3164 72.3911 54.1185 52.2883 41.4948 37.2817 37.2523 39.1828 33.7799 32.8734 29.0571 40.9551 28.416 28.3747 27.5671 27.2231 33.2728 35.7942 26.2014 25.8813 25.3407 24.3511 30.7035 23.8644 22.4273 21.3474 20.8437 29.8636 22.7561 25.3326 27.0392 32.1021 21.0735 30.8235 29.7631 22.5042 21.7913 20.7607 20.5449 20.4769 21.0873 33.741 20.3935 20.1884
threshold=2.5000000000000004 8.5000000000000018 34.500000000000007 16.928571428571434 0.96227499284112772 0.043322885201147555 0.021009081621710054 0.94708212146677984 0.011448281308547801 5.3517591179016355 0.80089745372764254 90.902054139419008 66.504050925925938 0.0048980546966736005 290.50000000000006 7.3816614920402222 505.50000000000006 0.11493518823449127 11.500000000000002 0.76599733636413714 19.500000000000004 0.92414554178462416 192.50000000000003 0.065133316636422717 206.50000000000003 0.013373455189311902 0.17678821174961559 47.500000000000007 86.500000000000014 232.00000000000003 1756.5000000000002 125.50000000000001 64.062232899865805 0.024151937935167001 1194.0000000000002 0.91352605264843556 0.65108695652173931 75.7638888888889 162.50000000000003 0.0050001892996413009 201.50000000000003 197.50000000000003 189.11385995370372 0.3888174789815963 0.62581333660714111 0.52700395067198358 11.500000000000002 82.500000000000014 182.50000000000003 1570.5000000000002
decision_type=2 2 2 10 10 2 2 8 2 10 2 10 2 2 2 10 2 2 2 2 2 10 2 2 2 2 2 2 2 2 2 2 2 2 2 10 10 10 2 2 2 2 2 2 2 2 2 2 2 2
left_child=2 9 6 4 5 8 7 -1 11 25 27 15 13 -5 -8 -4 17 -9 45 -12 30 22 -16 -24 -23 -2 -20 28 -10 -26 -3 -11 34 38 35 -33 37 -37 42 44 -41 -42 49 -14 -40 46 -6 -48 -13 -34
right_child=1 20 3 12 18 -7 14 16 10 31 19 48 43 -15 21 -17 -18 -19 26 -21 -22 24 23 -25 29 -27 -28 -29 -30 -31 -32 32 33 -35 -36 36 -38 -39 39 40 41 -43 -44 -45 -46 -47 47 -49 -50 -51
leaf_value=-0.0079113578698152259 0.0013304652046726272 0.014120842021125178 -0.014922539818499799 -0.0058534784255767766 -0.0079188740724363167 0.0081372013665962396 0.015085150142149709 -0.017534487738146996 -0.0045665662812007235 0.0076090898523920314 -0.015084937280094218 0.0018076598851940262 -0.0080278023066543969 0.0094189024880646961 0.00066522038706486757 0.022125052640360323 -0.0022693701400180364 0.0060171970558081656 -0.0078138353821766478 0.0030789817361933556 0.015630963544186523 -0.0065218100601894197 -0.015438922642321598 0.013784266244737026 0.0038058454546309054 0.014180202849569506 0.0003131618714528726 0.0035586655821858099 -0.015786838455234885 -0.02181512310612533 0.008459945521714602 -0.0077161127868141709 -0.0059462709029973687 0.0096797007995096974 -0.017163392189175657 -0.005911783903662959 0.006206206141258044 0.0057979063689564707 0.0094796753908761248 0.010438232778931654 0.0022717974851978106 -0.0081980081174368221 -0.015288797911289009 0.00041984333200888332 -0.005119585041123813 -0.011553081380043651 0.0018807563613986071 -0.014144945485542298 -0.01307693202208083 0.0028692328868684808
leaf_weight=318.44576165336184 27.702077309601009 153.54420061036944 408.66124139702879 30.964645812986419 142.03258286812343 25.307459021918476 24.640056652016938 11.375645935535429 208.48838118358981 181.25898762000725 114.03120012069121 32.445924491621554 62.576320090563968 99.940781359793618 90.255662537645549 3.3982720561325541 519.03400863928255 119.94317744660657 69.647622397053055 13.539710747776551 223.31375708710402 41.310333411791362 42.88494076137431 6.8386758407577863 361.67698099929839 108.26954431645572 240.19493169814814 39.978704688604921 41.083335514413193 5.1890980955213299 274.66853387420997 38.950598516501486 42.617103995988145 121.02546868962236 9.7494034459814412 82.328299464192241 138.31161685893312 54.928378602024168 182.5881136523094 39.916563185863197 85.025200740201399 43.759573984425515 11.1293010818772 118.40046610170975 14.653298489050938 84.078964147018269 97.256123234168626 22.827433015685529 21.561406173510477 257.11263735638931
leaf_count=21563 512 609 39128 1129 10687 769 305 395 17725 2209 12733 1873 3214 1973 3366 104 22032 3119 4615 741 669 1723 3226 255 10438 888 13015 2255 4644 417 1687 985 775 1346 283 2050 1988 605 2090 424 1539 1129 503 4969 338 7898 4816 1787 2120 4016
internal_value=0.000119176 0.00695825 -0.0040644 -0.00616865 -0.00759485 -0.0101016 -0.00150312 -0.00327722 -0.0106243 0.004562 -0.00752024 -0.0134023 0.000985754 0.00580634 0.00149752 -0.014617 -0.00100811 0.00397697 -0.00412338 -0.0131571 0.012252 0.000886733 -0.00362761 -0.0114197 0.00243488 0.0115623 -0.00151366 -0.00503672 -0.00641361 0.00344343 0.0104898 0.0038317 0.00322151 0.00425226 0.000685439 0.00123873 0.00250448 -0.00122571 0.00328173 0.00521102 0.0014883 -0.00128573 0.00101056 -0.00250111 0.00839507 -0.00645906 -0.00482504 -0.0011657 -0.00413478 0.00161579
internal_weight=5508.86 2090.85 3418.01 1876.42 1564.53 908.496 1541.59 968.799 883.188 1439.33 417.121 466.067 311.882 130.905 572.796 412.06 650.353 131.319 656.038 127.571 651.526 548.156 139.979 49.7236 408.176 135.972 309.843 289.55 249.572 366.866 428.213 1303.35 1122.1 797.827 324.268 314.519 275.568 137.257 676.802 365.943 168.701 128.785 310.859 180.977 197.241 346.195 262.116 120.084 54.0073 299.73
internal_count=227679 24645 203034 136195 124910 82092 66839 47109 81323 21680 38098 43225 11285 3102 19730 39232 25546 3514 42818 13474 2965 19425 6847 3481 12578 1400 17630 24624 22369 10855 2296 20280 18071 12160 5911 5628 4643 2655 10814 5520 3092 2668 5294 8183 2428 25188 17290 6603 3993 4791
is_linear=0
shrinkage=0.0118628


Tree=6
num_leaves=51
num_cat=0
split_feature=21 21 22 7 16 0 5 8 6 0 9 6 15 10 20 9 5 9 20 4 1 24 8 14 5 16 4 19 10 0 16 8 24 7 24 1 1 6 9 18 14 6 17 13 16 0 4 5 4 11
split_gain=1096.77 160.317 115.78 124.771 94.4077 53.4725 52.4799 50.6567 49.4927 48.4168 42.4713 40.2983 37.2468 34.4116 33.9923 33.3823 42.3394 32.2581 31.2998 28.4389 28.3264 26.9146 25.2323 24.7315 24.4131 23.4859 23.3976 22.6355 29.7292 24.1187 22.1425 21.3975 21.0868 23.7268 21.2571 29.917 21.1857 22.2473 20.5317 29.9617 19.9205 19.9068 19.6533 19.9531 19.6507 19.151 18.7447 18.5356 20.5896 18.4517
threshold=2.5000000000000004 8.5000000000000018 46.757352941176478 0.81378916406229485 0.020149441834578653 10.500000000000002 0.015677873271701153 5.3517591179016355 93.509563287865191 34.500000000000007 0.95360498819808936 90.902054139419008 30.500000000000004 1206.5000000000002 95.500000000000014 0.96617254551929121 0.013847002977437703 0.92414554178462416 320.50000000000006 435.50000000000006 2574.0000000000005 28.180266203703706 4.4256263911719724 369.50000000000006 0.12336877083088292 0.043322885201147555 3070.0000000000005 0.76599733636413714 1199.5000000000002 15.500000000000002 0.013373455189311902 6.6691412247503985 24.315972222222225 0.97825528162407605 202.88903356481484 2630.5000000000005 683.50000000000011 48.28304950501213 0.94563584108808063 222.50000000000003 1709.0000000000002 60.193090708156376 61.69084331122405 316.50000000000006 0.022980739360049653 40.500000000000007 3933.5000000000005 0.009284334077995551 2844.5000000000005 107.50000000000001
decision_type=2 2 10 2 2 2 2 10 10 2 8 10 2 10 2 8 2 10 2 2 2 2 8 2 2 2 2 2 10 2 2 8 2 2 2 2 2 10 10 2 2 10 2 2 2 2 2 2 2 2
left_child=2 7 3 4 5 13 8 30 -5 14 11 26 38 -1 31 16 25 22 45 -4 -3 42 -16 -10 -19 -11 40 28 29 -14 -2 -6 33 -21 36 -36 37 -34 39 -8 -7 -18 44 -44 -17 -12 -24 48 -38 -20
right_child=1 20 19 6 9 10 12 -9 23 15 18 -13 27 -15 17 21 41 24 49 32 -22 -23 46 -25 -26 -27 -28 -29 -30 -31 -32 -33 34 -35 35 -37 47 -39 -40 -41 -42 -43 43 -45 -46 -47 -48 -49 -50 -51
leaf_value=0.0017716551167324187 0.00054479855232222288 0.014115243147295958 0.010546977482238753 -0.014594192660264531 0.011654319104373877 -0.0096796965324083776 -0.017176567989631034 0.0040469020413514403 -0.015306044221953597 -0.012966954551733993 -0.0040346585530958625 0.0057532897291796324 0.0046145953519445776 -0.013568100526885788 0.0096945775843674357 0.0041025881150881073 -0.0073411050759434777 0.0024075154030531471 -0.014106686262631236 -0.0090360494931745524 0.0090816973104102527 -0.01726550268415265 -0.013068057550221921 0.0070748025301774972 -0.022458388789829965 0.0047441463698713335 -0.016659924904554164 0.01234269595836893 0.015048148762531839 -0.011602342248267521 0.013717873616025543 -0.0083955624391354455 0.012615361577958926 0.018666436970451946 -0.00033950814631694091 -0.018097457530707042 0.0019431404481177709 -0.02134906125643847 -0.0018461969067453165 -0.0026114352900884581 0.010648721389578822 0.0015823529304286211 -0.018587727691211673 0.0043326859730440362 -0.0086049930551962469 -0.0085629915771135972 0.009278075150316558 0.0058081770857239421 -0.010455828810818872 -2.8444480351267531e-06
leaf_weight=173.65189022500999 21.28650425421074 360.91063931491226 42.150638873921707 294.13348873576615 64.206922508310527 316.62510143546388 62.313005146104842 1289.3444183022948 9.7896722331643087 113.6832635155879 240.21982498432044 22.354267424670979 19.626432462595403 23.346289504319429 10.336096320999784 26.599657963495702 58.157449305406772 322.44606716057751 14.043434523977337 49.316727813798934 278.92773681809194 12.18962839222513 47.140963002108037 23.935569128487259 5.6534072761423877 11.612411861307917 73.469018392614089 18.046808955259621 11.242919544689356 37.688743068370968 114.78897634334862 8.4795250813476724 3.7505219262093297 4.7715213652700177 58.53226245730184 17.295437316875905 127.74461801256984 9.8174159016925824 34.98609491228126 29.183406960684806 6.9319440273102364 89.047947021550499 5.5620079149957737 136.71505053469446 48.074441821838263 290.20377219980583 5.9490088280290356 173.67286816734122 22.108891823329031 185.15956890652888
leaf_count=6790 512 1409 460 27540 1045 29256 7488 20280 1104 10355 12535 1373 707 1665 164 1216 5023 9034 932 1532 1556 1237 2878 860 496 265 6913 489 233 3669 888 386 65 33 2262 1178 3185 463 2948 2277 273 5166 464 5744 3473 25746 242 3928 975 8967
internal_value=0.000183783 0.00698779 -0.00399593 -0.00492596 -0.00372589 -0.00575657 -0.0100547 0.00477341 -0.0130335 -0.000895954 -0.00673561 -0.00974389 -0.00547147 -4.6282e-05 0.00186505 -0.00345095 -0.00625712 0.000481913 -0.00500648 0.00121499 0.011921 -0.000113758 -0.00726258 0.000578062 0.00197903 -0.0113255 -0.0106165 0.000522239 -0.00258935 -0.00604918 0.0116572 0.00931529 0.00037271 -0.00659211 0.00128503 -0.00438996 0.00256159 -0.0119604 -0.00957547 -0.0125309 -0.00924417 -0.00194311 0.000849956 0.00343662 -0.00407843 -0.00651219 -0.010564 0.00317062 0.000113818 -0.000997161
internal_weight=5427.22 2065.26 3361.97 2852.81 2311.86 1346.01 540.946 1425.42 327.859 965.854 1149.01 419.38 213.087 196.998 464.212 501.642 272.501 391.526 729.627 509.161 639.838 229.141 63.4261 33.7252 328.099 125.296 397.026 86.6049 68.5581 57.3152 136.075 72.6864 467.01 54.0882 412.922 75.8277 337.094 13.5679 126.483 91.4964 323.557 147.205 216.951 142.277 74.6741 530.424 53.09 323.526 149.854 199.203
internal_count=227679 24645 203034 188953 141638 94450 47315 21680 29504 47188 85995 37815 17811 8455 14245 32943 20809 12814 48180 14081 2965 12134 3284 1964 9530 10620 36442 5098 4609 4376 1400 1431 13621 1565 12056 3440 8616 528 12713 9765 29529 10189 10897 6208 4689 38281 3120 8088 4160 9899
is_linear=0
shrinkage=0.0118628


Tree=7
num_leaves=51
num_cat=0
split_feature=21 21 7 0 5 9 19 10 24 16 4 21 5 17 6 13 24 6 22 6 21 4 22 24 16 19 17 0 16 20 18 17 9 9 8 16 24 25 17 6 25 6 20 6 16 1 7 7 15 6
split_gain=977.283 219.841 119.934 91.1247 72.6967 51.6177 44.1235 43.8589 52.386 41.8061 38.6759 37.5794 33.5567 32.8017 30.0625 28.9916 26.6279 25.8419 25.7371 24.245 23.0426 29.3213 38.5241 32.9616 22.2447 21.185 20.6005 29.9912 25.5683 24.2915 28.4165 24.089 23.5297 23.1741 20.1153 19.8649 25.1219 49.263 31.3531 22.3719 21.069 19.816 19.585 19.572 19.5031 19.4385 19.3612 20.95 19.2866 25.4473
threshold=1.5000000000000002 6.5000000000000009 0.81378916406229485 34.500000000000007 0.015055112586176601 0.96086111287809073 0.63286641213622807 383.50000000000006 10.321180555555559 0.021009081621710054 893.50000000000011 13.500000000000002 0.016989121419112952 49.537953810168226 79.259610538373437 944.50000000000011 278.0750868055556 94.143974313579079 3.6904761904761911 94.631590386161079 3.5000000000000004 2753.5000000000005 14.03703703703704 202.88903356481484 0.043322885201147555 0.3151919042330002 67.228871379522857 21.500000000000004 0.0271558284927545 121.50000000000001 237.50000000000003 61.181877756001967 0.91543328795312551 0.94163051451596036 7.3816614920402222 0.023308359121921151 41.021846064814824 0.65108695652173931 67.488331070509602 79.627282742412305 0.65108695652173931 90.902054139419008 498.00000000000006 97.678663236191383 0.021107879995736153 1184.5000000000002 0.28747575845389095 0.41543322396402971 43.500000000000007 50.843753876120346
decision_type=2 2 2 2 2 8 2 10 2 2 2 2 2 2 10 2 2 10 10 8 2 2 10 2 2 2 2 2 2 2 2 2 10 10 10 2 2 10 2 10 10 10 2 8 2 2 2 2 2 10
left_child=2 7 3 9 5 24 13 8 -2 10 -1 45 17 -4 -12 -16 -10 18 -8 -15 21 22 -9 -23 34 -11 28 44 31 -30 32 -27 -31 -29 41 36 37 43 39 -38 -40 -5 -7 -22 -28 -3 -44 -48 -6 -50
right_child=1 11 6 4 48 42 12 20 16 25 14 -13 -14 19 15 -17 -18 -19 -20 -21 35 23 -24 -25 -26 26 27 33 29 30 -32 -33 -34 -35 -36 -37 38 -39 40 -41 -42 -43 46 -45 -46 -47 47 -49 49 -51
leaf_value=0.00094680084396971229 0.017509408214221121 0.013303691567311159 0.010926278305600156 -0.013226839781260677 -0.0031082884489775655 -0.0057911750574151507 -0.014408631093892907 -0.010663865028003228 0.005287802377764615 0.007040782169159438 -0.0084976477354529768 0.013385006705737739 0.0014728825906423751 -0.013295105997422584 -0.0056013972200891311 0.0039856190895912738 -0.023645017335610405 0.0075218206696604966 0.0049241056015810357 0.00077432368193866596 -0.0063106083620779333 -0.0011718170789048815 0.0030035531671573136 -0.016653156068672889 0.0048641720258533272 -0.0091528366802413035 0.021395732005082716 -0.021184553462476829 0.01107030809129579 -0.013887824857347793 -0.01651832206314309 0.0018383545621301733 0.0065641566639836162 0.0071844684964138339 0.0097121864510325041 0.0076249784849318708 0.0028505459440425164 0.0068773203291415327 0.0090351095123378435 -0.0089125573299476523 -0.0023619131404210647 -0.0041166270412970694 -0.0095889311582010878 0.016774260860365323 -0.016653481425019143 0.0069533904437293678 0.016428812495750879 -0.01165192504649268 -0.011092533363035782 0.0064207012398935226
leaf_weight=234.06988682458177 61.677342939190567 84.986003235913813 8.5558273345231992 296.99394859862514 403.13223480642773 358.83423323440365 69.326894846279174 30.472813594853505 127.91376248165034 92.321151173207909 190.97124659630936 378.7238149754703 71.658882966730744 338.21246689907275 111.68845431949012 73.667087276699021 4.6383974323980501 11.203169203829018 11.264922388130797 18.161711976863444 113.26826487854123 165.15814206399955 609.57055727206171 21.922344824997708 11.643181466264648 42.581709766993299 2.0334873050451305 4.8190088290721205 61.461687376489863 9.0732481076847744 11.017106686020268 82.286417506227735 62.063112277770415 25.454530394170433 6.0031392965465775 167.49938494293019 114.94768490688875 78.036857876926661 190.95321332290769 28.367362073156983 25.925118597224355 37.885823425138369 10.187468251679094 5.4151475597172967 27.937406865879893 336.11148061370477 16.936883723363284 4.7977375276386729 14.220473605208097 65.236298701958731
leaf_count=8990 262 471 296 29367 31177 27947 6463 1882 2279 1697 14187 1307 4432 33697 6143 2549 256 428 454 1361 2404 5217 13295 1574 243 2312 15 373 1241 502 797 2318 1397 590 128 1887 1917 789 1955 625 520 2501 726 15 1263 2980 281 485 1171 2513
internal_value=0.000210004 0.00552317 -0.0046452 -0.00345431 -0.00564061 -0.00796834 -0.00973278 0.00316351 0.0084778 -0.000855904 -0.00283945 0.0106736 -0.0046106 -0.012027 -0.00519445 -0.00179117 0.0042753 -0.00935961 -0.0117063 -0.0125781 0.00249823 0.00114529 0.00235283 -0.00298597 -0.0112596 0.00201966 0.0006095 -0.0056596 0.00201622 0.00542975 0.00120983 -0.0019098 0.00395551 0.00266844 -0.0118104 0.004043 0.00296567 -0.000443605 0.00482765 0.000522176 0.00767273 -0.0121962 -0.00499905 -0.00525727 -0.0140717 0.00823502 0.00390514 0.0102301 -0.00205544 0.0032863
internal_weight=5331.29 2545.59 2785.7 2257.32 1225.87 743.282 528.384 1745.77 194.23 1031.45 610.397 799.821 163.454 364.93 376.327 185.356 132.552 91.795 80.5918 356.374 1551.54 827.124 640.043 187.08 352.526 421.049 328.728 60.2444 268.483 143.615 82.1535 124.868 71.1364 30.2735 340.883 724.413 556.914 196.72 360.193 143.315 216.878 334.88 390.756 118.683 29.9709 421.097 31.9221 21.7346 482.589 79.4568
internal_count=227679 39635 188044 140913 96539 61678 47131 34877 2797 44374 31869 4758 11777 35354 22879 8692 2535 7345 6917 35058 32080 21968 15177 6791 32239 12505 10808 2241 8567 3937 2696 4630 1899 963 31996 10112 8225 3208 5017 2542 2475 31868 29439 2419 1278 3451 1492 766 34861 3684
is_linear=0
shrinkage=0.0118628


Tree=8
num_leaves=51
num_cat=0
split_feature=21 21 0 9 25 16 9 5 24 15 10 24 24 25 16 24 7 7 15 5 24 24 9 20 16 0 22 6 7 22 20 24 14 15 10 20 8 3 13 6 7 22 19 20 6 5 24 18 20 8
split_gain=928.925 202.511 123.276 83.6857 60.6576 55.315 54.1286 53.1966 43.3755 41.2353 38.0704 36.7615 62.0728 52.2236 36.4818 35.3674 35.1398 33.8046 39.0669 32.3797 31.9021 34.6519 29.6266 29.28 28.312 26.0448 25.8568 29.652 25.149 24.7903 24.7042 40.2246 23.8076 27.4 28.8145 23.455 23.2961 23.0939 22.6795 22.6736 22.5195 22.3674 24.3814 22.0611 21.4996 21.6583 25.9527 23.2625 26.3402 25.309
threshold=1.5000000000000002 5.5000000000000009 34.500000000000007 0.95952657279286113 0.65108695652173931 0.021009081621710054 0.94563584108808063 0.011448281308547801 16.051793981481485 47.500000000000007 399.00000000000006 46.545283564814824 59.932436342592602 0.18614718614718614 0.043322885201147555 10.321180555555559 0.93707406318403097 0.86938784106564138 31.500000000000004 0.015055112586176601 113.50274884259262 33.189814814814824 0.8601958007060343 498.00000000000006 0.031049014612111105 12.500000000000002 36.708333333333336 86.430685122900158 0.73126452494873562 82.339743589743605 199.50000000000003 1.6131365740740742 348.50000000000006 16.500000000000004 210.50000000000003 102.50000000000001 6.6691412247503985 41.500000000000007 488.50000000000006 96.277825855412075 0.93707406318403097 16.928571428571434 0.78112234355379662 271.50000000000006 77.389385324402738 0.031186834826949904 73.974681712962976 177.50000000000003 114.50000000000001 6.4683909858822553
decision_type=2 2 2 10 10 2 8 2 2 2 10 2 2 10 2 2 2 2 2 2 2 2 10 2 2 2 10 10 2 10 2 2 2 2 8 2 10 2 2 10 2 10 2 2 10 2 2 2 2 10
left_child=2 10 5 7 20 6 22 14 -6 28 15 13 -13 24 26 -2 29 44 -19 23 21 30 25 -5 -12 -1 27 -4 36 -14 -3 -32 35 34 -34 -8 -9 -26 -17 -35 -15 42 -30 -20 45 47 -47 -7 -49 -50
right_child=1 4 3 19 8 17 32 9 -10 -11 11 12 16 40 -16 38 -18 18 43 -21 -22 -23 -24 -25 37 -27 -28 -29 41 -31 31 -33 33 39 -36 -37 -38 -39 -40 -41 -42 -43 -44 -45 -46 46 -48 48 49 -51
leaf_value=0.0059853460357529066 0.016065542940623453 0.0055832923769281893 -0.014993870799667068 -0.0066840550072982518 0.014343522423228457 0.0022985284863685355 0.0013620712947744031 -0.0033512795887863283 0.0086311994554087636 0.0017783925754439693 -0.0067125990384447904 0.0095960741483610244 0.0017341494030278664 0.0017307961631067563 0.0064240362170152696 -0.023733604429370104 -0.01570164617935544 -0.018830959841635558 0.0081238980435983568 -0.0003179037081167527 -0.01778567606258279 0.0088887268077076243 -0.010934451185192033 0.0043276564488055448 0.011441636019965317 -0.010438635166265515 0.0011012200609363237 -0.0062830831860629134 -0.014745308542092274 0.011207305931239983 0.01287486827963205 -0.014562757040173359 0.01798506974895684 -0.0051301392781305296 0.0022308586036167803 -0.0069263211227129804 -0.013798719644765025 -0.018721125585306687 0.0054000529518246311 0.0099091515671577337 0.012814505583257967 0.00499471085510213 0.0037096466610621968 -0.013019466559206844 0.0052036081756665024 0.0067677065567002372 -0.012039347739997566 -0.023032805549547303 -0.010595415464420698 0.0041347979605448624
leaf_weight=31.909697714261711 52.508133572526276 39.514742308296263 328.42078999720979 383.84378887806088 348.14212881401181 66.076387675944716 68.4363206862472 160.805806792574 404.31280299741775 73.380804324056953 182.0961550809443 182.81071079475805 696.02422192273661 187.85383058828302 14.214930113870649 3.8752111084759227 15.647114942315964 24.04705498740077 21.306825859006498 249.73253586830106 8.9347012476064247 129.44974612654187 177.3336873203516 37.281024771044031 21.81202607462183 23.663041382096708 17.74955212592613 66.055012973956764 119.4988083045464 41.173908029217273 10.051378650590776 29.844003445934504 18.807636620476842 112.47216008009855 124.39152892009588 161.2696509603411 36.933886679355055 4.271365641616284 126.40357417147607 16.130002626217902 29.902480392251164 10.26796362781897 11.001395367551593 10.302303727483375 203.86095943721011 82.124357886379585 11.810187764931468 12.502225467702372 38.264731092611328 28.745260895695537
leaf_count=1262 249 414 34528 31487 1217 2001 3043 14823 3148 4013 5160 2091 17315 3448 319 218 797 2557 739 15231 300 1044 15441 1723 239 2203 788 6288 14720 449 56 628 149 5590 4391 9634 3400 165 2414 249 283 442 567 852 4494 2392 673 967 2144 934
internal_value=0.000223447 0.00543112 -0.00455129 -0.00682497 0.00967838 -0.00176933 -0.00384015 -0.00932387 0.0112742 -0.00628325 0.0027628 0.00208038 0.00339552 -0.000808608 -0.0122607 0.00784619 0.00188986 0.00127821 -0.0074362 -0.00370225 0.00416517 0.00510422 -0.00856596 -0.00570922 -0.00505689 -0.00100806 -0.012905 -0.0135353 -0.00803083 0.00226325 -0.00106506 -0.00764998 -0.00164542 0.000730686 0.00430004 -0.00445696 -0.00530268 0.00650206 0.0045334 -0.00324381 0.00325284 -0.0118631 -0.0131895 0.00123262 0.0023721 -3.78337e-05 0.0044031 -0.00290315 -0.00722585 -0.00427661
internal_weight=5257.27 2514.63 2742.64 1509.19 970.25 1233.45 734.414 838.329 752.455 411.889 1544.38 1361.59 935.656 425.936 426.44 182.787 752.845 499.04 55.6562 670.857 217.795 208.86 232.906 421.125 208.18 55.5727 412.225 394.476 338.508 737.198 79.4101 39.8954 501.507 271.801 143.199 229.706 197.74 26.0834 130.279 128.602 217.756 140.768 130.5 31.6091 443.384 239.523 93.9345 145.589 79.5122 67.01
internal_count=227679 39635 188044 128329 6807 59715 41962 79888 4365 37965 32828 29947 20652 9295 41923 2881 18561 17753 4148 48441 2442 2142 18906 33210 5564 3465 41604 40816 33952 17764 1098 684 23056 10379 4540 12677 18223 404 2632 5839 3731 15729 15287 1591 13605 9111 3065 6046 4045 3078
is_linear=0
shrinkage=0.0118628


Tree=9
num_leaves=51
num_cat=0
split_feature=21 21 0 22 9 16 9 8 15 11 24 20 7 5 14 16 5 6 1 9 2 16 13 19 24 11 2 14 11 0 1 11 7 9 20 10 14 24 19 24 25 2 25 25 20 22 22 20 7 5
split_gain=894.948 143.704 113.388 116.522 83.3641 50.8132 58.1658 45.819 44.9362 39.7802 37.6764 34.0752 33.0953 31.5147 30.0889 31.7662 27.4863 28.6533 26.5711 25.9965 23.8899 48.911 25.0273 23.7619 22.5377 21.787 24.4356 21.1798 21.1251 21.0258 21.0158 22.9322 20.5525 20.415 20.0908 19.9439 19.7551 19.622 26.8489 22.7838 58.6636 36.8188 22.3155 31.2898 22.8649 22.263 20.3849 30.7851 19.9397 19.872
threshold=2.5000000000000004 8.5000000000000018 34.500000000000007 16.928571428571434 0.95952657279286113 0.021009081621710054 0.94708212146677984 5.3517591179016355 47.500000000000007 417.50000000000006 66.504050925925938 308.50000000000006 0.73126452494873562 0.0048980546966736005 469.50000000000006 0.020519306228825352 0.011448281308547801 86.430685122900158 2574.0000000000005 0.94370522461500095 660.50000000000011 0.014201664208002901 469.50000000000006 0.48398261350068583 153.55758101851856 574.50000000000011 898.50000000000011 302.50000000000006 614.50000000000011 13.500000000000002 1462.5000000000002 224.50000000000003 0.38748709754775218 0.8601958007060343 230.50000000000003 1161.5000000000002 153.50000000000003 105.90263310185188 0.21966353153236426 46.545283564814824 0.11805555555555557 640.50000000000011 0.5590277777777779 0.70294117647058829 704.00000000000011 12.071428571428573 69.690476190476204 85.500000000000014 0.24305916338869252 0.0017219116406563004
decision_type=2 2 2 10 10 2 8 10 2 2 2 2 2 2 2 2 2 10 2 8 2 2 2 2 2 2 2 2 2 2 2 2 2 10 2 10 2 2 2 2 10 2 10 10 2 10 10 2 2 2
left_child=2 7 5 4 8 6 29 -2 12 -10 13 14 16 -5 15 28 17 -4 -3 -11 23 22 -22 -8 36 -14 -27 -25 -6 33 31 -26 -12 -1 -17 -18 -7 39 -39 40 41 -9 -41 44 -44 -40 47 -43 -48 -42
right_child=1 18 3 10 11 24 20 37 9 19 32 -13 25 -15 -16 34 35 -19 -20 -21 21 -23 -24 27 30 26 -28 -29 -30 -31 -32 -33 -34 -35 -36 -37 -38 38 45 42 49 46 43 -45 -46 -47 48 -49 -50 -51
leaf_value=0.0033559236450068329 0.010977686869170175 0.013340430578729461 -0.013947866077657361 -0.0059840447814175054 -0.010403374958990092 0.010569379495582643 0.0035732711638102755 -0.021765718131818514 -0.0071205363490694932 0.013388414375275857 -0.0091709728669334047 0.00065721560351352231 -0.015003903616931061 0.0081542393944294793 -0.013995378030562205 -0.0020531068710232447 -0.0032670303951559902 -0.0036540954345639825 0.0083812975246770286 -0.021574874090377828 -0.0070096884255043731 -0.012502188739916067 0.0017095682356541267 -0.015587364157855731 -0.01781754055229014 0.011338304626588455 -0.016641898409231862 -0.001015836615096873 -0.0033003606623501248 -0.010618754983687181 -0.01619022315316616 0.010252259783742541 -0.00020598481174837616 -0.0069142787146439589 0.011242062917637749 -0.012585647041649786 0.0014424352355245111 -0.013345453964158888 -0.020603706871228044 0.0074693251409607151 0.0097898920597219389 0.019535131048945581 -0.020933838476549404 0.0040141721211815725 0.015768905808500138 0.0023131368214670631 0.0063434389866508884 -0.0094678715954508805 -0.0046140498903384395 0.0034799721305023802
leaf_weight=37.099071095697582 130.81062369467691 348.17839284520596 168.27206233539619 27.631708710920066 136.9769763671793 35.692959954030812 210.32433959213085 13.585365434642879 74.247728421818465 25.501338263507936 51.790555157698691 163.07537612016313 255.10432318982203 112.5852796996478 53.693799350177869 155.53356143308338 141.96976014389656 49.174654678208753 269.91586458450183 3.3902815561741582 65.276348914252594 65.042894143029116 159.57571305811871 16.72116188518703 5.9724576268345144 9.6494095714297163 8.061542001552878 87.447795744868927 103.40462714899331 146.461232735659 19.09210870298557 13.032931315246968 117.92624508944573 102.46175568317994 17.828014717902988 41.847395785152912 513.47201405558735 17.761348655447364 6.1153002337086937 391.55653404816985 105.35521430918016 5.6760553121566764 12.795417118817566 92.489983952837065 2.936563402414321 243.00631003710441 58.36750510125421 55.563942954409868 38.976679298095405 210.71253345347941
leaf_count=1504 1400 1409 18025 1129 13685 470 6208 433 5870 628 3170 8783 30194 1973 5282 10758 13550 3920 1556 393 3915 4778 6117 1169 464 407 794 3359 8156 13269 1482 317 5013 6790 425 4040 16997 618 410 4063 984 23 356 1391 21 5354 837 1741 1042 3007
internal_value=0.000203049 0.00641818 -0.00369447 -0.00576714 -0.0072169 -0.00128517 -0.00307169 0.00429648 -0.00981701 -0.00252484 0.000817705 -0.00401181 -0.0109328 0.00536809 -0.00564069 -0.00455645 -0.00876538 -0.01162 0.0111748 0.00928545 -0.000985915 -0.00344244 -0.000821708 0.00127847 0.00142355 -0.0141206 -0.00139759 -0.0033549 -0.00734789 -0.00747909 -0.00739966 0.00143114 -0.00294174 -0.00418418 -0.00068585 -0.0053885 0.00203565 0.00360002 0.000745888 0.00437098 0.00254838 -0.00302305 0.00615149 0.00138344 -0.0140826 0.00175056 -0.00141739 -0.00677962 0.00195605 0.00558327
internal_weight=5199.14 2003.8 3195.34 1717.66 1407.73 1477.67 890.41 1385.71 777.218 103.139 309.934 630.512 674.079 140.217 467.437 413.743 401.264 217.447 618.094 28.8916 604.388 289.895 224.852 314.493 587.262 272.815 17.711 104.169 240.382 286.022 38.0975 19.0054 169.717 139.561 173.362 183.817 549.165 1254.9 266.883 988.016 488.237 172.17 499.778 108.222 15.732 249.122 158.584 61.24 97.3442 316.068
internal_count=227679 24645 203034 136195 124910 66839 47109 21680 77821 6891 11285 47089 70930 3102 38306 33024 39535 21945 2965 1021 25546 14810 10032 10736 19730 31395 1201 4528 21841 21563 2263 781 8183 8294 11183 17590 17467 20280 6382 13898 8067 4076 5831 1768 377 5764 3643 1764 1879 3991
is_linear=0
shrinkage=0.0118628


Tree=10
num_leaves=51
num_cat=0
split_feature=21 21 9 5 10 0 6 9 15 22 20 22 24 0 0 1 13 19 13 19 2 17 5 2 6 0 10 16 0 9 22 19 4 1 24 8 19 9 15 3 19 22 16 19 11 6 3 9 9 7
split_gain=960.103 212.33 106.637 93.0319 47.4823 46.8662 43.4138 43.0295 42.2511 42.0846 37.8159 36.5149 34.859 33.7111 32.5313 31.9754 30.5059 37.8038 30.329 26.343 26.2325 25.3661 23.9052 26.2304 25.105 23.7351 23.0954 22.1655 22.1155 21.9749 21.6552 21.4957 21.2918 21.1539 22.3596 21.1336 20.8835 22.4174 20.4642 19.309 19.1838 18.6443 18.3081 18.0166 23.9155 23.1357 22.7274 28.2395 17.812 17.3068
threshold=1.5000000000000002 7.5000000000000009 0.96326471811569314 0.011719434680126102 383.50000000000006 1.0000000180025095e-35 85.892869750934238 0.92414554178462416 43.500000000000007 52.490740740740748 222.50000000000003 76.017857142857153 11.377748842592593 10.500000000000002 28.500000000000004 2599.5000000000005 781.50000000000011 0.10934987942122186 921.50000000000011 0.66949565287479629 214.50000000000003 65.195422817715027 0.033503306354176109 660.50000000000011 85.714468414025745 16.500000000000004 585.50000000000011 0.011899878901519551 1.5000000000000002 0.86197443848171496 26.038461538461544 0.53961216948421498 3906.0000000000005 862.50000000000011 164.34895833333334 6.5285605258026767 0.22435427944778943 0.968889878436482 7.5000000000000009 170.50000000000003 0.78112234355379662 25.775000000000002 0.043322885201147555 0.48607563209724131 492.50000000000006 80.037657961166545 3.5000000000000004 0.9870064170484848 0.9690522068748747 0.41543322396402971
decision_type=2 2 8 2 10 2 10 10 2 10 2 8 2 2 2 2 2 2 2 2 2 2 2 2 10 2 10 2 2 8 10 2 2 2 2 10 2 10 2 2 2 10 2 2 2 10 2 10 10 2
left_child=2 4 3 5 12 -1 7 30 13 22 11 32 -2 21 20 -3 17 -12 -18 28 -13 -5 23 26 -25 35 -6 33 -20 -14 -7 -24 -4 -11 39 -9 37 -22 -31 -35 -17 -33 -27 45 -45 48 -47 -48 -38 -8
right_child=1 15 10 8 9 6 49 25 -10 27 16 14 29 -15 -16 40 18 -19 19 -21 36 -23 31 24 -26 42 -28 -29 -30 38 -32 41 -34 34 -36 -37 43 -39 -40 -41 -42 -43 -44 44 -46 46 47 -49 -50 -51
leaf_value=0.010051595580382655 0.015871418645757245 0.012981159477143648 -0.016108787651771806 -0.0077945791318842685 -0.0011537590205964736 -0.016400617280185364 -0.0096369717880568483 -0.00028875151982263634 0.0013567740541803508 -0.016942642197016407 -0.0083404603266950348 -0.023337793858498761 -0.01111908322195569 -0.0068208533347065229 -0.0056060465231167252 0.0066682252721881278 -0.016577144318245682 0.012633257727746035 0.012889601013369712 -0.011791756101706788 0.0046805302376026941 0.005535954004836155 -0.018446978099812411 -0.0011099243686650631 -0.0185029767146822 -0.011409677988074898 0.0083533320690870796 0.0048277514618625525 -0.00018028570113464099 -0.015208622720378661 -0.002099459812138832 -0.019560279111693987 0.010506355571024266 0.0021224680516481464 -0.0077743474868926885 -0.015261449926180065 -0.0085206798104602594 -0.013389059469921437 0.0075911279948503605 0.019291562031180331 0.015649622924838132 0.0018509356997254852 0.0067993708853498142 -0.0096354340234897085 0.0049923600094223817 0.0056100941739702518 -0.015604443571347814 0.015226612499601505 0.011867489977134433 -0.0014599280412894654
leaf_weight=16.032699164003134 62.291068326681852 403.29120830446482 47.134004541207105 30.19332711561583 62.278298392659053 243.04196410009172 61.177462707506493 62.985988443135284 156.83229209389538 8.7914808292407525 15.852863016771151 6.567317788489162 10.729903849773107 486.9374823498074 356.85278939059936 256.30814614053816 16.822681723628193 50.996421225136146 19.210052487906069 26.293959407834336 15.100834479089825 60.015936397947371 18.494598913006485 247.11804775288329 12.257255568634717 250.30493269627914 85.085797542240471 730.18520252674352 353.03458078869153 5.8032319913618258 15.8734480967978 7.2296811309643081 4.6466468102298668 310.22789361188188 31.956214042846113 16.805530603509396 6.7107023941352955 26.824375913012773 121.98670692858286 9.499970145756377 38.493454713374376 27.459852210478857 8.019083760911597 33.753180273575708 29.453733047703281 37.011147930752486 19.634636472910646 5.3114228690974405 59.443738552276045 90.025562971830368
leaf_count=418 294 1829 4166 1941 1751 23972 4077 2702 7692 282 1047 525 462 45540 29128 1794 1200 875 271 2030 543 2560 1168 7509 675 25583 1428 12078 16353 236 699 506 185 5545 1246 1184 454 1664 1894 53 141 653 178 1937 1010 922 1073 93 1161 6998
internal_value=-6.51812e-05 0.00527839 -0.00504407 -0.00711959 0.00307333 -0.0100165 -0.0104465 -0.0118845 -0.00410317 0.00237041 -0.00229377 -0.00416463 0.00850101 -0.00558684 -0.00333534 0.0108105 0.000222031 0.00765946 -0.000974973 -0.000316378 4.36147e-05 0.00107417 -0.000639141 0.000338825 -0.00193189 -0.00909761 0.0043355 0.00363952 0.00049421 0.00518657 -0.0155239 -0.00811834 -0.0137204 0.00123261 0.00168698 -0.00344232 0.000701985 -0.00688068 0.0065557 0.00263263 0.00784098 -0.00261154 -0.0108444 0.00236365 -0.00281905 0.00492065 -0.0002885 -0.00903989 0.00979928 -0.00476841
internal_weight=5078.39 2449.49 2628.9 1498.25 1751.4 764.267 748.234 597.031 733.979 1550.58 1130.66 648.445 200.811 577.147 596.664 698.093 482.211 66.8493 415.361 398.539 239.811 90.2093 459.924 406.739 259.375 338.116 147.364 1090.66 372.245 138.52 258.915 53.1841 51.7807 360.476 351.684 79.7915 233.244 41.9252 127.79 319.728 294.802 34.6895 258.324 191.319 63.2069 128.112 61.9572 24.9461 66.1544 151.203
internal_count=227725 39544 188181 123544 35780 65811 65393 54318 57733 32894 64637 42861 2886 50041 38510 3764 21776 1922 19854 18654 9382 4501 13690 11363 8184 29647 3179 19204 16624 2592 24671 2327 4351 7126 6844 3886 8857 2207 2130 5598 1935 1159 25761 6650 2947 3703 2088 1166 1615 11075
is_linear=0
shrinkage=0.0118628


Tree=11
num_leaves=51
num_cat=0
split_feature=21 21 0 5 9 1 10 6 6 7 16 22 1 24 11 19 11 0 3 9 9 4 3 15 0 7 2 9 24 16 20 13 15 7 13 18 10 18 4 2 19 0 17 13 18 16 20 18 9 22
split_gain=906.492 192.957 128.694 75.3306 62.3776 52.3578 45.4389 41.8799 40.5011 35.6845 31.7706 31.1724 31.0425 29.5561 29.2056 27.6584 27.4575 21.8195 24.6274 29.1759 21.4602 20.7785 19.7586 19.7011 20.9053 23.3548 21.2987 19.6886 23.0999 20.9204 19.6566 19.8297 32.8399 19.2524 19.1603 19.0591 18.841 25.0165 21.0137 19.7448 18.7255 18.8893 17.9667 17.9632 17.8838 22.4968 17.77 17.7059 17.5636 23.3663
threshold=1.5000000000000002 7.5000000000000009 27.500000000000004 0.010154878002250102 0.97397186484444986 1489.5000000000002 383.50000000000006 90.902054139419008 94.342309658611512 0.80428240191041789 0.020519306228825352 50.839743589743598 2128.0000000000005 11.377748842592593 162.50000000000003 0.38998287671232879 114.50000000000001 7.5000000000000009 45.500000000000007 0.94163051451596036 0.96357285680355786 1556.5000000000002 54.500000000000007 39.500000000000007 1.5000000000000002 0.040460352537631007 1093.0000000000002 0.891257704372307 251.08174189814818 0.0082145625513301516 213.50000000000003 763.50000000000011 7.5000000000000009 0.64869547622122214 479.50000000000006 352.50000000000006 658.50000000000011 232.50000000000003 947.50000000000011 583.50000000000011 0.78112234355379662 90.500000000000014 63.632227214318604 231.50000000000003 217.50000000000003 0.023199555609281504 84.500000000000014 152.50000000000003 0.92414554178462416 28.062500000000004
decision_type=2 2 2 2 10 2 10 10 10 2 2 10 2 2 2 2 2 2 2 10 10 2 2 2 2 2 2 8 2 2 2 2 2 2 2 2 10 2 2 2 2 2 2 2 2 2 2 2 8 10
left_child=2 6 5 4 7 17 13 48 16 30 15 14 -3 -2 22 -6 -7 42 19 -19 43 -18 -8 24 -23 -26 -27 -15 29 -29 -5 32 -32 -12 -20 -9 37 38 39 -16 41 -14 -1 -11 -45 -46 -13 -36 49 -4
right_child=1 12 3 9 10 8 11 35 -10 20 33 46 40 27 36 -17 21 18 34 -21 -22 23 -24 -25 25 26 -28 28 -30 -31 31 -33 -34 -35 47 -37 -38 -39 -40 -41 -42 -43 -44 44 45 -47 -48 -49 -50 -51
leaf_value=-0.0028779590835983603 0.015175377065524959 0.013176963996198878 -0.016920613839599086 -0.0049157511608372353 -0.0030314198271496184 -0.015807902854511526 0.0047241933990533761 -0.0057073397038538152 0.0036756888249498774 0.017794605194989693 0.0043503537451989437 -0.016542331911548382 0.0061356499355065758 -0.0058323304304353793 -0.021156962449005019 -0.013881608709676046 -0.020939574663449239 -0.0084989298774284308 -0.021707061669441908 -9.5932239449936322e-05 0.001350647671214047 0.0058811765903952276 -0.011704744169152324 0.0029409703578749192 0.007224333442341648 -0.0052227608642709481 -0.013472740436015934 -0.01957095982982748 -0.019560929355015987 0.0091346574048311539 -0.011357187351382166 -0.0017487082107980998 0.01727240497741752 -0.018597949575386991 -0.012521310455125565 0.017780965239736917 -0.0054676082631598599 -0.023775795914792123 0.0084236819030075981 0.011623314084860144 0.014812791397351956 0.015594074890590972 0.0058787043737814218 -0.01419327600781517 0.00059153232757188756 -0.017421330317538838 0.0034584607516477705 0.011253754376540269 -0.011175781594482164 0.0018054952181830268
leaf_weight=41.814371075714007 62.700883008539677 322.8744825492613 163.04740305640735 354.28166923800018 86.921809928491712 39.637378641520627 135.94887800584547 100.80268169823103 65.467007689410821 3.0259751912672064 65.895776577061042 6.2844340829178682 290.53942778520286 19.107121074106544 7.4001582181081158 53.356315492419526 11.399127130396662 75.175379888387397 3.0909592369571319 256.70087414886802 23.68809961900115 19.180943257873878 11.146022218279539 41.361253205686808 14.930013936245812 122.85466280952096 68.642437478294596 3.6935413859318933 4.3837264378089449 109.02136343624443 7.9721215856261578 260.58857492334209 19.25743255391717 5.5799864428117862 4.9202558007091275 5.1075329231098285 160.1014352561906 4.7393995160236946 43.099531092913821 3.9743307875469327 51.368508698418736 33.098030974157155 155.94863233226351 100.20056567504071 30.461927630240098 14.355051306076346 1171.416411473765 42.323367219651118 329.49318440409843 9.9491783641278726
leaf_count=1991 294 1350 17814 30957 5557 3306 2949 7464 1841 158 3080 178 2110 710 348 5211 1237 6091 283 9736 1712 720 655 1691 423 8212 5434 166 263 1453 892 16654 254 656 384 77 6531 220 787 64 184 120 4304 12115 2481 1822 21162 1228 34007 389
internal_value=1.88447e-05 0.0052095 -0.00485899 -0.0068866 -0.00942388 -0.00142022 0.00309902 -0.0113539 -0.00482116 -0.00432961 -0.00387848 0.00241158 0.0104806 0.0084356 -0.000610227 -0.00715843 -0.00657039 0.000828456 -0.000826647 -0.00199935 -0.00913285 -0.00525503 0.00347928 -0.0045853 -0.00596511 -0.00706586 -0.00818 0.00533299 0.00715486 0.00819395 -0.00304497 -0.000742172 0.00889035 0.00255874 0.00690545 -0.00457456 -0.00335307 0.00236424 0.00463863 -0.00970328 0.00815908 0.00710297 0.00402722 -0.0108103 -0.0114072 -0.00517814 0.00335173 0.00877759 -0.0127828 -0.0158437
internal_weight=5038.33 2440.9 2597.43 1633.99 820.154 963.447 1743.02 608.4 383.473 813.831 211.754 1544.11 697.88 198.907 366.41 140.278 318.006 579.974 382.211 331.876 171.732 278.368 147.095 266.969 225.608 206.427 191.497 136.206 117.099 112.715 642.1 287.818 27.2296 71.4758 50.3346 105.91 219.315 59.2134 54.474 11.3745 375.006 323.637 197.763 148.044 145.018 44.817 1177.7 47.2436 502.49 172.997
internal_count=227725 39544 188181 141300 74255 46881 35780 59751 22864 67045 14504 32894 3764 2886 11554 10768 21023 24017 17722 15827 18288 17717 3604 16480 14789 14069 13646 2592 1882 1619 48757 17800 1146 3736 1895 7541 7950 1419 1199 412 2414 2230 6295 16576 16418 4303 21340 1612 52210 18203
is_linear=0
shrinkage=0.0118628


Tree=12
num_leaves=51
num_cat=0
split_feature=21 21 0 5 9 4 10 6 7 21 16 19 4 24 6 3 6 5 7 22 19 0 0 9 11 5 9 16 17 17 20 18 18 7 15 11 13 16 10 19 19 0 9 24 0 22 9 24 20 22
split_gain=866.24 187.806 133.26 69.5878 59.8735 45.7329 44.6313 40.2279 35.8169 32.6994 32.6832 30.2177 28.6792 27.6795 26.6883 24.6018 24.8687 30.7987 33.3756 24.4848 24.3873 23.1254 31.8583 22.6842 21.6535 29.1471 25.8252 21.3976 21.5258 23.8658 22.0441 20.0574 20.0277 19.4086 19.1907 20.3247 19.1123 18.359 17.7299 21.1352 18.1871 17.6611 23.1064 17.476 17.041 16.8258 23.0587 17.832 16.7165 17.7069
threshold=1.5000000000000002 7.5000000000000009 27.500000000000004 0.009848486261548153 0.97397186484444986 1874.5000000000002 383.50000000000006 90.902054139419008 0.80089745372764254 17.500000000000004 0.019586700058095454 0.41168710228154587 1756.5000000000002 11.377748842592593 95.021665715372919 112.50000000000001 74.577431382389037 0.028365069432028104 0.78353686500309394 64.027777777777786 0.56882072789862703 77.500000000000014 28.500000000000004 0.9853549964982623 599.50000000000011 0.072987983792091607 0.98115900826236169 0.010155967966522452 69.615345860098714 75.416327627977807 99.500000000000014 352.50000000000006 227.50000000000003 0.054195250387500907 87.000000000000014 308.50000000000006 2369.0000000000005 0.021107879995736153 723.50000000000011 0.28390758449521863 0.64914199557900931 8.5000000000000018 0.94010485649338071 278.0750868055556 24.500000000000004 30.071428571428573 0.90876728944732255 71.2482638888889 153.50000000000003 50.035714285714292
decision_type=2 2 2 2 10 2 10 10 2 2 2 2 2 2 10 2 10 2 2 10 2 2 2 8 2 2 10 2 2 2 2 2 2 2 2 2 2 2 10 2 2 2 10 2 2 10 8 2 2 10
left_child=2 6 5 4 7 15 13 45 27 12 11 -6 -3 -2 37 16 17 18 23 24 -17 22 -14 38 25 26 48 -5 33 30 -30 -9 -12 -29 -10 -36 -24 -7 39 -1 -41 -18 -43 -15 -39 46 -4 -47 -8 -50
right_child=1 9 3 8 10 14 19 31 34 -11 32 -13 21 43 -16 20 41 -19 -20 -21 -22 -23 36 -25 -26 -27 -28 28 29 -31 -32 -33 -34 -35 35 -37 -38 44 -40 40 -42 42 -44 -45 -46 47 -48 -49 49 -51
leaf_value=-0.011348528167562825 0.014869161514288798 0.012418314961342602 -0.017816754561506935 -0.0081704633294110759 -0.0037158360249785571 -0.0097565869141136661 0.0043792511122591072 -0.0058417366268161608 -0.010400775939041757 0.013689905371371301 0.0051201073115302587 -0.016210963961258418 0.0079724551828268733 0.0059850411131012644 0.0036229494726893281 0.014757449887423474 0.0054961422678561243 0.0028297476923548038 -0.012873748221565184 0.0037406245011776182 -0.018769875002144734 0.012606640085659123 0.0016771483824736585 -0.023670956715570735 -0.0041316618161117208 -0.023029021053117455 0.012351026519498183 -0.02126772377496583 -0.015301728596336672 -0.0075257782082400236 0.0049725448068112053 0.017234600704968434 -0.0091842426658553401 -0.0033128910033956675 -0.0087679798250111865 0.018519253798593122 -0.011744158094023186 -0.0053411385728798387 -0.010157288974294744 0.0041512028738974749 -0.010891421552079863 -0.011806380968242968 0.0012955766265791533 -0.022973650484544545 0.0073875920066506975 0.0087201865901589543 -0.011681306329682012 -0.012812817823958144 -0.0028773342585336104 0.0022811445180209076
leaf_weight=18.287316618487239 62.897615310736001 157.52812390774488 115.5800480383914 98.774640859570354 86.713264456950128 133.98452959465794 172.51832906482741 97.798536818241701 158.3564127094578 259.65746656060219 63.390855951467529 39.709008362377062 131.71424772124738 132.08494061138481 39.782035847660154 26.46909264288843 133.43802792322822 104.65164019027725 56.218791645020247 847.35907509585377 3.4508622596040359 60.036581892985851 67.725206368137151 6.6826517004519692 108.46889725630172 6.6650984259322277 31.583361774682999 8.6717338422313315 8.0434799606446159 33.355190947884694 122.19516079407185 5.603881462942808 17.597759611904621 367.86825551907532 8.6053302641957981 6.938026340911164 19.153707110323012 81.70877238526009 26.66915293619968 98.066289881244302 12.784981484757735 21.085184898925945 186.35776051064022 2.9988858955912283 18.075218265410513 10.342612420674415 339.14912598067895 11.351984253851695 172.58327121217735 204.72138924663886
leaf_count=1151 294 772 13196 9949 5797 10857 4079 7464 18197 820 2603 4455 952 2360 1096 668 3275 4885 4660 13589 422 301 650 323 3943 493 436 710 983 3167 6317 77 1572 27902 670 82 269 4301 2117 3451 890 2029 6164 232 592 295 36923 941 5886 4468
internal_value=8.23366e-05 0.00514724 -0.00472602 -0.0068277 -0.00934148 -0.00125103 0.00306616 -0.0112982 -0.00439299 0.0103569 -0.00387152 -0.00764057 0.00837271 0.00836881 -0.00535911 0.000367851 -0.000106128 -0.00246285 -0.00499533 0.00238617 0.0108904 0.00608545 0.00429439 -0.00226952 0.000738444 0.00163673 0.0019195 -0.00309382 -0.00216545 0.00142739 0.00372038 -0.00459107 0.00201193 -0.00372641 -0.00916615 0.00341225 -0.00128181 -0.00688766 -0.00135156 0.000466987 0.00241624 0.00212946 -3.61664e-05 0.0053421 -0.00303539 -0.0127538 -0.0132408 -0.00254727 0.00132028 -7.84004e-05
internal_weight=5005.45 2437.7 2567.76 1600.05 787.237 967.712 1741.88 579.826 812.808 695.815 207.411 126.422 436.158 197.981 273.551 694.162 664.242 323.361 218.709 1543.9 29.92 278.63 218.593 162.49 696.54 588.071 581.406 638.908 540.134 163.594 130.239 103.402 80.9886 376.54 173.9 15.5434 86.8789 233.769 155.808 129.139 110.851 340.881 207.443 135.084 99.784 476.424 454.729 21.6946 549.823 377.305
internal_count=227725 39544 188181 141300 73323 46881 35780 58896 67977 3764 14427 10252 2944 2886 16846 30035 28945 17477 12592 32894 1090 2172 1871 7932 19305 15362 14869 49028 39079 10467 7300 7541 4175 28612 18949 752 919 15750 7609 5492 4341 11468 8193 2592 4893 51355 50119 1236 14433 10354
is_linear=0
shrinkage=0.0118628


Tree=13
num_leaves=51
num_cat=0
split_feature=21 21 0 5 9 4 10 6 7 16 1 19 24 6 3 17 16 0 10 19 21 1 15 11 16 19 17 17 11 9 6 20 20 6 18 5 18 24 25 24 20 11 17 16 22 9 1 1 6 9
split_gain=824.418 188.211 124.014 65.2592 57.1029 44.6219 44.4553 39.8748 35.167 29.2519 29.1848 26.9155 25.9141 25.0797 22.73 22.3391 30.6828 25.0644 23.5365 21.6766 21.1759 28.842 21.0117 21.2914 20.9968 20.9033 20.0404 22.3708 20.0303 19.8626 22.828 19.7742 19.2649 19.0474 18.9714 18.8812 18.6499 18.2317 46.6594 30.6744 21.3227 18.6981 19.8327 18.0829 17.7827 21.4244 17.3419 18.2192 22.7251 17.2229
threshold=1.5000000000000002 7.5000000000000009 27.500000000000004 0.009848486261548153 0.97397186484444986 1874.5000000000002 383.50000000000006 90.902054139419008 0.80089745372764254 0.019586700058095454 2599.5000000000005 0.41168710228154587 5.9231770833333348 94.342309658611512 112.50000000000001 63.632227214318604 0.019922208698413154 10.500000000000002 1179.5000000000002 0.78112234355379662 4.5000000000000009 2877.5000000000005 87.000000000000014 308.50000000000006 0.010599369253938102 0.56882072789862703 69.615345860098714 75.416327627977807 99.500000000000014 0.9516455194042488 62.007575579807842 230.50000000000003 591.00000000000011 25.11618574732363 227.50000000000003 0.034958716485088706 352.50000000000006 35.747829861111121 0.48333333333333339 9.8677662037037059 129.50000000000003 934.50000000000011 56.272500822343837 0.021107879995736153 30.071428571428573 0.90876728944732255 913.50000000000011 1606.0000000000002 87.774470543842284 0.98338600881053273
decision_type=2 2 2 2 10 2 10 10 2 2 2 2 2 10 2 2 2 2 10 2 2 2 2 2 2 2 2 2 2 8 10 2 2 10 2 2 2 2 10 2 2 2 2 2 10 8 2 2 10 10
left_child=2 6 5 4 7 14 12 44 24 11 -3 32 -2 43 15 -1 17 28 -19 -12 21 37 -10 -24 -5 -16 49 31 33 30 -23 -28 -6 -17 -11 -33 -9 38 40 -40 -8 42 -42 -7 45 -4 -30 48 -48 -26
right_child=1 10 3 8 9 13 20 36 22 34 19 -13 -14 -15 25 16 -18 18 -20 -21 -22 29 23 -25 26 -27 27 -29 46 -31 -32 35 -34 -35 -36 -37 -38 -39 39 -41 41 -43 -44 -45 -46 -47 47 -49 -50 -51
leaf_value=-0.0037617602074306897 0.016217596067383429 0.01235678939482132 -0.017566184465497608 -0.0079687881067121036 -0.0057407777984215475 -0.010082656477812948 0.0023175649776554985 -0.0056876161226795162 -0.010421710491411867 0.0044937426042879654 0.0061532282759865194 -0.016079033900893557 0.0059349458006942362 0.0023348502983792595 0.013092405003361464 0.01301473879992714 0.005349810726994488 -0.0057289666411543061 0.012244045597515501 0.01551439198048188 0.0045225977213236854 -0.0008328499840457162 -0.0093662693220703183 0.018225361440631232 -0.0029811493734428029 -0.020312974088282636 -0.0011734695141369413 -0.0078721020923148265 0.0067702672758406732 0.0014074032020245562 -0.010542408565820711 0.010902621050695688 0.012874474015615589 -0.015135382425615643 -0.010090314166096348 -0.0052132988800393642 0.015220773258969316 0.0034287095685251079 0.012273212662683891 -0.0011907109553632386 0.010329955370271272 0.0081544941090764007 -0.013758094379093483 -0.0032041041607199254 -0.0020420526060660814 -0.011566155353053834 -0.015133377156494697 0.0080611813948873352 0.0037646643978280062 -0.013763608280007592
leaf_weight=177.86995448521338 44.611427392810583 398.66838990943506 112.3709318630863 101.81798170390539 74.725617522723041 124.209296490415 28.725665083387867 94.93452546838671 155.37069393170532 66.195802694419399 254.44881327822804 35.87030080659315 152.02601367502939 48.357115709455684 29.116254376247525 4.3251614458858993 162.82256814092398 142.47952321870252 11.048281198367475 40.326839482411742 427.850574756274 77.332262993324548 8.1526525379158539 7.6082893456332377 342.71808569971472 2.8981625386513761 66.574929845752195 30.23536468599923 94.103796124458313 125.48635749402456 60.917985452804714 55.361687105381861 8.7380526615306717 15.517461488372644 15.488744345260782 12.549148254445752 6.4084950890392056 655.81222864380106 45.65769436233677 49.76917163701728 5.2333824252709737 7.3530392865650347 59.434708499116823 94.85715709917713 21.483841614797711 328.80594239663333 19.653267367044464 18.095772866159678 16.448957484215498 22.196913548745215
leaf_count=9551 169 1829 13196 10613 5654 10645 587 7464 18197 2603 1794 4455 2717 1386 668 67 4377 9021 323 141 5896 2591 670 82 26198 422 4927 3063 1964 3201 2677 1439 143 1105 1572 753 77 14112 414 981 71 115 2249 4815 1236 36923 1498 637 402 2035
internal_value=0.000109002 0.00503807 -0.00463347 -0.00669095 -0.00917006 -0.00128006 0.00295558 -0.0111049 -0.00432786 -0.00374129 0.0102641 -0.00748526 0.00826781 -0.00539738 0.000305636 -0.000166225 0.00115379 -0.000970143 -0.00443556 0.0074339 0.00227885 0.00141842 -0.0090978 0.00395316 -0.00303514 0.0100681 -0.00208669 0.00134788 0.00219403 -0.00200966 -0.00511124 0.00342075 -0.00379185 -0.00899929 0.00172833 0.00792457 -0.00436541 0.0024796 -0.000693271 0.00525122 -0.00632387 -0.0097705 -0.0118087 -0.00710421 -0.0125812 -0.0130944 0.0036917 -0.00165362 -0.00652306 -0.00363703
internal_weight=4963.07 2433.65 2529.41 1567.61 765.022 961.803 1740.21 564.004 802.586 201.019 693.444 119.334 196.637 267.424 694.379 662.365 484.495 321.672 153.528 294.776 1543.57 1115.72 171.132 15.7609 631.454 32.0144 529.636 164.721 168.144 263.737 138.25 134.486 83.4637 19.8426 81.6845 67.9108 101.343 851.986 196.174 95.4269 100.747 72.0211 64.6681 219.066 462.661 441.177 148.302 54.198 36.1022 364.915
internal_count=227725 39544 188181 141300 73323 46881 35780 58896 67977 14427 3764 10252 2886 16846 30035 28945 19394 15017 9344 1935 32894 26998 18949 752 49028 1090 38415 10182 5673 8469 5268 7119 5797 1172 4175 2192 7541 18529 4417 1395 3022 2435 2320 15460 51355 50119 4501 2537 1900 28233
is_linear=0
shrinkage=0.0118628


Tree=14
num_leaves=51
num_cat=0
split_feature=21 21 0 5 9 24 4 6 7 21 7 16 22 10 0 6 0 9 5 19 15 25 15 16 18 20 13 16 9 11 15 8 18 24 7 0 14 17 10 22 11 18 22 9 22 4 16 10 20 0
split_gain=786.865 175.639 112.061 65.1208 57.3413 41.909 40.5052 39.5964 34.1703 29.2091 27.3124 26.7417 24.0707 27.5948 27.5606 23.4569 23.3828 25.7007 40.0288 23.2278 22.6117 22.2156 22.1266 22.0002 21.1953 20.0292 37.9143 20.4653 19.8619 19.2925 19.2227 19.9966 18.2985 18.0641 20.187 24.4103 17.984 17.9419 19.1771 23.9524 17.8115 17.4061 16.9966 19.9087 16.8594 16.7377 16.724 28.0393 20.6177 19.3931
threshold=1.5000000000000002 7.5000000000000009 27.500000000000004 0.009848486261548153 0.97397186484444986 3.8470775462962967 1874.5000000000002 90.902054139419008 0.80089745372764254 14.500000000000002 0.64869547622122214 0.019586700058095454 70.679487179487197 640.50000000000011 59.500000000000007 94.342309658611512 7.5000000000000009 0.94163051451596036 0.012290047126112652 0.40728457258255096 55.500000000000007 0.65108695652173931 87.000000000000014 0.010599369253938102 117.50000000000001 230.50000000000003 763.50000000000011 0.03375091536771626 0.97688458656926824 308.50000000000006 78.000000000000014 6.2303316470344203 352.50000000000006 5.4687500000000009 0.9019745245321491 7.5000000000000009 401.50000000000006 63.632227214318604 277.50000000000006 75.7638888888889 114.50000000000001 227.50000000000003 30.071428571428573 0.90876728944732255 16.928571428571434 1756.5000000000002 0.020274552118658504 1104.0000000000002 160.50000000000003 26.500000000000004
decision_type=2 2 2 2 10 2 2 10 2 2 2 2 10 10 2 10 2 10 2 2 2 10 2 2 2 2 2 2 10 2 2 8 2 2 2 2 2 2 8 10 2 2 10 8 10 2 2 10 2 2
left_child=2 5 6 4 7 -2 16 42 23 45 11 19 13 21 -15 36 37 18 -18 -6 -20 -7 -10 -5 -14 27 -27 -25 33 -24 -26 -32 -9 -23 35 -35 -8 38 -1 -40 -38 -37 43 -4 -16 -3 47 48 49 -19
right_child=1 9 3 8 10 12 15 32 22 -11 -12 -13 24 14 44 -17 17 46 20 -21 -22 28 29 25 30 26 -28 -29 -30 -31 31 -33 -34 34 -36 41 40 -39 39 -41 -42 -43 -44 -45 -46 -47 -48 -49 -50 -51
leaf_value=0.0057731127099308879 0.010226207980559466 0.011238764629163171 -0.017378578565530236 -0.0080621869046787198 -0.0028390606095416945 0.00085758258478203287 -0.010244710489579981 -0.0056017078897089992 -0.010350512032344007 0.01255717354499558 -0.017928323640938989 0.0030293219733588967 -0.0046868441752932338 0.0013145971231303304 -0.0189096388070998 0.0021128445852037852 -0.014841818072912551 -0.012995173542494411 -0.0047185089305717461 -0.015598033243719814 0.011323770957163156 0.01794946129584149 -0.0092084492597127414 -0.0051490751414961363 0.0053900511787222001 0.016848350550780603 -0.00068982090024312251 0.0034072659510074755 0.015846010133385696 0.016605081968572195 0.0039051278088045906 -0.017357225850390724 0.014490268029099494 -0.022666907154336832 0.0086168042380431777 -0.0027012488696877483 -0.015609380089586044 0.0046513648139264903 -0.013278663576723779 0.021541841774026921 -0.0012882234577439159 0.010590018513019757 -0.002182732355935003 -0.011514007345297129 -0.0032754435326295996 0.0058491191423752087 0.0031505796545956513 0.0098734564467166126 -0.0011693006224213496 0.010350180028606456
leaf_weight=19.187029104214162 104.16436717193574 122.6607912518084 109.13937861006707 96.919640712440014 77.271006779046729 152.20964794233441 113.42654629808385 92.511867124121636 149.89735033363104 329.65083813946694 17.054295631591231 77.917128124041483 34.34209108678624 540.41172690549865 10.378979041473938 48.676691008731723 46.281535476911813 43.880549621069804 44.183518835343421 27.128728527575731 17.168634670320898 14.260289992205797 7.8469889825210002 261.4054167275317 537.21822935389355 18.999318063724786 199.33460087003186 46.306388902710751 29.902898001484573 8.4741477593779546 14.597345856018366 10.851437353994696 6.8509182007983318 6.3830538662150493 65.720708139007911 42.038316868129186 14.262003037147222 199.44607829418965 25.786175608285706 3.115674609784036 85.398655256722122 20.689533772412688 21.45489694015123 321.21218042809051 149.7424561791122 239.24184867320582 146.83124199789017 23.673182292375714 114.39286871475633 5.6522632371634236
leaf_count=639 995 681 13196 10613 5367 3819 9391 7464 18197 1145 1935 3433 750 13385 884 1386 4234 3365 4096 3692 431 65 670 23741 7589 163 11787 2724 193 82 208 286 77 252 1189 1069 1173 5303 1839 14 4896 298 1236 36923 4798 1938 4153 708 5076 177
internal_value=0.000137348 0.00494836 -0.004545 -0.00652275 -0.0090244 0.00293133 -0.00134413 -0.0109965 -0.00414359 0.0100027 -0.00357254 -0.00222964 0.00246479 0.00136778 3.38041e-05 -0.00531707 0.000163952 -0.00147065 -0.00651255 -0.00615458 -0.000229239 0.00418929 -0.00892233 -0.00286853 0.00436061 -0.00191164 0.000836366 -0.00386146 0.00702243 0.00419434 0.00491282 -0.00516131 -0.00421635 0.00525268 0.00390978 -0.000566369 -0.00701432 0.00308313 -0.00342104 -0.00952474 -0.00333771 0.00168264 -0.0124876 -0.0130013 -0.00428888 0.00767586 0.000152049 -0.00219486 -0.00393772 -0.0103311
internal_weight=4915.55 2424.46 2491.09 1539.72 750.54 1732.91 951.363 551.169 789.184 691.553 199.371 182.317 1628.75 1031.74 700.533 261.764 689.599 442.064 107.634 104.4 61.3522 331.204 166.218 622.965 597.009 526.046 218.334 307.712 178.995 16.3211 562.667 25.4488 99.3628 149.092 134.832 69.1109 213.087 247.535 48.0889 28.9019 99.6607 62.7279 451.806 430.352 160.121 361.903 334.43 187.599 163.926 49.5328
internal_count=227725 39544 188181 141300 73323 35780 46881 58896 67977 3764 14427 12492 34785 25952 19067 16846 30035 22240 8761 9059 4527 6885 18949 49028 8833 38415 11950 26465 3066 752 8083 494 7541 2873 2808 1619 15460 7795 2492 1853 6069 1367 51355 50119 5682 2619 13479 9326 8618 3542
is_linear=0
shrinkage=0.0118628


Tree=15
num_leaves=51
num_cat=0
split_feature=21 21 0 5 9 10 6 4 7 1 7 24 24 2 16 6 24 25 24 6 24 13 22 11 19 8 19 21 4 2 20 13 15 0 22 3 9 16 16 0 18 14 7 6 0 19 17 24 9 13
split_gain=748.683 172.366 106.745 61.4832 57.684 41.7385 39.143 37.4257 33.4119 29.4492 27.9709 27.2621 26.241 33.2404 23.7286 22.6068 22.3593 54.7608 36.1355 30.4147 29.1396 25.1662 23.2385 21.6709 21.479 21.1253 20.6194 20.4326 22.42 23.2891 20.3624 24.7543 29.3682 20.3621 24.5896 22.7959 33.6147 20.5987 19.8433 19.191 18.3271 18.3193 21.7015 25.1281 22.5506 21.3811 20.7348 19.8312 18.6837 24.0579
threshold=1.5000000000000002 8.5000000000000018 27.500000000000004 0.009848486261548153 0.97397186484444986 383.50000000000006 90.902054139419008 1874.5000000000002 0.80089745372764254 2599.5000000000005 0.64869547622122214 15.548466435185187 184.8480902777778 946.00000000000011 0.019586700058095454 95.021665715372919 46.545283564814824 0.73798627002288331 9.8677662037037059 98.051230942579096 57.513165509259267 2473.5000000000005 83.968750000000014 264.50000000000006 0.40728457258255096 6.8057899778532667 0.78112234355379662 5.5000000000000009 2704.0000000000005 795.50000000000011 213.50000000000003 763.50000000000011 7.5000000000000009 7.5000000000000009 6.1250000000000009 44.500000000000007 0.94163051451596036 0.013059060368261752 0.043322885201147555 2.5000000000000004 352.50000000000006 1267.0000000000002 0.36837074075750037 58.873612733644869 18.500000000000004 0.16117552732206733 74.585052230102775 137.9814814814815 0.96059172367448564 1747.5000000000002
decision_type=2 2 2 2 10 10 10 2 2 2 2 2 2 2 2 10 2 10 2 10 2 2 10 2 2 10 2 2 2 2 2 2 2 2 8 2 10 2 2 2 2 2 2 10 2 2 2 2 10 2
left_child=2 5 7 4 6 11 -4 33 30 -3 14 -2 16 23 24 -9 17 19 -19 27 21 -18 41 -14 -6 -10 -11 -7 29 -29 38 32 -32 -1 -35 36 -36 -37 -5 -23 -8 42 44 -44 -22 -46 48 -48 -47 -50
right_child=1 9 3 8 10 12 40 15 25 26 -12 -13 13 -15 -16 -17 20 18 -20 -21 22 39 -24 -25 -26 -27 -28 28 -30 -31 31 -33 -34 34 35 37 -38 -39 -40 -41 -42 -43 43 -45 45 46 47 -49 49 -51
leaf_value=0.0028380493868706592 0.013892846264946421 0.012511733590242871 -0.012384702275439502 -0.0054336393368463482 -0.002699187470793589 -0.0036381521319541117 -0.0055134947340150404 -0.0067211546569509693 -0.010199779351348673 0.0057430228774089992 -0.0184268705049477 0.0048707981549191582 -0.0062990603483951552 -0.0099806947967292208 0.0027972369527866502 0.0028873521090820413 0.0095297215487584047 0.011957248191263726 0.0012091419806552336 0.020740320498953649 0.0077019401483001846 0.018584169327756785 0.013414114477726502 0.0056100109086012666 -0.015317740897913856 0.0048185890195926832 0.015105223855239408 0.004128733780660929 0.0065421800698956655 -0.019243955097008485 -0.012720508299202 -0.0017029950386237599 0.015671631074798676 -0.014246163047082594 -0.0089107446915086264 -0.015568189164612103 -6.4436900857834555e-05 0.0070673017453219567 0.0084397283006748744 -0.013868619139880316 0.014196301275338682 0.0081835414072068697 0.0035476108021158196 -0.0033630301165118253 -0.017302336323940869 0.0047309303002847176 0.01143152870724814 -0.015399055908386505 -0.010514849849590871 0.0038318295686559298
leaf_weight=248.42169167753309 72.330838812980801 355.59224305581301 440.4955259488197 319.87186759209726 75.769181714160368 281.41595618485007 89.63970890128985 215.56008020217996 148.47345305141062 211.92009801138192 15.963965158443896 135.29393302928656 31.910101453773677 52.42211482860148 79.638359046075493 41.01504921214655 168.40656262589619 85.739622472319752 90.463813253911212 8.4096156107261759 133.93237179238349 3.301926538348197 28.531159790232778 65.928278037230484 25.328792374813929 14.464275487465782 39.233838178217411 12.746139846742155 64.488181423395872 11.333769062068312 6.5186899243854013 251.64253870933317 24.00837384024635 20.055167670128867 78.36071868869476 6.1728562652133396 264.41810184583301 67.741026187315583 15.197530895704402 11.474474400747566 7.1696922327391794 71.214441260090098 128.58556802058592 174.56764734862372 8.326653235126285 55.491378437494859 41.894751844462007 4.2716896948404601 39.585622041020542 28.141742917243391
leaf_count=7795 390 1444 51355 30608 5367 7685 7464 15750 18063 1392 1935 2593 1486 2827 3433 1096 1619 651 1584 14 1696 15 186 1767 3692 886 119 149 813 269 896 16737 256 1682 6961 717 10818 2062 531 313 77 1139 2886 4845 341 1058 412 167 1212 472
internal_value=0.000156199 0.00484342 -0.00445665 -0.00640707 -0.00887154 0.00300935 -0.0108837 -0.00132065 -0.00408846 0.0103153 -0.00337521 0.00801385 0.00236099 -0.00235829 -0.0020457 -0.00518518 0.00284925 0.000976559 0.00643912 -0.00156715 0.00400616 0.00822728 0.00292402 0.00172584 -0.00586064 -0.00886656 0.00720555 -0.00207421 0.00289504 -0.00687228 -0.00282714 -0.000479201 0.00960875 0.000126493 -0.00141584 -0.000798311 -0.00208675 0.00517685 -0.00480439 -0.00661648 -0.00405375 0.00248773 0.00182796 -0.00043181 0.00402615 0.00125588 0.0021682 0.00894885 -0.000372323 -0.0045536
internal_weight=4872.88 2416.95 2455.93 1514.18 734.005 1810.21 537.305 941.745 780.177 606.746 196.7 207.625 1602.58 150.26 180.736 256.575 1452.32 554.597 176.203 378.394 897.726 183.183 714.543 97.8384 101.098 162.938 251.154 369.984 88.5681 24.0799 617.239 282.17 30.5271 685.17 436.748 416.693 342.779 73.9139 335.069 14.7764 96.8094 686.012 614.797 303.153 311.644 177.712 169.385 46.1664 123.219 67.7274
internal_count=227725 39544 188181 141300 73323 36589 58896 46881 67977 2955 14427 2983 33606 6080 12492 16846 27526 11165 2235 8930 16361 1947 14414 3253 9059 18949 1511 8916 1231 418 49028 17889 1152 30035 22240 20558 17779 2779 31139 328 7541 14228 13089 7731 5358 3662 3321 579 2742 1684
is_linear=0
shrinkage=0.0118628


Tree=16
num_leaves=51
num_cat=0
split_feature=21 21 0 5 9 5 9 6 24 0 21 20 16 4 13 11 6 24 4 16 7 7 20 24 25 6 17 24 7 1 5 16 8 18 7 8 24 8 13 4 9 13 22 6 6 11 17 16 22 14
split_gain=752.728 162.576 105.561 62.2256 42.3828 51.6902 37.7196 38.1188 34.3335 33.339 31.6591 29.1239 28.9602 23.1034 22.3192 23.5281 21.8097 21.5911 31.0746 21.5612 31.093 22.01 21.9471 21.0538 59.1896 21.4706 23.0004 21.2638 20.9663 28.6666 23.013 20.7518 24.8001 20.6819 20.5523 20.1052 19.3031 18.8685 29.7056 27.5822 22.3182 19.5872 18.7132 23.2032 20.9246 18.4347 18.27 25.0393 17.9753 17.6317
threshold=1.5000000000000002 6.5000000000000009 34.500000000000007 0.009848486261548153 0.95885939469470405 0.014636803396971503 0.97504916481316883 90.902054139419008 3.8470775462962967 3.5000000000000004 14.500000000000002 213.50000000000003 0.021398063523663004 1233.5000000000002 781.50000000000011 599.50000000000011 79.627282742412305 184.8480902777778 2082.0000000000005 0.019586700058095454 0.29341580954537616 0.047858436853002055 591.00000000000011 44.30150462962964 0.98888751697740473 98.051230942579096 63.550099968482144 57.513165509259267 0.66173792293915501 2905.0000000000005 0.070185074541137607 0.028551300759824854 5.2840841336301807 352.50000000000006 0.69807549912242217 5.7435678864515696 305.69299768518528 5.8435583664112212 327.50000000000006 1189.0000000000002 0.91258497954128281 535.50000000000011 55.95454545454546 82.28526796522506 45.316469794379223 625.50000000000011 65.039279051172727 0.026771745158800604 30.071428571428573 529.50000000000011
decision_type=2 2 2 2 8 2 10 10 2 2 2 2 2 2 2 2 10 2 2 2 2 2 2 2 10 10 2 2 2 2 2 2 10 2 2 8 2 8 2 2 8 2 10 10 10 2 2 2 10 2
left_child=2 8 4 6 5 9 7 48 -2 13 -3 37 36 -1 15 -13 -11 23 42 22 21 -21 -8 24 25 26 -10 -25 29 30 -29 32 -16 -9 -30 -6 -7 38 -5 -39 41 -41 43 44 -19 -42 47 -14 -4 -34
right_child=1 10 3 11 35 12 19 33 17 16 -12 14 46 -15 31 -17 -18 18 -20 20 -22 -23 -24 27 -26 -27 -28 28 34 -31 -32 -33 49 -35 -36 -37 -38 39 -40 40 45 -43 -44 -45 -46 -47 -48 -49 -50 -51
leaf_value=0.0080744576202746443 0.0096087797462139895 0.0073028880233220453 -0.013175828308975034 0.0061925785501671252 0.0046773023611591065 -0.0058844082115004541 -0.010589646545043975 -0.0057511897556862283 0.0019284016389362643 -0.011603736936601269 0.012161925306410368 -0.0062405737442688307 -0.012518653388480221 -0.0089270392632538539 -0.01344095144966735 0.015330075763870415 -0.0040100207997968602 0.0051157139222015062 -0.0082247160535725544 -0.0075618460883533278 -0.011819095808354222 0.010819276933828236 0.0083728166443161681 0.0070149756180628705 0.0072356540687502132 0.019151223523304832 -0.0051765150355849946 0.005424466266998617 -0.018668827592691551 -0.0010554641608579169 -0.023622907053794943 0.0053863495655003838 -0.0096987798383765447 0.015220570857231552 -0.00025253728064497834 -0.00072409231274240041 0.013818143933063581 0.0011621920728105231 -0.013019371964436912 0.0095553310664461769 -0.013336421346254887 -0.0073778483096786944 0.006741255921135514 0.010952289378492059 -0.014846486433978481 -0.0048808345527096156 0.0085994619807293771 0.0040284264371911295 -0.0012598936647963592 -0.00084313387435853743
leaf_weight=29.446582735516131 96.883032911922783 443.04147834423929 376.65645365882665 12.866385444998739 122.49198331055231 101.07730808423366 71.009675737237558 83.753286812920123 96.34265448153019 171.78831201436697 328.70167721481994 10.886446550954135 17.718850393779576 18.199544584844261 33.447708083549514 20.544500483665615 77.11866396619007 10.917470957152544 63.578549297060817 12.42743706749752 19.441683160606772 34.945090773282573 9.7710377702023816 222.92492726724595 132.07265356811695 6.4095575539395204 191.70587195106782 449.72531864861958 9.2146917600184661 134.71987825678661 3.8709568693302563 38.82327557017561 38.666062633041292 7.1848777076229444 114.32253930834122 465.56404793658294 7.5178621823433778 76.769096111180261 94.576036911224946 18.448323589283973 78.334974361700006 20.072151567321271 58.496113817906007 11.75876086624339 22.865576080512255 67.594663135008886 59.656708267983049 47.016855479218066 18.699836176820099 174.09036374842981
leaf_count=706 925 3663 46223 1042 3713 9416 8129 7147 2148 14308 1145 938 1628 1154 4095 408 4798 376 3498 789 1680 1038 334 2644 1748 11 5639 7517 491 3433 215 1810 3975 72 3273 20170 287 6222 12916 1064 9627 1877 1129 228 1461 6093 1791 1956 1107 11668
internal_value=0.000169801 0.00488884 -0.0044736 -0.00674642 -0.00179117 -0.00422561 -0.00942511 -0.0110193 0.00276054 -0.00751076 0.00937246 -0.00426802 -4.417e-05 0.00158032 -0.00162814 0.00785886 -0.00925099 0.00232659 -0.00169086 -0.00417247 0.000813 0.00599726 -0.00829597 0.00282125 0.000637257 -0.00232231 -0.00280016 0.00381779 0.00281655 0.00374948 0.00517656 -0.00267432 -0.00394539 -0.00409419 -0.00162626 0.000401019 -0.00452039 -0.00653408 -0.0107187 -0.00481289 -0.00729975 0.000731845 0.00230206 -0.00339986 -0.00839543 -0.00941981 0.0038636 -0.000500726 -0.0126122 -0.00245256
internal_weight=4834.16 2397.55 2436.61 1319.01 1117.6 529.541 633.889 486.294 1625.81 296.553 771.743 685.12 232.988 47.6461 316.458 31.4309 248.907 1528.93 167.616 147.595 66.8142 47.3725 80.7807 1361.31 426.531 294.458 288.049 934.778 711.853 588.316 453.596 285.027 246.204 90.9382 123.537 588.056 108.595 368.662 107.442 261.219 184.45 38.5205 104.038 45.5418 33.783 145.93 124.392 64.7357 395.356 212.756
internal_count=227725 39544 188181 128254 59927 36044 66519 54549 34736 20966 4808 61735 15078 1860 22894 1346 19106 33811 6692 11970 3507 1827 8463 27119 9546 7798 7787 17573 14929 11165 7732 21548 19738 7219 3764 23883 9703 38841 13958 24883 18661 2941 3194 2065 1837 15720 5375 3584 47330 15643
is_linear=0
shrinkage=0.0118628


Tree=17
num_leaves=51
num_cat=0
split_feature=21 21 0 5 9 6 1 10 7 1 7 6 22 10 11 24 1 8 3 15 16 19 16 17 10 19 20 16 7 4 19 6 4 16 11 4 19 18 22 9 24 1 9 8 17 24 4 7 0 16
split_gain=723.932 158.994 97.5781 56.4842 55.6668 39.6694 38.1792 36.9542 31.8536 26.5694 25.4525 25.2476 24.6578 25.5644 30.7781 23.5095 23.1488 20.4684 20.1656 21.215 20.0935 20.397 19.7072 19.8244 22.758 19.315 18.8464 23.9474 18.4837 18.2323 31.9542 18.0408 25.4715 20.599 18.014 17.4459 19.0901 17.3651 16.6921 17.5255 16.721 16.3938 27.3702 19.9222 16.2995 16.0735 34.5331 20.6954 16.9113 17.7041
threshold=1.5000000000000002 7.5000000000000009 27.500000000000004 0.009848486261548153 0.97397186484444986 90.902054139419008 1765.0000000000002 383.50000000000006 0.80089745372764254 2599.5000000000005 0.64869547622122214 95.021665715372919 50.839743589743598 756.50000000000011 97.500000000000014 5.9231770833333348 2102.5000000000005 6.8057899778532667 112.50000000000001 24.500000000000004 0.019586700058095454 0.38998287671232879 0.0082848844210455016 69.615345860098714 1548.5000000000002 0.78112234355379662 224.50000000000003 0.020442026429327253 0.51309647913373924 947.50000000000011 0.6968203926954315 86.105942136674855 1435.5000000000002 0.016061325594348152 114.50000000000001 671.50000000000011 0.22435427944778943 352.50000000000006 30.071428571428573 0.92770074893896914 71.2482638888889 582.50000000000011 0.94370522461500095 5.7435678864515696 56.719253811719575 181.32566550925932 2001.5000000000002 0.26574200940682519 2.5000000000000004 0.0076738626765034011
decision_type=2 2 2 2 10 10 2 10 2 2 2 10 10 10 2 2 2 10 2 2 2 2 2 2 8 2 2 2 2 2 2 10 2 2 2 2 2 2 10 8 2 2 8 10 2 2 2 2 2 2
left_child=2 7 6 4 5 38 18 15 22 -3 20 34 13 29 -15 -2 -16 -10 31 -20 21 35 28 -24 26 -11 -25 -28 -5 30 -9 32 -1 -34 -8 36 -6 -7 39 -4 -40 42 -41 -44 -33 48 47 -47 -14 -50
right_child=1 9 3 8 10 37 11 12 17 25 -12 -13 45 14 16 -17 -18 -19 19 -21 -22 -23 23 24 -26 -27 27 -29 -30 -31 -32 44 33 -35 -36 -37 -38 -39 40 41 -42 -43 43 -45 -46 46 -48 -49 49 -51
leaf_value=-0.00052972149505174095 0.015287537088845322 0.011692431041787486 -0.015911166781313702 -0.004762051280706627 -0.011446839384612035 -0.0053197346942523904 -0.014820493162788108 -0.013680911350426622 -0.010150654644464808 0.0057081036508493874 -0.018053734747842276 0.003107539255309784 0.0078556709154883036 0.0057311836329612372 -0.015023675582830201 0.0054943282174007525 -0.0035042238950945374 0.0047042376954175352 0.014093238054099877 -0.022261582630438849 0.0024072607338881985 -0.014681652299993315 -0.0036799455483158012 -0.0015486571807889393 -0.012995588649678112 0.014484369066128667 -4.614419433734402e-06 0.012896916213629289 -0.018587589454614188 0.0052172549807435568 0.012773382583082896 -0.023193539782104079 -0.0033411453642032711 -0.020538082684234849 -0.0052333554288982115 -0.0074742854989164262 0.010023102320033709 0.012956254921238499 0.00868892985627784 0.015744887973995213 -0.012529574824969549 -0.012082763114449717 -0.011901780940810432 0.026022249098757846 0.0038011793154868728 -0.013930821121483765 -0.010161461036336276 0.006882287809271994 -0.0010317318602906642 0.0036403095692512139
leaf_weight=418.57628896413371 44.817402128130198 389.65376145765185 155.52343819860835 43.581934779300354 7.8679790047463056 87.455640620086342 31.665259118657559 20.029451057082046 143.58709901652765 249.12649689335376 15.013607343193142 45.988993087550625 112.45717381825671 41.316943735815585 30.663001484237611 149.7836937236134 123.12040466163307 14.358348814304916 23.08705110382289 2.5035395501181474 80.475646133767441 25.665089406305924 363.50287081452552 83.526910904794931 14.710178696550427 41.113575110211968 40.265772289596498 40.722027593292296 19.78601188887842 119.8986107079545 9.4601004598662239 3.2128099310211828 23.959055271290708 16.588652102742344 213.80788602982648 39.97242244775407 22.475097509101033 7.9838322456926099 10.45845319516957 8.1157397071365249 10.446588095976038 214.15246719610877 25.653464097529653 2.1092978715896598 154.49418004450854 7.7239525690674773 39.104924347018823 51.872833846195135 132.52280246419832 822.78032533451915
leaf_count=19130 169 1829 19085 4286 663 7464 2725 862 18063 1794 1935 1194 1388 836 1806 2717 4962 886 457 240 3433 3938 29920 7266 1297 141 2534 693 3032 2972 116 296 1663 1570 15202 3732 726 77 295 785 941 26545 3168 536 4404 344 2101 1004 2931 13572
internal_value=0.000184381 0.00481781 -0.00439938 -0.00629667 -0.00869716 -0.0107043 -0.00139786 0.00288415 -0.00405537 0.0096685 -0.00322611 -0.00495886 0.00225748 -0.000531112 -0.00335889 0.00774977 -0.00580112 -0.00880023 0.000217748 0.0105364 -0.00196448 -0.00563 -0.00281888 -0.00208795 0.00114091 0.00695131 0.00240496 0.00648252 -0.00907901 0.00316195 -0.00519446 -0.000210349 -0.00139937 -0.0103768 -0.00647008 -0.0023261 0.00445587 -0.00379085 -0.0122515 -0.0127844 -0.00191433 -0.0108394 -0.00341822 -0.00902019 0.00325119 0.00308103 -0.00149912 0.00418477 0.00350442 0.00299219
internal_weight=4796.74 2385.45 2411.29 1477.41 713.369 521.899 933.884 1705.55 764.041 679.894 191.47 291.462 1510.95 344.489 195.1 194.601 153.783 157.945 642.422 25.5906 176.456 95.9806 606.096 542.728 179.225 290.24 164.515 80.9878 63.3679 149.388 29.4896 616.831 459.124 40.5477 245.473 70.3155 30.3431 95.4395 426.459 405.554 20.905 250.031 35.8785 27.7628 157.707 1166.46 98.7017 59.5968 1067.76 955.303
internal_count=227725 39544 188181 141300 73323 58896 46881 35780 67977 3764 14427 19121 32894 11554 7604 2886 6768 18949 27760 697 12492 9059 49028 41710 11790 1935 10493 3227 7318 3950 978 27063 22363 3233 17927 5121 1389 7541 51355 50119 1236 31034 4489 3704 4700 21340 3449 1348 17891 16503
is_linear=0
shrinkage=0.0118628


Tree=18
num_leaves=51
num_cat=0
split_feature=21 21 0 5 9 11 0 5 21 19 10 18 4 4 9 15 9 17 18 2 6 6 18 24 1 14 16 9 18 16 6 16 19 10 24 16 21 1 0 0 14 4 19 17 24 13 8 19 17 14
split_gain=691.002 150.092 91.1954 61.5607 48.8974 33.1309 32.8883 33.0884 30.9711 28.6924 28.4472 27.5627 30.1184 25.9073 25.1978 27.6951 25.9876 22.7668 24.5526 22.4648 26.9359 21.9793 21.6767 21.5988 21.5107 20.9613 20.325 24.1204 20.1762 20.0691 19.061 19.162 18.1192 17.8965 17.7948 18.5697 17.7521 36.0556 17.6184 18.2336 17.0506 29.1269 17.0053 16.6886 16.5575 16.5112 17.2632 16.4047 16.2934 18.8206
threshold=1.5000000000000002 6.5000000000000009 43.500000000000007 0.009848486261548153 0.97554424082825764 218.50000000000003 8.5000000000000018 0.063362903580919658 17.500000000000004 0.22435427944778943 383.50000000000006 237.50000000000003 1815.5000000000002 1290.0000000000002 0.96468622107369739 47.500000000000007 0.98390808268599383 59.887674271988004 530.00000000000011 1580.5000000000002 30.997685757693535 52.054284980293716 152.50000000000003 10.321180555555559 2145.0000000000005 348.50000000000006 0.021398063523663004 0.96657373555325454 92.500000000000014 0.043322885201147555 94.798278930242034 0.022627634450581403 0.13659787069788942 293.50000000000006 254.10026041666669 0.0082848844210455016 3.5000000000000004 2905.0000000000005 78.500000000000014 21.500000000000004 473.50000000000006 780.50000000000011 0.65913502070787178 75.416327627977807 7.5616319444444455 1763.5000000000002 5.3776585934062959 0.66949565287479629 69.317622293504428 221.50000000000003
decision_type=2 2 2 2 10 2 2 2 2 2 10 2 2 2 8 2 10 2 2 2 10 10 2 2 2 2 2 8 2 2 10 2 2 8 2 2 2 2 2 2 2 2 2 2 2 2 10 2 2 2
left_child=2 10 4 5 6 -4 11 17 13 25 23 12 21 -3 15 29 19 18 -8 24 -21 33 -9 -2 47 -6 27 -19 -7 -5 -30 -32 -27 -1 35 -23 37 -12 39 42 -37 -42 -15 -14 48 -17 -47 -16 49 -11
right_child=1 8 3 14 9 28 7 22 -10 44 36 -13 43 38 16 45 -18 26 -20 20 -22 34 -24 -25 -26 32 -28 -29 30 -31 31 -33 -34 -35 -36 40 -38 -39 -40 -41 41 -43 -44 -45 -46 46 -48 -49 -50 -51
leaf_value=0.0035708462117611732 0.013416414477491386 0.011994244482563934 -0.013608149053311329 -0.0080468028895925667 -0.013648454457189152 0.012948351610561284 -0.012125858346547889 -0.017676420673626746 0.012422059898831148 -0.011704839153538224 0.0022012478422305348 -0.01492398395447031 -0.011422326735354132 0.0043622336280051341 0.0011614304568185604 0.01354487727764722 -0.012385632523491938 -0.0080813739195815422 0.019778882204393517 0.017672255241840941 -0.018366199598094064 -0.004801756650280215 0.0066162567786175594 0.0044470301759236197 0.01130122825836947 0.0064705937393823116 -0.0013593854038841979 -0.0011432452877154168 -0.0091892024091811877 0.0091257725986076486 -0.0067573955428888765 0.0079854769376180353 -0.018860750881229925 -0.016008974593658135 0.016728640495291876 0.0094450392846629361 0.0036299625923213222 -0.0041127210283171539 0.010810981358322359 0.0015282541055572872 -0.022746088582564498 0.0050261678633365002 0.01248804374023825 0.0013223670029749062 -0.0055730560035004775 -0.015246969176981035 0.0012888140799837031 -0.017989379712540551 0.0071910110961188479 0.0026760743846836778
leaf_weight=13.004487319849433 53.84311898984015 127.73999158944935 197.11234015226364 296.25358766238787 27.457491435110569 6.6936376109952098 93.115707998629659 5.7895122542977324 256.63416654802859 14.115725975250824 650.32979309349321 16.016082621645182 34.719261615304276 98.577249715104699 120.32460637844633 11.843813281273468 23.750973201356828 272.90760000713635 3.5224915738217524 3.6139800772070911 15.162307563237844 27.015391461085528 48.212611990864389 126.65266638668254 30.181834491435438 19.836835562717173 173.07958757551387 95.08049048029352 261.08940056373831 9.8966696248389763 34.352711742511019 19.419604655355215 4.9687652285210779 13.275133184390141 17.385215192334726 71.333604490151629 623.07114965864457 158.24325288424734 79.046794415917248 147.20671381894499 6.8197356383316245 24.069161810446531 57.315771325491369 24.777203293051571 28.583702402422205 10.942357893800361 47.242204619105905 6.6417218297719947 119.77988036046736 138.05037802166771
leaf_count=431 252 640 23765 33944 2019 247 9115 807 820 839 15492 1376 2786 909 8824 323 2653 25522 14 57 1350 1062 2674 2534 1337 457 9281 5647 29115 390 3573 958 309 1062 229 1645 10081 6377 466 1673 487 724 300 1317 1524 1287 2455 899 3000 4677
internal_value=0.000214155 0.00473942 -0.00429447 -0.00681435 -0.00216126 -0.00977876 -0.00357449 -0.00490415 0.00906095 0.0016047 0.00268467 0.000127939 0.00116528 0.00736924 -0.00414433 -0.00595224 -0.000738316 -0.00565917 -0.0109629 0.00083417 -0.0114295 0.00367041 0.00401177 0.00712268 0.00229947 -0.00650779 -0.00471189 -0.00628871 -0.00743134 -0.00749167 -0.00786461 -0.00143306 0.00139633 -0.00631996 0.00546102 0.00394524 0.00212515 0.00096556 0.00582324 0.00452245 0.00625691 -0.00110565 0.0073498 -0.00611484 0.0030155 0.000777845 -0.00182102 0.000159589 0.00391823 0.001342
internal_weight=4766.1 2378.66 2387.44 1094.52 1292.92 518.668 940.123 691.708 766.521 352.793 1612.14 248.415 232.399 509.887 575.854 376.179 199.675 637.706 96.6382 175.924 18.7763 172.903 54.0021 180.496 157.148 52.2631 541.068 367.988 321.555 306.15 314.862 53.7723 24.8056 26.2796 146.623 129.238 1431.64 808.573 382.147 303.1 102.223 30.8889 155.893 59.4965 300.53 70.0284 58.1846 126.966 271.946 152.166
internal_count=227725 39544 188181 111177 77004 57658 64179 53060 4808 12825 34736 11119 9743 3988 53519 38399 15120 49579 9129 12467 1407 5640 3481 2786 11060 2785 40450 31169 33893 34334 33646 4531 766 1493 4147 3918 31950 21869 3348 2882 2856 1211 1209 4103 10040 4065 3742 9723 8516 5516
is_linear=0
shrinkage=0.0118628


Tree=19
num_leaves=51
num_cat=0
split_feature=21 21 0 5 9 0 5 10 11 4 18 6 1 9 15 9 24 19 24 5 14 16 16 17 22 10 8 5 6 19 18 6 2 6 1 9 16 11 9 11 19 17 24 13 13 7 11 20 14 8
split_gain=653.889 154.703 95.0166 60.6968 50.7898 36.2217 34.1227 33.7497 31.5521 26.0476 31.8193 25.7729 25.2198 24.2147 28.7995 23.8015 23.0648 22.0637 21.7545 21.5518 21.5426 20.2175 20.019 22.7275 19.8146 22.2998 21.8906 19.0825 18.3958 18.3649 18.172 18.9137 17.789 24.5801 19.8344 17.624 17.4709 17.3315 16.9528 16.9003 16.7166 16.3087 16.2492 16.0462 15.6298 16.8291 15.6655 15.3835 22.4819 15.353
threshold=1.5000000000000002 7.5000000000000009 43.500000000000007 0.009848486261548153 0.97554424082825764 8.5000000000000018 0.047632444332354508 383.50000000000006 218.50000000000003 1815.5000000000002 237.50000000000003 81.960935333218558 2599.5000000000005 0.96468622107369739 47.500000000000007 0.98390808268599383 11.377748842592593 0.22435427944778943 73.974681712962976 0.012130893600542153 348.50000000000006 0.043322885201147555 0.0073642228473940006 60.448306237603923 52.490740740740748 686.50000000000011 6.236502930006119 0.036301549259116009 52.054284980293716 0.78112234355379662 92.500000000000014 94.798278930242034 1580.5000000000002 30.997685757693535 2145.0000000000005 0.92770074893896914 0.022627634450581403 97.500000000000014 0.86197443848171496 21.500000000000004 0.32406333247400532 75.416327627977807 126.13657407407409 781.50000000000011 1763.5000000000002 0.76577790967997239 398.50000000000006 255.50000000000003 603.50000000000011 5.6127111388904565
decision_type=2 2 2 2 10 2 2 10 2 2 2 10 2 8 2 10 2 2 2 2 2 2 2 2 10 10 10 2 10 2 2 10 2 10 2 10 2 2 8 2 2 2 2 2 2 2 2 2 2 10
left_child=2 7 4 8 5 9 11 16 -4 10 28 19 42 14 21 32 -2 20 40 35 -6 -5 -21 -24 25 26 -9 -25 39 -14 -10 -32 34 -34 -15 -7 -33 -27 -18 -1 -8 -11 -3 -22 -16 -46 -47 -13 -49 -37
right_child=1 12 3 13 17 6 18 24 30 41 -12 47 29 15 44 -17 38 -19 -20 22 43 -23 23 27 -26 37 -28 -29 -30 -31 31 36 33 -35 -36 49 -38 -39 -40 -41 -42 -43 -44 -45 45 46 -48 48 -50 -51
leaf_value=0.0093269013540441727 0.013381052406957663 0.011904982543840139 -0.013524743252110063 -0.0080921023556476662 -0.013580154957392721 -0.014152594834070553 -0.019019394443452173 0.0012289801603543489 0.011886813252535358 -0.010809865134825658 -0.020013280846716816 -0.0045073690557627952 0.0055691102560854935 -0.00021635838813735303 0.012455762894140878 -0.012324114016739943 -0.010711705251062385 0.0030175155029457303 -0.018563357406908825 -0.018367899058880192 0.011573816436966268 0.0085563111723862047 -0.01241534357911653 0.00014493315943088712 0.0029761000392642487 0.0044286869218349125 0.012262945482681637 -0.013918633993245689 0.0054324829569379514 0.014129971570805982 -0.0092116361134360388 -0.0067452353570429842 0.016083963311475567 -0.018162793357805199 0.010137155924853021 0.00028815089448886469 0.0070985897239172835 -0.0035131064899978819 0.0057752099084331654 -0.011926310411765137 0.0053819398601196635 0.0013207259659855856 -0.00098384031228460414 -0.0073326565215647652 0.0027125052035597251 -0.016561364951608228 0.0086902054164427322 0.0090572164687310781 -0.005710295632498281 -0.0093398039265244343
leaf_weight=7.5200098874047425 61.690033270046115 372.08515035547316 192.73688143491745 291.52005880614161 24.017217936983798 86.159461960545741 4.1788520696572951 118.28768581757322 6.7046301339287302 39.214595981058665 8.2416000810917449 125.18149795942008 247.03119853138924 128.4162311302498 13.302721065934746 22.38547908840701 9.4536978574469668 305.63856022071559 6.4953885329887262 13.568951668683438 12.62068032147363 10.63922944315709 32.128938953508623 126.48804773588199 1086.591020509135 46.896694416645914 32.187581988051534 15.209707854781298 148.25953331287019 41.135628633201122 254.62524950678926 33.962234952487051 3.7640747083351043 13.620846471399998 32.660788484616205 29.356251237797551 20.61519261286594 220.42836917098612 122.51965752942488 17.558320639887825 72.319843606092036 25.895610371604562 14.293813666328786 12.647406422067432 39.034679229836911 15.072122168960052 4.4861937635578206 34.351497010095045 25.112991638714448 113.11901953548659
leaf_count=178 294 1594 23765 33944 2019 8842 702 3257 247 3257 895 8458 1794 9723 323 2653 462 10040 895 1951 210 390 3436 8179 19204 978 428 1615 4147 141 29115 3573 57 1350 1337 1873 958 9027 2130 1315 3857 1327 235 556 1832 1783 127 1052 1732 10468
internal_value=0.000239271 0.00464115 -0.00416961 -0.0067572 -0.00198817 -0.00344469 -0.00485073 0.00273194 -0.00974213 0.000451967 0.00276023 -0.00583585 0.00944725 -0.00411627 -0.00590027 -0.000793788 0.00739319 0.0018298 0.00227913 -0.00747287 -0.0055357 -0.00750589 -0.00449052 -0.00340722 0.00213189 -6.36783e-05 0.00358924 -0.00136467 0.00384307 0.00679118 -0.00743433 -0.0078533 0.000652546 -0.0107477 0.00188299 -0.00991728 -0.00151608 -0.00211988 0.00459417 -0.00555326 0.0040489 -0.00598531 0.0114282 0.00211061 0.000847763 -0.00178773 -0.0107692 -0.00214742 0.00282062 -0.00735602
internal_weight=4741.43 2372.6 2368.83 1083.55 1285.28 930.36 683.67 1698.05 508.644 246.69 181.579 600.676 674.546 574.902 374.055 200.847 193.663 354.924 82.9941 416.03 49.2853 302.159 187.396 173.827 1504.39 417.8 150.475 141.698 173.338 288.167 315.907 309.203 178.462 17.3849 161.077 228.635 54.5774 267.325 131.973 25.0783 76.4987 65.1102 386.379 25.2681 71.8957 58.593 19.5583 184.646 59.4645 142.475
internal_count=227725 39544 188181 111177 77004 64179 53060 35780 57658 11119 6535 47606 3764 53519 38399 15120 2886 12825 5454 36364 2785 34334 15181 13230 32894 13690 3685 9794 5640 1935 33893 33646 12467 1407 11060 21183 4531 10005 2592 1493 4559 4584 1829 766 4065 3742 1910 11242 2784 12341
is_linear=0
shrinkage=0.0118628


Tree=20
num_leaves=51
num_cat=0
split_feature=21 21 0 22 11 25 16 7 24 24 24 5 17 5 15 20 22 18 9 0 19 4 1 10 5 16 17 11 11 9 7 17 24 10 5 9 16 8 24 20 17 24 10 4 13 5 6 20 3 25
split_gain=698.563 97.9153 64.9486 70.7148 87.6801 36.8152 35.9978 33.9322 31.4087 30.8985 28.5322 28.3602 30.3477 27.681 27.0681 26.3121 25.0366 26.7268 25.3819 23.5963 23.5908 22.4468 21.7313 25.1673 21.3099 19.6142 19.7305 20.3109 19.0667 19.0108 18.9367 18.9055 18.6961 18.0626 19.9769 17.6958 17.6656 19.2596 17.678 18.2087 17.6277 17.32 16.6005 16.582 16.5379 19.4576 16.454 18.2581 20.0519 16.4072
threshold=2.5000000000000004 5.5000000000000009 16.500000000000004 14.03703703703704 183.50000000000003 0.62828947368421062 0.021009081621710054 0.55202509675647715 202.88903356481484 18.679253472222225 58.830005787037045 0.01423971187455335 74.178462636642081 0.033503306354176109 76.500000000000014 263.50000000000006 2.0833333333333335 172.50000000000003 0.9747040269181434 80.500000000000014 0.4988584415381328 1369.5000000000002 1138.0000000000002 413.00000000000006 0.31214361046064748 0.0068517009306482508 59.558442225281446 185.50000000000003 667.50000000000011 0.9687029411207948 0.70261376153192689 68.509909587711704 29.86168981481482 1327.5000000000002 0.004723107870786801 0.9626672003822403 0.017826756457703152 5.8679330214921173 29.418547453703706 492.50000000000006 83.293932705746599 4.2200520833333339 1908.0000000000002 1567.5000000000002 274.50000000000006 0.012817481934255052 81.344777068352585 221.50000000000003 3.5000000000000004 0.73798627002288331
decision_type=2 2 2 10 2 10 2 2 2 2 2 2 2 2 2 2 10 2 10 2 2 2 2 8 2 2 2 2 2 10 2 2 2 8 2 8 2 8 2 2 2 2 8 2 2 2 10 2 2 10
left_child=2 11 13 4 29 19 7 9 36 15 -7 25 -13 22 28 -6 17 20 44 32 31 -12 23 -1 -9 35 27 -27 30 -4 -15 -8 41 -17 -35 49 37 -5 -39 -40 -37 -3 -34 -23 -19 -46 -24 48 -48 -2
right_child=1 5 3 8 6 10 16 24 -10 -11 21 12 -14 14 -16 33 -18 18 -20 -21 -22 43 46 -25 -26 26 -28 -29 -30 -31 -32 -33 42 34 -36 40 -38 38 39 -41 -42 -43 -44 -45 45 -47 47 -49 -50 -51
leaf_value=-0.0035297090662807138 -0.010422378651578267 0.0064265692346465973 -0.011038429869921349 0.0048818468028446402 -0.0054225017468872913 0.010869759527193438 -0.0071211992759911899 -0.010410698174318585 -0.0082182033907043667 -0.01694826828008078 0.011204345651492711 -0.0031605639360117784 0.0074116331062601343 0.0058232742482318767 0.015933291117229288 -0.0020300449772800268 -0.017703300055698808 0.012136216712763079 0.0017944044069893386 0.012169947846333976 0.0092259811770569189 -0.021567786150636148 -0.0065776301999135259 0.0036841711958663201 0.013643303486369173 0.0050258050394816839 0.0054603163943470904 -0.006757747787556276 -0.019480939820595924 -0.0049202679730444366 -0.0051098544615499107 0.0045645309208037889 0.0058888839446858627 -0.0098328301190725009 0.010546354944494251 -0.0080934903386183175 0.0036997313309804505 -0.016276733479426785 -0.0050404359102639035 0.0069277825425353851 0.0095835800347779596 -0.0074431405634875335 -0.015566145075764384 0.0027134268223482413 -0.010766231830021792 -0.0028929427194498715 0.0012101078744551862 0.0035351992220089877 -0.011872402371842294 0.0093713258937667826
leaf_weight=122.05865260609426 33.897926096571609 18.199907573871315 433.81622193893418 45.150571631034836 305.51101276988629 551.7322835973464 36.169401590712368 204.67894690064713 61.520640027942136 24.969544989755377 54.152981637045741 173.53378412732854 48.997245766455308 80.168845180887729 22.403495873324573 110.14553621667437 12.968798611080272 7.1191018070094279 100.51386988628656 40.79577806359157 56.544345447677188 4.1312827598303548 168.17317837240989 153.8247539952863 5.3173417598009101 41.994455825304613 571.01300361519679 40.376275450922549 5.6901421688962719 85.569552767090499 30.881445981329307 42.228907312033698 111.99375576851889 8.2688903813250345 37.31208912783768 11.348728877026586 169.40205367736053 14.936826532823032 84.273327718721703 22.709709382615983 26.417916303966194 41.699983502738178 5.3155757179483762 94.154341673944145 77.836926969815977 102.13234593137167 32.892200717935339 64.328068914124742 33.056419191882014 7.1331014204770318
leaf_count=4939 1062 146 50485 1340 30400 2676 2879 24225 4729 3293 404 4565 778 2693 240 8438 1447 233 5012 264 2371 115 11161 4255 155 693 8791 1087 688 6875 2036 1643 1226 825 1346 323 5046 794 3566 533 369 773 92 1164 8140 7883 1286 1789 2023 117
internal_value=-4.57387e-05 0.00553887 -0.00383992 -0.00491322 -0.00599518 0.00829578 -0.00414324 -0.0058166 -0.000424637 -0.00409544 0.0096146 0.00287592 -0.000832753 -0.000757399 0.00398979 -0.00339963 -0.00146825 -0.000969948 -0.00301357 0.00403588 0.00338561 0.0050717 -0.0019075 0.000492545 -0.0098016 0.0040031 0.00467737 -0.000750231 0.00169769 -0.0100305 0.00278293 -0.000826739 0.00216329 0.000568939 0.0068493 -0.00158789 0.00100035 -0.00173671 -0.00418777 -0.00249988 0.00427166 -0.00322897 0.00491666 0.00169273 -0.00559668 -0.00629816 -0.00412608 -0.000961381 -0.00534746 -0.00698126
internal_weight=4639.46 1876.89 2762.57 2049.1 1651.1 922.176 1131.72 696.203 397.993 486.207 704.171 954.712 222.531 713.477 139.144 461.238 435.514 422.545 287.602 218.005 134.943 152.439 574.333 275.883 209.996 732.181 653.384 82.3707 116.74 519.386 111.05 78.3983 177.209 155.727 45.581 78.7977 336.472 167.07 121.92 106.983 37.7666 59.8999 117.309 98.2856 187.088 179.969 298.45 130.277 65.9486 41.031
internal_count=227413 24645 202768 171658 155650 6860 98290 68682 16008 44302 4359 17785 5343 31110 5657 41009 29608 28161 21268 2501 6893 1683 25453 9194 24380 12442 10571 1780 5417 57360 4729 4522 2237 10609 2171 1871 11279 6233 4893 4099 692 919 1318 1279 16256 16023 16259 5098 3309 1179
is_linear=0
shrinkage=0.0118628


Tree=21
num_leaves=51
num_cat=0
split_feature=21 21 0 11 22 15 24 18 25 5 16 24 5 24 6 16 16 9 14 0 13 3 5 18 25 0 7 3 24 25 24 20 7 2 0 1 13 4 24 20 7 11 7 22 13 13 24 3 17 7
split_gain=681.331 95.5756 65.823 66.9099 67.2462 47.54 39.1646 35.4196 34.7023 29.5802 28.3598 27.5499 26.1891 29.9229 26.3413 23.6999 36.1824 33.0726 37.9859 25.322 27.346 22.9848 22.3836 22.0375 21.4158 20.232 20.0702 18.2628 18.1944 62.0933 28.9606 24.2474 18.4985 19.3215 18.1441 22.8517 18.0488 20.8318 17.5958 20.0741 19.1267 16.8783 16.7203 23.1616 18.1783 16.7198 16.8256 16.5915 16.5628 16.1123
threshold=2.5000000000000004 5.5000000000000009 27.500000000000004 183.50000000000003 15.071428571428573 4.5000000000000009 72.452690972222243 202.50000000000003 0.62828947368421062 0.019678087579286106 0.022090733220628402 35.747829861111121 0.01423971187455335 134.81452546296299 69.619710405493265 0.021009081621710054 0.015980215116526451 0.94708212146677984 348.50000000000006 2.5000000000000004 250.50000000000003 36.500000000000007 0.013847002977437703 302.50000000000006 0.48333333333333339 76.500000000000014 0.12810324476962778 12.500000000000002 46.545283564814824 0.73798627002288331 68.369212962962976 85.500000000000014 0.71148279952550431 923.50000000000011 6.5000000000000009 1890.5000000000002 842.50000000000011 885.00000000000011 126.13657407407409 153.50000000000003 0.54921456267426538 334.50000000000006 0.59187995809010641 3.6904761904761911 502.50000000000006 2028.5000000000002 94.624421296296319 24.500000000000004 59.887674271988004 0.3888174789815963
decision_type=2 2 2 2 10 2 2 2 10 2 2 2 2 2 10 2 2 8 2 2 2 2 2 2 10 2 2 2 2 10 2 2 2 2 2 2 2 2 2 2 2 2 2 10 2 2 2 2 2 2
left_child=2 12 15 4 9 -5 -6 10 25 24 42 -10 28 14 26 16 17 27 -19 -17 -21 47 -9 -15 -4 -3 -14 -1 29 31 -30 -2 33 -32 35 -33 37 -20 39 -28 -41 -39 48 -44 -45 -22 -47 -16 -7 -13
right_child=1 8 3 5 6 7 -8 22 11 -11 -12 49 13 23 21 19 -18 18 36 20 45 -23 -24 -25 -26 -27 38 -29 30 -31 32 34 -34 -35 -36 -37 -38 41 -40 40 -42 -43 43 44 -46 46 -48 -49 -50 -51
leaf_value=-0.010611944716488495 0.015707913345344385 0.0021219423584193852 -0.013676853382695833 -0.0096301160205027082 0.0080211704944158947 -0.014932002276677668 -0.0089599564223776657 -0.0086858064748730878 0.011253372965256317 -0.0061978037877525229 0.0023523238477652698 0.012718216842242964 0.012397827901261959 -0.014542676098811512 0.0019761669438075405 0.0082043252809347027 -0.0079552902801609589 -0.0040625271624229464 0.016425033450916959 0.015714486346319032 -0.0023170461071178941 0.0088776736834350906 -0.002713140110067065 0.013598954979301324 0.0012680430192993106 0.010851043095586467 0.00098716968720358395 -0.0023985819605823232 0.0093362419405125345 0.0093405147670927915 0.0069037634505203687 -0.015743610064319902 -0.0046284780792475982 0.0007165456915429109 -0.006512891798983028 0.008252314856277497 0.00184148855571856 0.014274693950183548 0.014172525641120409 -0.02147831343323741 -0.0058876253623049478 -0.0090474350290276912 -0.01048345185124511 0.017234403861904179 -0.0033423772549981126 0.0074859668705372553 -0.01315172754465182 -0.024547436793229356 -0.00091369789621645228 0.0049507760624398498
leaf_weight=68.347428852808662 9.077517628669737 168.06682758638635 271.92716806521639 163.61235672445036 47.12385192932561 12.34795664960984 32.154676854377612 179.86598124937154 451.28186418488622 134.95632838224992 222.05983978824224 45.924093049950898 10.823077303357421 29.96895162248984 9.2127463445067388 56.126820739242248 151.1169976615347 156.19152729702182 28.517164838965982 14.181827495340256 268.18182422511745 70.005757879465818 173.45449355128221 4.5042551173828533 14.197873456403611 48.047636375762522 33.781781682744622 86.079358468035934 163.66934198024683 87.334916641470045 164.81952154543251 7.0279554559383532 37.392986211692914 124.81361178681254 115.21309321024455 27.194359707646072 184.71689887763932 7.2329989494755891 6.4722922537475815 16.144762748386711 35.252061643637717 11.018865202320738 76.626336611341685 7.6867377529852083 28.229808125412092 46.197476207977161 6.3194981885608277 5.1874232459813348 300.4506238977192 206.87718946579844
leaf_count=5440 54 2181 33523 19236 998 1515 2026 17849 2032 15790 11973 231 117 1554 115 1303 10366 8388 218 100 12358 939 13551 49 1059 320 706 6536 1555 878 2236 217 1237 2677 3192 396 5754 129 65 626 973 527 9547 93 1452 1266 416 199 21355 2096
internal_value=-1.68783e-05 0.0054904 -0.00377951 -0.00526096 -0.00888892 -0.00370189 0.00113377 -0.00273265 0.00822076 -0.0107759 -0.00108392 0.00949707 0.0028675 -0.000710527 0.00116277 -0.00150494 -0.00282215 -0.00139123 0.000458061 0.000830365 -0.000405536 0.00607007 -0.00575367 -0.0108656 -0.0129353 0.00406265 -0.00287929 -0.00603373 0.0039428 0.00130872 0.00526252 -0.00311652 0.00322371 0.00423747 -0.00426005 0.00332436 0.00350826 0.0100912 -0.00468341 -0.00611623 -0.0107851 0.000194942 -0.0028779 -0.00679904 0.00106152 -0.00111841 0.00500251 -0.00757887 -0.0014671 0.00636183
internal_weight=4627.02 1878.09 2748.92 1664.69 500.36 1164.33 79.2785 1000.72 920.198 421.081 647.401 704.083 957.896 221.353 186.88 1084.23 693.221 542.104 387.677 391.007 334.881 84.4059 353.32 34.4732 286.125 216.114 102.474 154.427 736.543 245.848 490.695 158.513 327.026 289.633 149.435 34.2223 231.486 46.769 91.6509 85.1786 51.3968 18.2519 425.341 112.543 35.9165 320.699 52.517 14.4002 312.799 252.801
internal_count=227413 24645 202768 149967 53396 96571 3024 77335 6860 50372 45935 4359 17785 5343 3740 52801 37358 26992 15016 15443 14140 1253 31400 1603 34582 2501 2487 11976 12442 4737 7705 3859 6150 4913 3805 613 6628 874 2370 2305 1599 656 33962 11092 1545 14040 1682 314 22870 2327
is_linear=0
shrinkage=0.0118628


Tree=22
num_leaves=51
num_cat=0
split_feature=21 21 22 9 16 0 25 24 15 20 17 5 11 16 11 5 9 17 9 22 10 16 4 24 7 24 6 24 24 24 0 7 16 14 15 17 18 17 2 11 7 16 6 16 18 0 9 19 11 14
split_gain=677.383 84.5919 70.5997 86.4086 51.4766 38.238 33.0634 29.0836 27.9899 27.2404 28.6277 26.3605 25.5954 25.2856 28.6866 23.4858 26.2665 21.8544 21.3814 20.639 38.029 20.6165 20.5566 20.2586 19.2992 19.2009 19.1275 18.2432 26.3218 24.3932 17.8938 20.2748 17.4227 17.0451 17.0267 16.8608 16.7338 16.2812 15.8138 15.7427 15.4332 15.4117 15.0808 15.6042 16.7257 16.4051 15.0393 15.0264 15.4997 14.9134
threshold=2.5000000000000004 5.5000000000000009 50.348484848484858 0.95952657279286113 0.020913790104127805 34.500000000000007 0.86038961038961048 35.747829861111121 6.5000000000000009 230.50000000000003 59.466541143533107 0.012429437083417651 398.50000000000006 0.022518695415891656 864.50000000000011 0.028365069432028104 0.93165153342753093 58.778279440378029 0.97445647252290912 50.348484848484858 640.50000000000011 0.0085429539888742505 1499.5000000000002 41.021846064814824 0.59510184097835472 59.932436342592602 26.161682588477934 43.622395833333336 0.81901041666666674 59.932436342592602 12.500000000000002 0.73126452494873562 0.019922208698413154 208.50000000000003 78.000000000000014 75.416327627977807 97.500000000000014 56.395885498248795 786.50000000000011 839.50000000000011 0.79691757697900645 0.015823592507156151 93.509563287865191 0.026002751202679652 217.50000000000003 16.500000000000004 0.98390808268599383 0.76599733636413714 439.50000000000006 411.50000000000006
decision_type=2 2 10 10 2 2 10 2 2 2 2 2 2 2 2 2 10 2 8 10 10 2 2 2 2 2 10 2 2 2 2 2 2 2 2 2 2 2 2 2 2 2 10 2 2 2 10 2 2 2
left_child=2 17 3 4 30 8 18 -8 -6 -5 -11 -7 22 -4 -15 16 35 24 -3 20 21 -19 -13 -9 38 -17 -12 28 -21 -29 -1 36 41 -18 -34 39 -32 -26 -2 -10 -31 -30 43 45 -45 -28 -44 -33 -49 -25
right_child=1 6 13 9 5 11 7 23 15 10 26 12 -14 14 -16 25 33 19 -20 27 -22 -23 -24 49 37 -27 42 29 32 40 31 47 34 -35 -36 -37 -38 -39 -40 -41 -42 -43 46 44 -46 -47 -48 48 -50 -51
leaf_value=-0.0046504468160269248 -0.020263602782672318 0.0054706968379567142 -0.00097439130848250963 -0.0036250132438217734 0.018854224703060255 -0.011065414350368803 0.011653325574421381 -0.01062868593327432 -0.012381870233325662 -0.010421559720018649 -0.018150964239370942 -0.0023928058035625559 0.002785338583514636 0.0069496702321836315 -0.021861204179060699 0.0063396613292067026 -0.018426071048589739 -0.022010394361124605 -0.019321891166914285 0.013454409227285601 -0.0056754781376175773 0.0078342218577899508 -0.013262287031285149 0.0017192010265808329 0.00741042532194659 -0.01239396195886628 0.0051104136995615218 0.0096667522000754378 -0.00076287527410948705 0.0045784156468287093 0.0054252606293270665 -0.012982534269129323 0.006622793607358156 0.0029318817329158369 -0.015989465220706999 0.01090071239902351 -0.0081657775107762485 -0.007711074196685431 -0.0039061088478018501 0.0077755132526108181 -0.0064390297728778361 -0.012107966928187842 -0.0018243259730837721 0.0097029756610699028 -0.02086686375223995 -0.00073379058170070064 -0.019255347670424867 -0.0076792689296110552 0.017599449969815242 0.0090939525129102861
leaf_weight=136.13399037875934 11.519600098952649 322.01455879793502 288.83445013244636 634.80769539269386 10.445723678916691 112.79140164528508 394.17244386533275 9.7256982978433353 60.574810170684941 33.149732304504141 7.1885753590613595 55.591695398325101 57.119768687756732 107.70381758501753 5.093045405112206 68.878179692197591 5.7132177860476068 3.432451249100267 4.970385185442864 23.064726125448942 83.721860259538516 63.717669284553267 43.758764539379627 54.578325875103474 31.99482928076759 8.6679266390856338 101.10294398531551 152.5703984037973 96.225849664304405 331.41678563668393 13.20322936947923 221.80856730870437 60.82636838988401 66.0078190745553 5.076985086197964 5.5795031818561247 370.04618296120316 14.588534556329249 29.916663202922791 5.9914164640940717 18.913157660514116 20.426944047212601 43.848259635502473 50.384219006402418 2.6508798963623112 203.93217866885243 8.2807116848416609 16.386168400757018 4.3111574281938365 131.71202548127621
leaf_count=8998 400 3273 9613 48417 56 12850 1641 124 5073 3019 653 5645 3213 2326 345 2638 479 147 103 141 3071 1008 5017 634 510 775 2508 1255 2303 5284 848 29053 856 2659 161 149 39708 501 857 149 699 592 1880 1098 215 13210 507 1594 73 1085
internal_value=3.21014e-05 0.00555175 -0.00371042 -0.00449647 -0.00660589 -0.0036529 0.0081198 0.0097963 -0.000121565 -0.00204175 0.000189071 -0.00669369 -0.00354231 0.000885694 0.00564873 -0.00101682 -0.00385335 0.00306567 0.00509381 0.00364228 -0.00034161 0.00630858 -0.00718028 0.00606196 -0.00256411 0.00424561 0.0010318 0.0044906 0.00151368 0.00570778 -0.00854818 -0.00939613 5.02616e-06 0.00123045 0.00488074 -0.00890721 -0.00769755 0.0026748 -0.00845375 -0.0105675 0.00398361 -0.00274953 0.00136798 0.00223585 0.00817486 0.00120326 -0.00459336 -0.0120805 -0.00241363 0.00693335
internal_weight=4614.57 1864.59 2749.99 2348.35 1263.01 501.12 917.173 590.188 231.859 1085.35 450.538 269.262 156.47 401.631 112.797 221.413 143.867 947.413 326.985 859.393 150.872 67.1501 99.3505 196.016 88.0196 77.5461 417.388 708.521 205.621 502.9 761.889 625.755 182.556 71.721 65.9034 72.1457 383.249 46.5834 41.4363 66.5662 350.33 116.653 410.199 358.07 53.0351 305.035 52.129 242.506 20.6973 186.29
internal_count=227413 24645 202768 190484 118977 38703 6860 3484 11978 71507 23090 26725 13875 12284 2671 11922 8509 17785 3376 15517 4226 1155 10662 1843 2268 3413 20071 11291 4053 7238 80274 71276 3912 3138 1017 5371 40556 1011 1257 5222 5983 2895 19418 17031 1313 15718 2387 30720 1667 1719
is_linear=0
shrinkage=0.0118628


Tree=23
num_leaves=51
num_cat=0
split_feature=21 21 22 9 5 16 6 25 20 17 9 0 16 11 16 24 22 13 20 4 17 10 3 22 8 11 0 16 24 25 17 6 24 20 24 17 15 0 25 18 8 13 15 16 5 0 24 1 15 22
split_gain=665.125 79.115 69.8257 83.3251 49.519 38.8231 36.7528 33.2213 29.0273 26.0898 24.8063 26.5227 23.8785 22.1337 21.5526 20.9637 20.1129 20.0528 19.7866 19.6891 21.4057 20.1206 19.0123 18.9767 18.9665 18.494 19.0839 17.8945 17.5103 25.5711 17.1202 16.8562 16.8203 15.9413 24.3942 16.1548 15.9154 15.3202 15.319 15.3153 15.1739 17.531 15.1721 15.0516 19.6635 19.1169 16.9298 16.6259 15.451 17.6994
threshold=2.5000000000000004 5.5000000000000009 50.348484848484858 0.95952657279286113 0.012817481934255052 0.020913790104127805 86.105942136674855 0.55050505050505061 230.50000000000003 59.466541143533107 0.91178661280562989 17.500000000000004 0.022518695415891656 864.50000000000011 0.0061674056685793515 8.715133101851853 4.0555555555555562 274.50000000000006 643.50000000000011 2928.5000000000005 62.010464190392234 849.50000000000011 11.500000000000002 50.348484848484858 6.7925172037083383 221.50000000000003 16.500000000000004 0.0055555984228273011 29.86168981481482 0.087121212121212113 65.133726755249896 26.161682588477934 259.17925347222229 172.50000000000003 44.822482638888893 60.329016390560874 14.500000000000002 55.500000000000007 0.48333333333333339 187.50000000000003 5.9863446966312592 2270.5000000000005 6.5000000000000009 0.026002751202679652 0.029886685903845505 83.500000000000014 263.93865740740745 2665.5000000000005 28.500000000000004 4.916666666666667
decision_type=2 2 10 10 2 2 10 10 2 2 8 2 2 2 2 2 10 2 2 2 2 10 2 10 8 2 2 2 2 10 2 10 2 2 2 2 2 2 10 2 8 2 2 2 2 2 2 2 2 8
left_child=2 16 3 4 6 18 10 19 -5 -10 38 14 -4 -14 -12 -9 -2 -8 -6 20 -3 -22 27 40 -23 26 39 -18 29 -21 -20 -11 33 35 -35 -25 -13 -38 -1 -7 41 -24 -16 44 45 46 48 -46 49 -33
right_child=1 7 12 8 5 25 17 15 9 31 11 36 13 -15 42 -17 22 -19 30 28 21 24 23 32 -26 -27 -28 -29 -30 -31 -32 43 -34 34 -36 -37 37 -39 -40 -41 -42 -43 -44 -45 47 -47 -48 -49 -50 -51
leaf_value=-0.01438963548501759 -0.01215034558244517 -0.020175314783545464 -0.00092457783966679843 -0.0036766449205044688 -0.0078005731231737463 0.0071410093472756286 0.0086738036341605824 0.012470809934465015 -0.010183461659731973 -0.017616334883878721 -0.017435039578422077 -0.013196733376251426 0.0064665542839467075 -0.021262083072636967 0.010254068464575376 0.007952064858200672 -0.0023047439091842745 -0.0048455563898380091 0.01250352794825136 -0.012361519316807028 0.0070096622071862402 -0.017862535174023645 0.0071118229147814453 -0.0063852602545948585 0.0039190317186827365 0.001644350349032625 -0.007538848170763556 0.0055557555453583599 0.0089888603699249739 0.0073984223982688641 -0.0098606209629551866 -0.021878186639614959 -0.020321878010173995 -0.0063590233276417446 0.0032151485197781716 0.0072716841070661993 -0.0035130477735084457 -0.011549428857680677 -0.0019632966446192176 -0.01025607970266806 -0.0078733866394885763 -0.020836179336018969 -0.0029364960827615847 0.0068592949418005708 0.0067348007140472874 -0.011141993373215713 -0.021724192345285061 -0.021607466714755032 -0.0046221380303603085 0.0026539438808843925
leaf_weight=180.702455784427 11.9693167344667 7.841829919256269 285.28656065254472 629.3281145663932 283.8130589062348 27.605152373202145 18.232711996417493 200.12187992967665 31.357364045921713 6.7134612323716274 12.051429724087937 122.42809585912619 111.69011631770991 4.203216034686192 15.183694358915089 519.64019003650174 44.680391061119735 100.77533117379062 13.010974013246598 15.364245058037339 31.026356074027717 12.063188386149706 22.945432971231643 13.471149048302321 10.541708852164446 167.35187064693309 84.746273058233783 464.00436248723418 94.672460529021919 23.030414740554988 7.6483536357991388 4.2360423789359629 4.4320473216939709 50.474581142421812 145.13306758645922 128.04068584321067 71.209346436080523 62.842398440698162 15.130043300567193 9.5962669965811056 48.743345038732514 3.6623051883652797 63.970589726115577 59.424543219152838 75.728516073198989 24.208075971342623 4.99894651537761 3.0288331769406787 65.512822181684896 179.43698572309222
leaf_count=20186 577 188 9613 48417 32189 846 844 690 3019 653 1065 15814 2326 345 460 3830 1070 9244 398 351 312 324 474 445 130 9193 9101 6620 825 210 743 335 275 1471 2697 1818 5941 7597 1028 806 2108 230 3522 1449 2755 2478 497 300 3814 7790
internal_value=5.7535e-05 0.00554992 -0.00365259 -0.00443645 -0.00651569 -0.00402787 -0.00874532 0.00803286 -0.00202667 0.00025726 -0.0100527 -0.00815072 0.000920051 0.00546083 -0.00265635 0.00920846 0.00312857 -0.00277429 -0.00698467 0.00368335 -0.00186913 0.00080766 0.00332615 0.00144813 -0.00770488 -0.000916 -0.00442963 0.00486533 0.00624843 -0.000508877 0.004224 0.00103072 0.00263689 0.00293874 0.000744623 0.00597161 -0.0101045 -0.00728046 -0.0134296 0.0026533 -0.0039403 0.00326483 -0.000406196 0.00133125 0.000411457 -0.00106904 -0.0001097 0.00564473 0.00032394 0.00208812
internal_weight=4593.31 1851.86 2741.45 2340.27 1256.3 593.772 662.526 914.302 1083.97 454.646 543.518 347.686 401.18 115.893 91.2057 719.762 937.557 119.008 304.472 194.54 61.4731 53.6313 925.587 416.903 22.6049 289.3 121.948 508.685 133.067 38.3947 20.6593 423.288 341.552 337.119 195.608 141.512 256.48 134.052 195.832 37.2014 75.3511 26.6077 79.1543 416.575 357.15 278.393 254.185 78.7573 249.186 183.673
internal_count=227413 24645 202768 190484 118977 53276 65701 6860 71507 23090 55613 34399 12284 2671 5047 4520 17785 10088 33330 2340 954 766 17208 9518 454 19946 10753 7690 1386 561 1141 20071 6706 6431 4168 2263 29352 13538 21214 1652 2812 704 3982 19418 17969 14914 12436 3055 11939 8125
is_linear=0
shrinkage=0.0118628


Tree=24
num_leaves=51
num_cat=0
split_feature=21 21 22 9 16 0 20 2 15 17 5 6 0 16 5 9 11 6 11 22 24 24 17 24 22 0 6 5 18 20 17 7 24 17 14 14 4 6 2 0 3 2 24 7 25 0 24 0 7 5
split_gain=655.238 76.8844 66.3354 82.0591 50.5219 36.7334 29.8324 29.6027 27.8129 25.7332 22.9899 23.6578 23.2006 22.164 21.5675 23.5277 19.0454 18.8901 17.7359 16.9993 16.5329 16.2733 17.0713 23.5314 15.9676 22.3575 15.5397 20.8037 18.8374 17.6295 21.4237 17.3534 16.5343 17.2555 15.4973 15.371 15.2938 15.1947 15.1569 15.0551 14.8068 14.7207 19.9673 33.5072 31.9822 23.8733 23.2874 19.8319 16.8055 16.2717
threshold=2.5000000000000004 5.5000000000000009 50.348484848484858 0.95952657279286113 0.020913790104127805 34.500000000000007 221.50000000000003 731.50000000000011 6.5000000000000009 59.466541143533107 0.012429437083417651 69.405718526273105 73.500000000000014 0.022518695415891656 0.028365069432028104 0.93165153342753093 775.50000000000011 48.02181903285085 864.50000000000011 4.0555555555555562 59.932436342592602 30.753327546296301 67.307470986460359 41.021846064814824 68.513157894736864 75.500000000000014 88.954795504758749 0.015055112586176601 182.50000000000003 643.50000000000011 65.133726755249896 0.58450253441583477 305.69299768518528 73.88742240215926 208.50000000000003 215.50000000000003 2561.5000000000005 26.161682588477934 1367.0000000000002 2.5000000000000004 2.5000000000000004 262.50000000000006 43.622395833333336 0.79691757697900645 0.73798627002288331 7.5000000000000009 59.932436342592602 86.500000000000014 0.34745071135453365 0.013847002977437703
decision_type=2 2 10 8 2 2 2 2 2 2 2 10 2 2 2 10 2 10 2 10 2 2 2 2 10 2 10 2 2 2 2 2 2 2 2 2 2 8 2 2 2 2 2 2 10 2 2 2 2 2
left_child=2 19 3 4 26 8 -5 21 -6 -8 -7 16 -13 38 15 36 -12 -9 39 -2 -16 -3 23 -23 35 -26 27 31 40 32 -31 -1 -29 -34 -17 -19 -10 -11 -4 -15 -28 -21 44 46 45 -43 47 -44 -46 -50
right_child=1 7 13 6 5 10 9 17 14 37 11 12 -14 18 20 34 -18 24 -20 41 -22 22 -24 -25 25 -27 28 29 -30 30 -32 -33 33 -35 -36 -37 -38 -39 -40 -41 -42 42 43 -45 48 -47 -48 -49 49 -51
leaf_value=-0.0079077362225249311 -0.011501884949612367 0.011747363226685854 -0.00018508086159726658 -0.0037735333676816685 0.018647234862489516 -0.010763142446609921 -0.0099385881627599496 0.010488303684881503 -0.013643302424946883 -0.017196553060787167 -0.0086713769207952297 -0.0065321736481507549 0.0084724631532278501 0.016727793398519861 0.005825929808010501 -0.018600248067000089 0.013394986519007016 -0.015741461517085682 -0.02149242013226544 0.009985098644951583 -0.011983458147420863 -0.012000708917902852 0.012029585650646291 0.0061989595031996395 0.0040313554113337036 0.012366890252200294 -0.0123669191212259 -0.0078617065182806749 -0.011647085264481634 0.012747837788118985 -0.015318204917900834 -0.012814484670597863 -0.013300626728215149 0.019972824210895267 0.0025618224636135638 0.0019474489479035368 -0.0025194362111663044 0.0011622287112137415 -0.010605718713783093 0.0042299171347490285 0.0055328633663683227 0.0044302655765726135 0.0094014627281856934 -0.0063496739723129013 -0.015430798289468275 -0.0055689799939547258 0.0033264706909090533 -0.010381747016655203 0.010524755668700808 -0.0022521504986795903
leaf_weight=181.1256087787915 11.018908649217336 295.73602101113647 261.63347461062949 611.51091975346208 10.61065358109772 109.00963526847772 33.067906203214079 93.473837908823043 38.751695792190731 6.4353161533363155 89.599897920852527 24.895151750417426 34.735004810849205 15.712195331230758 70.404505185317248 5.2550195222720495 5.864244212396442 7.4090350009500971 3.4151646476238957 44.391495670191944 8.1882367490325105 11.091508539393542 65.299672236666083 101.33597363810986 171.1270341842901 61.576183384284377 8.125083545688538 230.60572892939672 22.087961161276326 13.377745365258308 5.3608940355479708 230.5317581712734 3.414611788466571 6.1311259609647095 66.377633082563989 103.21495087281801 31.556983160320669 446.52082410926232 21.236429573968053 99.191856481251307 32.577350494917482 46.382942750584334 162.43561570625752 40.322530586738139 4.764990620315074 121.92704091104679 419.14460846176371 7.4580162032507351 59.596918758004904 18.343866787850857
leaf_count=18804 577 1176 8334 48252 55 12598 3381 657 3569 717 9600 2363 1626 125 2616 479 133 144 345 494 763 165 432 1004 1728 297 1239 27127 2461 360 652 26103 473 109 2659 1257 1672 21007 1279 2201 1666 860 1432 1523 96 3741 7941 140 608 373
internal_value=7.52532e-05 0.005533 -0.00361896 -0.0043873 -0.00649321 -0.00356593 -0.00202993 0.00798764 -0.000112496 0.000163854 -0.00658838 -0.00365409 0.00220814 0.000835886 -0.00101512 -0.0037756 -0.00731582 0.00576038 0.00514711 0.0031453 0.0039704 0.0100424 0.00720542 0.00440344 0.00447316 0.00623706 -0.0084701 -0.00899853 -0.0028269 -0.00636369 0.00471836 -0.0106556 -0.00722841 0.00807051 0.00100928 0.000762691 -0.00865056 0.000901386 -0.000967421 0.00593894 0.00195961 0.00331983 0.00298374 0.00411201 0.000154886 -0.00281338 0.00482817 0.008533 0.00619543 0.00751763
internal_weight=4573.36 1846.05 2727.31 2326.12 1228.59 495.249 1097.53 910.264 231.145 486.024 264.104 155.094 59.6302 401.189 220.534 141.941 95.4641 436.801 118.319 935.787 78.5927 473.463 177.727 112.427 343.327 232.703 733.338 670.547 62.7904 258.89 18.7386 411.657 240.151 9.54574 71.6327 110.624 70.3087 452.956 282.87 114.904 40.7024 924.768 880.377 629.361 251.016 168.31 589.038 169.894 82.7058 77.9408
internal_count=227413 24645 202768 190484 117127 38133 73357 6860 11813 25105 26320 13722 3989 12284 11758 8379 9733 4083 2671 17785 3379 2777 1601 1169 3426 2025 78994 73628 5366 28721 1012 44907 27709 582 3138 1401 5241 21724 9613 2326 2905 17208 16714 11036 5678 4601 9513 1572 1077 981
is_linear=0
shrinkage=0.0118628


Tree=25
num_leaves=51
num_cat=0
split_feature=21 21 0 11 22 16 20 24 18 2 4 8 5 5 9 16 0 3 19 7 9 3 24 20 4 9 17 2 16 22 6 15 14 22 19 18 24 25 5 7 3 2 10 13 2 25 24 24 22 20
split_gain=641.985 74.6022 66.6181 62.5629 62.1906 49.5646 41.6788 38.0056 33.1229 31.1457 24.8358 22.2383 21.6671 19.5292 20.8899 18.983 18.4549 19.1163 18.3914 18.0048 17.8896 24.8835 16.9865 24.4218 17.9254 17.1295 16.9472 16.8295 17.8898 16.7977 20.8216 16.6787 20.2561 16.6516 16.4282 16.4233 16.3543 15.8645 15.4608 15.1448 14.9235 14.8258 17.4763 19.843 14.7559 14.6288 17.5303 15.3215 14.3218 14.1644
threshold=2.5000000000000004 5.5000000000000009 23.500000000000004 183.50000000000003 15.071428571428573 0.020149441834578653 398.50000000000006 72.452690972222243 172.50000000000003 752.50000000000011 1693.5000000000002 4.0789515433670909 0.019678087579286106 0.012817481934255052 0.97688458656926824 0.022518695415891656 76.500000000000014 143.00000000000003 0.7719539232697129 0.78658836662657339 0.96059172367448564 41.500000000000007 120.78428819444444 221.50000000000003 364.50000000000006 0.98660662632981377 59.558442225281446 1120.5000000000002 0.023199555609281504 79.89444444444446 63.80060292850991 18.500000000000004 223.50000000000003 22.041666666666668 0.3942822601929184 237.50000000000003 8.715133101851853 0.48333333333333339 0.0097008955879354011 0.99385577795953606 87.500000000000014 683.50000000000011 413.00000000000006 321.50000000000006 766.50000000000011 0.27589852008456661 29.86168981481482 71.2482638888889 0.93750000000000011 84.500000000000014
decision_type=2 2 2 2 10 2 2 2 2 2 2 8 2 2 10 2 2 2 2 2 10 2 2 2 2 10 2 2 2 10 10 2 2 8 2 2 2 10 2 2 2 2 10 2 2 10 2 2 10 2
left_child=2 26 10 4 12 6 20 -6 -7 36 11 -1 37 14 -10 22 17 44 19 -17 -5 -22 24 34 -13 40 27 28 38 35 -31 32 -27 -8 -24 -28 -3 -4 -2 -21 -26 42 43 -14 -11 46 -46 -48 -16 -29
right_child=1 9 3 5 7 8 33 -9 13 16 -12 15 41 -15 48 18 -18 -19 -20 39 21 -23 23 -25 25 31 29 49 -30 30 -32 -33 -34 -35 -36 -37 -38 -39 -40 -41 -42 -43 -44 -45 45 -47 47 -49 -50 -51
leaf_value=-0.020718304876073772 -0.0002395547907094518 0.01313007945807281 -0.012498034692160603 -0.0091116626367773405 0.0072970284877929611 0.0033016712831106616 -0.01458510654634136 -0.0089740264302293846 -0.0089785992249381327 -0.013920057980537531 -0.0037677148829616735 0.0043050653940266952 0.01250215909614282 -0.000440072590086286 0.0027878467525812283 0.0041196657955060592 0.010207628533859274 -0.017030106546928821 0.016622653180733422 -0.014315310947383784 -0.0067026329227648741 0.0017316725218574991 0.0022123472899278655 0.0085122718833230762 -0.0035363390305957303 -0.019377995505503388 0.0022697436215571142 0.017950034634586165 0.0064510342563575485 -0.0071494910994934031 0.0084106561354441479 -0.020065774352137279 0.012813355576481724 0.001290949289094015 -0.018897039737524969 0.0085305107121168618 0.0084750851600172913 0.00022335820743471079 -0.017191328301587587 0.0059813639401495059 -0.023196282067714583 -0.016522827129583088 0.00091476270973101827 -0.0099349566495480178 -0.0072338707768668043 0.0065705978375331592 0.0073147127249990332 -0.0071717363465411393 -0.022043371901846409 -0.014007960190704547
leaf_weight=6.973265034845098 28.681337042013183 157.32683079876006 288.28555992885958 276.10243222297868 52.024305884027854 187.00751678994857 9.9877970700617862 33.025788517668843 105.74451495049288 5.9126909095793954 306.84451862622518 55.756243650335819 5.9984993464313439 197.01226927572861 40.188120644539595 152.86818527569994 94.628727702889591 5.826547745615243 14.350297291763125 14.753203630913051 230.9746955265291 62.556668364908546 12.684155600611122 54.635794647736475 266.73806584440172 3.134740852750844 601.49489868036471 2.1720726117491749 41.913426665589213 13.174332154449074 148.65828269370832 3.1487131137400857 22.439190771430731 134.36080440983642 8.7785392976365966 65.370564901269972 326.90724204480648 14.488499544095246 10.286638021934776 7.9671198935247949 5.5461400849744669 17.505667708348483 46.398671617265791 73.622911082813516 26.247833750210702 230.20180647261441 49.63389778137207 12.955839121015741 3.5577492401935151 19.212979752570391
leaf_count=751 762 483 35247 31333 1083 8771 1107 2179 10519 86 19000 1623 355 12653 2084 4132 571 140 157 1201 22732 4596 561 1428 13668 215 12081 12 713 289 1719 169 311 7662 779 957 2388 1119 488 313 539 1781 4480 9974 572 1901 439 280 246 764
internal_value=0.000105246 0.00551397 -0.00356092 -0.00490918 -0.008318 -0.00345724 -0.00550124 0.000978807 -0.000721813 0.00793006 -0.00100029 0.000348091 -0.0100897 -0.00289329 -0.00612636 0.000583974 0.00558812 0.00426656 0.00371049 0.00265519 -0.00694405 -0.00490513 -0.000787937 0.00430027 -0.00187327 -0.0030177 0.00315322 -0.00140295 0.00107156 0.00371548 0.00714394 0.0056953 0.00886728 0.000192418 -0.00642184 0.00288347 0.00998749 -0.0118893 -0.00471454 -0.00719808 -0.00393682 -0.00629328 -0.00487224 -0.00824455 0.00464844 0.00499258 0.00090351 0.00431605 0.000768227 -0.0107618
internal_weight=4556.07 1840.61 2715.46 1778.84 531.35 1247.49 713.982 85.0501 533.51 909.641 936.618 629.774 446.3 346.503 149.49 622.8 425.407 330.779 189.939 175.589 569.634 293.531 432.862 76.0985 356.763 301.007 930.965 102.266 80.8814 828.698 161.833 28.7226 25.5739 144.349 21.4627 666.865 484.234 302.774 38.968 22.7203 272.284 143.526 126.02 79.6214 324.952 319.039 88.8376 62.5897 43.7459 21.3851
internal_count=227413 24645 202768 157921 56218 101703 67430 3262 34273 6860 44847 25847 52956 25502 12849 25096 3989 3418 5803 5646 58661 27328 19293 2768 16525 14902 17785 2739 1963 15046 2008 695 526 8769 1340 13038 2871 36366 1250 1514 14207 16590 14809 10329 3278 3192 1291 719 2330 776
is_linear=0
shrinkage=0.0118628


Tree=26
num_leaves=51
num_cat=0
split_feature=21 21 9 5 16 7 24 25 20 22 0 24 20 10 24 16 25 15 18 24 15 17 3 4 13 20 0 10 25 13 6 22 16 18 3 7 14 7 4 11 8 3 16 18 22 6 0 6 3 16
split_gain=624.149 121.864 78.1379 52.67 37.5123 34.9343 32.4504 28.3127 28.0811 26.5016 25.524 24.1196 23.2528 22.9481 34.924 28.7548 27.5836 25.2611 24.6315 23.6299 22.8207 21.7432 21.7124 24.136 21.4358 18.7908 18.535 18.42 18.0161 17.6962 17.556 18.5275 18.459 18.0627 17.2887 16.8447 18.7964 16.4515 16.4014 15.6618 19.5653 17.9096 15.7697 15.6065 15.5658 15.2507 15.1913 18.6217 17.1509 16.6405
threshold=1.5000000000000002 5.5000000000000009 0.95952657279286113 0.012817481934255052 0.020913790104127805 0.58450253441583477 164.34895833333334 0.86038961038961048 230.50000000000003 3.0714285714285716 7.5000000000000009 58.830005787037045 643.50000000000011 328.50000000000006 43.622395833333336 0.03128262004175366 0.18614718614718614 22.500000000000004 197.50000000000003 91.078848379629662 45.500000000000007 59.466541143533107 19.500000000000004 505.50000000000006 383.50000000000006 167.50000000000003 8.5000000000000018 369.50000000000006 0.98888751697740473 425.50000000000006 96.277825855412075 75.256578947368425 0.0044792889316920504 167.50000000000003 118.50000000000001 0.25141556909115031 447.50000000000006 0.82062480616919309 2287.0000000000005 136.50000000000003 6.1501915087566532 53.500000000000007 0.020334675769388102 157.50000000000003 80.610000000000014 94.798278930242034 27.500000000000004 23.248189224928556 41.500000000000007 0.021763331342661552
decision_type=2 2 10 2 2 2 2 10 2 10 2 2 2 8 2 2 10 2 2 2 2 2 2 2 2 2 2 8 10 2 10 10 2 2 2 2 2 2 2 2 8 2 2 2 8 8 2 10 2 2
left_child=2 6 3 5 12 -1 9 -3 46 37 43 -9 -5 19 15 16 17 18 -15 -11 24 -10 23 -8 -12 44 -7 -16 -23 -25 31 39 33 45 -18 36 -26 -2 -13 41 -41 -29 -42 -6 -24 -33 47 -4 49 -48
right_child=1 7 8 4 10 26 22 11 21 13 20 38 -14 14 27 -17 34 -19 -20 -21 -22 28 25 29 35 -27 -28 30 -30 -31 -32 32 -34 -35 -36 -37 -38 -39 -40 40 42 -43 -44 -45 -46 -47 48 -49 -50 -51
leaf_value=-0.0057856189032545122 -0.018786221514087979 0.0050083348289916285 0.0111789672792159 -0.0077804361235706753 -0.012148193406972646 -0.0044379791086246638 -0.024609906270914066 0.010631271593033974 -0.0099598299609701835 0.011099179091120395 0.0064958768744760066 0.0081402980591610448 0.005101396516412551 -0.00019450830796326931 -0.016117024961127723 0.0089279304212322563 0.0024436786543193048 -0.014505951878738174 -0.01669786468195086 -0.0093530027385043488 0.0034394137948624589 0.0003646943431547765 -0.021501246065699628 -0.017628543263235631 -0.022159133908033344 -0.0038296996108557481 -0.012521009399127125 0.008965472909440008 0.011644677622134961 0.0027927624912836911 -0.012207979862326803 -0.023119169186560182 0.0085244498499703579 0.014137468542575405 -0.018562063955955301 -0.0071359199222488841 0.018590767218135348 0.004067477020005505 -0.00081657142412361111 -0.0030099963410320815 0.0016887172545474568 -0.01672959468296794 0.006828296920615021 0.010867499223435276 0.014587435271267326 0.015255318957275905 -0.0087832817069551095 -0.0022094347638279585 -0.00032909558117100916 -0.002812503910762109
leaf_weight=293.68331466254313 12.576146342093127 317.658472687006 15.63915557740256 263.83209947193973 4.7065751515328875 46.372687203926034 5.0817784206010392 466.17466501845047 27.521656818105839 79.486244978848845 21.718197750858963 74.875833107624203 21.312006216496229 83.862447823863477 6.2422508839517823 40.064535731449723 146.14216878451407 34.364072198513895 15.003387334756551 8.8329587149200943 72.144378625787795 405.2004838444991 16.394209900638089 6.2881552698090664 2.0523438288364542 52.473821344785392 287.03351253923029 87.292479758616537 20.95602763700299 118.47706341394223 8.9068032233044487 7.2396624144166681 190.901813138742 4.295378725975751 5.7297724233940235 140.1829626460094 7.111902826000005 6.8452075785025945 46.722474362235516 76.488682320574299 226.32742823869921 3.9915835629217318 133.6057919007726 34.793513868702576 1.8739402452483798 1.8244526702910668 176.75070058356505 224.17426239617635 79.661292372038588 104.53601604187861
leaf_count=27301 972 3376 298 31510 267 2766 213 2129 2970 771 1189 733 1078 2488 257 550 2985 1556 667 294 3443 19238 1386 402 245 2732 34658 1267 540 3392 162 269 2008 37 220 13394 79 214 622 2287 5221 179 2308 891 36 6 21191 11449 6735 8432
internal_value=0.000114426 0.00447969 -0.00432199 -0.00639892 -0.00378169 -0.00876892 0.00226163 0.00786181 -0.0019683 0.00301147 -0.000719614 0.00940396 -0.00681763 0.00324145 0.00276271 -0.000482434 -0.00180485 -0.00574442 -0.00269902 0.00905369 -0.00215609 0.000259413 -0.00214952 0.000731258 -0.00451592 -0.00743717 -0.0113968 0.0041751 0.000919391 0.00176349 0.00434607 0.00454752 0.00758107 -0.00589936 0.00165114 -0.00611728 0.0094643 -0.0107313 0.00469875 0.0033733 0.00243863 0.00784185 0.00359651 0.00812502 -0.0177991 -0.0153948 -0.00365061 -0.00133631 -0.00518822 -0.00656434
internal_weight=4535.43 2286.04 2249.38 1194.94 567.854 627.09 1380.61 905.431 1054.44 1180.02 282.71 587.773 285.144 1160.6 1072.28 325.166 285.102 133.23 98.8658 88.3192 243.21 453.678 200.589 129.847 171.065 70.742 333.406 747.116 426.157 124.765 740.874 731.967 204.261 13.3595 151.872 149.347 9.16425 19.4214 121.598 527.706 436.422 91.2841 359.933 39.5001 18.2682 9.06412 600.761 239.813 360.948 281.287
internal_count=227413 39739 187674 116821 52096 64725 32879 6860 70853 24718 19508 3484 32588 23532 22467 8466 7916 4711 3155 1065 18350 22748 8161 4007 14907 4154 37424 14001 19778 3794 13744 13582 2320 312 3205 13718 324 1186 1355 11262 9816 1446 7529 1158 1422 275 48105 11747 36358 29623
is_linear=0
shrinkage=0.0118628


Tree=27
num_leaves=51
num_cat=0
split_feature=21 21 9 5 16 7 24 2 20 0 20 22 10 24 25 6 24 24 2 17 15 13 0 3 4 16 14 7 6 22 6 22 0 25 7 24 14 15 17 5 17 18 0 6 0 6 3 16 16 13
split_gain=622.806 111.027 72.9824 51.4704 37.8354 33.9937 29.1877 27.6178 26.0754 25.0287 23.2189 23.0423 22.4164 29.9261 25.8261 23.57 21.089 20.887 22.7159 20.7699 20.335 20.4362 18.7936 18.5565 20.4989 18.3168 18.6011 17.8856 17.4339 17.9858 17.3943 17.6476 19.8742 17.0654 16.7513 16.5017 16.1354 15.8007 15.5239 15.3346 14.9535 14.931 14.7127 16.114 14.6563 18.6094 16.753 15.9353 17.2163 16.3864
threshold=1.5000000000000002 5.5000000000000009 0.95952657279286113 0.012817481934255052 0.020913790104127805 0.58450253441583477 164.34895833333334 752.50000000000011 230.50000000000003 7.5000000000000009 643.50000000000011 3.0714285714285716 328.50000000000006 43.622395833333336 0.48333333333333339 97.678663236191383 91.078848379629662 24.315972222222225 644.50000000000011 59.466541143533107 45.500000000000007 383.50000000000006 8.5000000000000018 19.500000000000004 505.50000000000006 0.03128262004175366 259.50000000000006 0.25141556909115031 96.277825855412075 75.256578947368425 48.02181903285085 68.513157894736864 77.500000000000014 0.98888751697740473 0.82062480616919309 8.715133101851853 447.50000000000006 24.500000000000004 66.25860626655053 0.012817481934255052 73.137265578320466 157.50000000000003 1.0000000180025095e-35 86.105942136674855 27.500000000000004 23.248189224928556 41.500000000000007 0.021763331342661552 0.023415287492265353 796.50000000000011
decision_type=2 2 10 2 2 2 2 2 2 2 2 10 8 2 10 10 2 2 2 2 2 2 2 2 2 2 2 2 10 10 10 10 2 10 2 2 2 2 2 2 2 2 2 10 2 10 2 2 2 2
left_child=2 6 3 5 10 42 11 35 44 41 -5 34 16 14 15 25 -13 40 -19 -10 21 -11 -7 24 -8 26 -14 36 29 -15 -9 -32 -33 -21 -2 -3 -23 -25 -39 -27 -16 -6 -1 -44 45 -4 47 -46 -49 -50
right_child=1 7 8 4 9 22 23 30 19 20 -12 12 13 28 17 -17 -18 18 -20 33 -22 27 -24 37 -26 39 -28 -29 -30 -31 31 32 -34 -35 -36 -37 -38 38 -40 -41 -42 -43 43 -45 46 -47 -48 48 49 -51
leaf_value=0.010305176125062121 -0.018863927242622446 0.0128327487345832 0.010727273690970223 -0.0077677921306072107 -0.013010999159051469 -0.0042886963891572861 -0.024390493593803471 0.010120543248298634 -0.010119256863233259 0.0060154359643963635 0.0048810588906984236 0.010954036256986611 0.00091418882162122865 0.0031579042830076447 0.0076326470004338936 0.018086858287190768 -0.008938993550473057 0.0047509282614316729 -0.014635880665670004 0.00017790870947284016 0.0031040566873891469 -0.021726014910712545 -0.012423626891127866 -0.013365328021934653 0.0016764213987622517 0.011055876396483536 -0.0079919476507693907 -0.0070598907431977205 -0.012586636825901453 0.0072687688086817319 0.00020398450951769238 0.0039703448306418173 0.011844724695984731 0.01089320762388676 0.0043484544254661067 0.008146559221560698 0.017500192023892261 0.0017333468162892068 -0.017937446785348289 -0.01291813617162595 -0.013283813455961841 0.010482262266239726 -0.0078501256506336003 -0.0014444323590284067 -0.0087657064788200286 -0.0022919664141855204 -0.00041365106335156305 0.0053616989128426017 -0.0030031479096345919 -0.016680429699711469
leaf_weight=7.8405155468499279 11.494448601966726 156.89710899069905 16.600442802067846 263.0539205649402 4.2569995722733429 46.521836071508005 4.3947873928118488 90.780782541725785 26.373379893833771 23.12373723089695 22.141453189076856 79.164169868919998 47.092320769792423 531.12368714157492 93.577438143780455 7.1403161715716115 8.2839337429031712 18.4253101835493 15.797135344706474 409.89443270146148 73.751335672102869 1.8328610858879963 283.55688056861982 29.683993737911806 124.66889522084966 18.013878761790696 110.29093366186135 137.85745834023692 8.6866993661969882 208.59704507747665 103.74840233381838 166.43259335914627 61.874211517162621 22.040462350472808 7.0632638856768599 324.36430987156928 7.5676207514479756 31.231228494783863 6.8913713202346107 4.7429028130136421 5.0702476492151609 35.987385627347976 210.27693956764415 74.967074448242784 173.36425205919659 222.91669414646458 80.421243917196989 26.498807444470003 62.210649085696787 15.372918816050513
leaf_count=160 972 483 298 31510 267 2766 213 649 2970 1189 1078 771 1217 11488 1324 18 294 335 679 19238 3443 245 34658 2308 3794 202 4354 13394 163 2350 1353 1717 270 540 214 2388 79 1299 547 177 160 891 22019 5122 21191 11449 6735 1510 4975 1947
internal_value=0.000128358 0.00450359 -0.00429961 -0.00631034 -0.00373271 -0.00866629 0.00237604 0.00773089 -0.00202787 -0.000670858 -0.00678578 0.00308456 0.00329508 0.00282251 -0.000212809 -0.00305076 0.00906955 0.00378729 -0.00419811 0.000100667 -0.00209974 -0.00435226 -0.0112771 -0.0018511 0.000788747 -0.00388864 -0.00532705 -0.0059803 0.00412094 0.00431715 0.00551892 0.00426087 0.00610442 0.000724689 -0.0100291 0.00967432 0.00985155 -0.00687578 -0.00182264 0.00605916 0.00655755 0.00799709 -0.00572594 -0.0061666 -0.00366087 -0.00138962 -0.00518099 -0.00656285 -0.00289367 -0.00571332
internal_weight=4523.96 2275.53 2248.43 1192.74 569.573 623.163 1371.43 904.097 1055.69 284.377 285.195 1174.56 1156.01 1068.56 320.15 187.28 87.4481 132.87 34.2224 458.308 244.133 170.382 330.079 196.87 129.064 180.14 157.383 147.258 748.407 739.721 422.836 332.055 228.307 431.935 18.5577 481.261 9.40048 67.8066 38.1226 22.7568 98.6477 40.2444 293.085 285.244 597.385 239.517 357.868 277.447 104.082 77.5836
internal_count=227413 39739 187674 116821 52096 64725 32879 6860 70853 19508 32588 24718 23532 22467 8466 5968 1065 2498 1014 22748 18350 14907 37424 8161 4007 5950 5571 13718 14001 13838 3989 3340 1987 19778 1186 2871 324 4154 1846 379 1484 1158 27301 27141 48105 11747 36358 29623 8432 6922
is_linear=0
shrinkage=0.0118628


Tree=28
num_leaves=51
num_cat=0
split_feature=21 21 9 5 16 7 25 20 24 24 0 10 24 25 20 22 17 6 16 14 24 11 24 1 22 13 24 15 17 1 20 7 3 0 3 11 3 6 15 5 20 3 21 14 15 0 25 0 0 6
split_gain=611.913 105.531 71.8766 54.3549 35.1952 30.5629 28.5063 26.3239 26.2133 23.6829 22.6835 22.5911 25.1413 24.4595 22.1625 21.3268 21.2402 19.9042 21.3647 20.5968 19.8717 19.1753 18.3693 18.4909 17.3072 16.9837 16.9267 16.8859 21.5209 18.8429 17.542 16.7502 17.0665 16.5269 16.184 21.5761 16.9376 14.9406 14.6536 22.2125 16.1918 15.7663 14.4105 16.0534 14.1387 14.02 15.8396 13.9442 13.9009 14.8303
threshold=1.5000000000000002 5.5000000000000009 0.95952657279286113 0.012817481934255052 0.020913790104127805 0.58450253441583477 0.86038961038961048 221.50000000000003 164.34895833333334 35.747829861111121 14.500000000000002 328.50000000000006 43.622395833333336 0.73798627002288331 643.50000000000011 16.928571428571434 59.466541143533107 97.678663236191383 0.03128262004175366 239.50000000000003 91.078848379629662 183.50000000000003 59.423321759259267 2053.0000000000005 13.062500000000002 460.50000000000006 50.503616898148159 45.500000000000007 71.427319084088793 2313.5000000000005 458.50000000000006 0.4419900757907464 17.500000000000004 8.5000000000000018 19.500000000000004 304.50000000000006 4.5000000000000009 88.954795504758749 31.500000000000004 0.0020711977233716003 248.50000000000003 17.500000000000004 3.5000000000000004 1056.5000000000002 46.500000000000007 95.500000000000014 0.84807692307692317 83.500000000000014 1.0000000180025095e-35 86.105942136674855
decision_type=2 2 8 2 2 2 10 2 2 2 2 8 2 10 2 10 2 8 2 2 2 2 2 2 8 2 2 2 2 2 2 2 2 2 2 2 2 10 2 2 2 2 2 2 2 2 8 2 2 10
left_child=2 8 3 5 14 48 45 -4 11 -8 24 20 13 17 -5 -14 -9 18 19 -13 -2 -12 23 26 -6 -10 -17 28 29 -23 -29 -15 -33 37 35 36 -27 -7 39 40 -11 -41 43 -38 -24 46 -3 -25 -1 -50
right_child=1 6 7 4 10 33 9 16 25 38 21 12 15 31 -16 22 -18 -19 -20 -21 -22 27 44 47 -26 34 -28 30 -30 -31 -32 32 -34 -35 -36 -37 42 -39 -40 41 -42 -43 -44 -45 -46 -47 -48 -49 49 -51
leaf_value=0.0099856730296574176 0.010628105639224998 0.0045054961342451925 -0.0037545227261526204 -0.00761256250803436 -0.016684488487231218 -0.008173641671036137 0.010837901876681587 -0.0099524439418782543 -0.015670369855191421 -0.018336615817876378 -0.0076453640402370949 0.0021547277023352789 -0.006351858331847841 -0.010007387812753661 0.0046321861137803471 -0.0051511799426232152 0.00059103766771180597 0.017008208142431137 0.0064901114725305084 -0.0067319159146096647 -0.0085362163424184609 -0.01344925327025581 0.0019900568193169303 0.01061728169227682 0.0070141679741834257 -0.012571932292046898 0.0063865677601304214 0.0091082883874814662 0.0072642124218362672 -0.0012918332452011491 -0.011857689989629626 0.010255727229923267 -0.0012714352040894233 -0.012337152325966036 -0.0057290576125173503 0.0058148865045334116 -0.014538826078959724 0.0083979325522395912 0.0090658289936978911 0.010954902724435705 0.0036449753519593826 0.00019385726657796342 0.011806984949799875 0.010458574384355926 0.0070398934364106673 0.014158859435825275 -0.0145856275665927 -0.0052495275720125757 -0.0079340036734758587 -0.0015263172605051905
leaf_weight=7.5424956975039086 80.571073396597058 289.57485162396915 580.32533530821092 257.25238072196953 4.6619548609014601 35.75258004758507 395.45741859311238 28.548393366625533 11.427911802660672 10.996175485663118 70.194428477669135 49.762048874283209 28.195469603990205 9.4986658641137165 22.631066608242691 26.953453453723341 462.30477529449854 7.2697735354304305 29.265707843471318 139.85089925583452 8.4085445080418122 28.54365032305941 416.9809941649437 130.15097587648779 62.084986860398203 20.543512153904885 53.234265735372901 37.844573459587991 23.035710714990273 48.295575176132843 6.594211569055914 57.238686099182814 26.41628191107884 278.36964657972567 61.248514105565846 72.979193546110764 10.180311398115011 9.7421346884220821 94.348873084411025 36.720585444942117 8.2561878059059364 40.064135640393943 11.476153208874164 5.6059089065529397 95.984148073242977 20.885543236508965 6.2474341951310626 8.2907758117653412 204.37701321090572 67.657145548611879
leaf_count=151 822 3177 47929 31185 416 2429 1641 3333 895 228 7772 1200 1584 254 1069 521 21439 20 488 5531 310 3530 9101 1269 1922 955 620 1124 906 3241 388 638 695 34218 3775 1654 631 310 715 246 81 573 146 105 1493 76 123 172 21539 4773
internal_value=0.000140141 0.00448723 -0.00426202 -0.00630195 -0.00364426 -0.00877332 0.00763287 -0.00204423 0.00240201 0.00918297 -0.000680578 0.00307189 0.00259815 -0.00019502 -0.00662246 0.00377198 -2.21856e-05 -0.00230225 -0.00294365 -0.0043997 0.00881706 -0.00255983 0.00416215 0.00704145 0.00535885 -0.00164255 0.00250839 -8.62049e-05 -0.00279295 -0.00580802 0.00599711 0.00492068 0.00661573 -0.0112538 -0.000761863 0.00175694 -0.0044378 -0.00462501 0.00574543 0.00248338 -0.00891012 0.00534011 0.00169174 -0.00566186 0.00293497 0.0047655 0.0041023 0.00966707 -0.0058999 -0.00634036
internal_weight=4499.84 2264.08 2235.76 1164.58 561.139 603.441 902.551 1071.18 1361.53 585.843 281.255 1168.07 1079.09 319.302 279.883 759.79 490.853 226.148 218.879 189.613 88.9796 214.508 731.595 218.629 66.7469 193.462 80.1877 144.314 99.8749 76.8392 44.4388 93.1536 83.655 323.864 182.034 120.785 47.8059 45.4947 190.386 96.0371 19.2524 76.7847 27.2624 15.7862 512.965 316.708 295.822 138.442 279.577 272.034
internal_count=227413 39739 187674 114973 51553 63420 6860 72701 32879 3484 19299 24718 23586 8826 32254 14760 24772 7239 7219 6731 1132 16961 13176 2582 2338 8161 1141 9189 7677 6771 1512 1587 1333 36957 7266 3491 1837 2739 1843 1128 309 819 882 736 10594 3376 3300 1441 26463 26312
is_linear=0
shrinkage=0.0118628


Tree=29
num_leaves=51
num_cat=0
split_feature=21 21 9 5 16 7 25 20 24 10 24 25 0 6 20 11 22 24 0 24 24 24 20 2 17 22 11 11 6 1 15 17 1 13 22 0 6 3 4 6 9 20 16 10 3 18 0 11 17 17
split_gain=608.624 105.223 68.7201 50.1021 38.0224 32.5987 27.8239 24.4679 23.6808 22.731 23.3593 24.059 22.4158 20.9943 20.9748 19.8496 19.8398 19.1248 18.6637 18.485 18.3945 18.0657 16.9192 18.6332 16.8712 16.6731 23.6912 16.6718 17.2109 16.441 16.4164 18.455 18.0554 16.3623 15.6946 15.432 16.1321 15.3645 17.234 14.9715 15.0637 14.4775 14.3738 14.362 14.1742 19.8714 19.1291 14.3912 13.9453 13.8988
threshold=1.5000000000000002 5.5000000000000009 0.95952657279286113 0.012817481934255052 0.020913790104127805 0.58450253441583477 0.86038961038961048 230.50000000000003 164.34895833333334 328.50000000000006 43.622395833333336 0.48333333333333339 14.500000000000002 97.678663236191383 643.50000000000011 183.50000000000003 16.928571428571434 35.747829861111121 8.5000000000000018 91.078848379629662 11.959780092592593 59.423321759259267 153.50000000000003 692.50000000000011 59.466541143533107 79.720779220779235 584.50000000000011 125.50000000000001 77.266493061664974 2053.0000000000005 45.500000000000007 71.427319084088793 2313.5000000000005 460.50000000000006 13.062500000000002 1.0000000180025095e-35 86.105942136674855 27.500000000000004 505.50000000000006 93.509563287865191 0.98390808268599383 458.50000000000006 0.03128262004175366 393.50000000000006 41.500000000000007 142.50000000000003 26.500000000000004 1268.0000000000002 61.469818364931577 81.744745221366671
decision_type=2 2 10 2 2 2 10 2 2 8 2 10 2 10 2 2 10 2 2 2 2 2 2 2 2 10 2 2 10 2 2 2 2 2 8 2 10 2 2 8 10 2 2 8 2 2 2 2 2 2
left_child=2 8 3 5 14 35 -3 44 9 19 11 13 34 22 -5 -14 -12 -8 -7 -2 -13 29 25 -24 -9 26 -11 -22 -29 -18 31 32 -17 -10 -6 -1 -37 38 -35 -26 -41 -32 -25 -23 46 -46 49 -47 -38 -4
right_child=1 6 7 4 12 18 17 24 33 10 16 20 15 -15 -16 30 21 -19 -20 -21 27 43 23 42 39 -27 -28 28 -30 -31 41 -33 -34 37 -36 36 48 -39 -40 40 -42 -43 -44 -45 45 47 -48 -49 -50 -51
leaf_value=0.010159383433175578 0.010563374297813592 0.0048053117656139746 -0.00040448363530580761 -0.0077176727521782989 -0.016149164160507129 -0.0041652718379256255 0.010663782297504908 -0.0095815262387340238 -0.01607234732130608 0.001111147816642614 -0.0062691381366380078 0.0079555959183253318 -0.00767954869007729 0.017121996816164546 0.0041501944242248595 -0.013166466180354528 0.0025969541819593233 0.0060667460851147699 -0.012277877682240554 -0.0080501379225132643 0.0085603792524528745 -0.014239585725766672 -0.016516961445692677 -0.0060976404332934234 0.0013611260966860023 0.011017375541133217 -0.020786336338981606 -0.011167197168515677 0.0032058081667006213 0.0093353553247208232 0.0085343365166198337 0.0064925948014244606 -0.0011808486741769378 -0.024052733444626294 0.0068451296702148456 -0.0078240468894979695 -0.017740969198696003 -0.0065371206696739443 0.0021031867927642721 -0.0025181625235004192 -0.019332015366695685 -0.01103090000209161 0.0084261279651058427 0.0030743559784430666 -0.017358941637240683 0.0025052636146512424 -0.0065653954165066537 -0.013465598108753238 0.00020778140703802688 -0.010135569837947708
leaf_weight=8.428813412319867 80.3109449762851 314.61478778882883 161.94340657186694 257.19264957378618 4.4698461927473545 46.562751628691331 395.24527159193531 24.497931247460656 10.208606569794936 41.214418172370642 27.117453349172138 68.53544017020613 69.581415960565209 7.0271544381976119 22.815711540635675 27.60044101276435 79.774246681947261 187.90094681689516 279.20286832144484 8.2822436261922103 19.044167460873723 6.8325745789334169 21.759130971040577 73.899215809535235 384.93605357350316 17.046018272638321 8.3636463733855617 25.610073115909472 21.62249220116064 141.04851835919544 39.622229353524745 23.67723910138011 49.243694785051048 3.6435177512466899 63.728993523400277 208.45896014082246 6.6904323208145788 46.19375553552527 130.70935076463502 46.149804618908092 8.9528278044890595 6.1477717529050997 11.018843515776096 507.31907924381085 8.6588294836692494 104.22054838459007 277.48263009142829 8.5942869461141509 68.025812964420766 23.674393787514418
leaf_count=160 822 3376 7395 31510 426 2766 1641 2970 895 1070 1584 861 7844 18 1078 3530 1141 1843 34658 310 306 291 1091 3186 17355 199 452 1062 410 1441 1129 921 3336 201 1933 22019 851 3095 3970 1880 543 389 171 10303 1145 6889 30003 803 4271 1870
internal_value=0.000151185 0.0044981 -0.00424208 -0.00620419 -0.00364849 -0.00853928 0.00764857 -0.00203246 0.00241318 0.00304717 0.00257214 -0.000144383 -0.000590706 -0.00297842 -0.00675065 -0.00246371 0.00369547 0.00918253 -0.0111183 0.00882324 0.0036465 0.00406313 -0.0037935 -0.00672273 -1.72481e-07 0.000896747 -0.002583 -0.000809475 -0.00458743 0.00690105 1.71407e-05 -0.00266436 -0.00548581 -0.00146153 0.00533798 -0.0056581 -0.00612892 -0.00063537 0.00139381 0.00053325 -0.0052501 0.00590629 -0.00421303 0.00284426 -0.00364742 -4.07076e-05 -0.00459348 0.00128856 -0.0013995 -0.00164564
internal_weight=4484.9 2254.34 2230.56 1181.45 564.08 617.37 897.761 1049.11 1356.58 1165.83 1077.23 315.141 284.072 180.328 280.008 215.873 762.092 583.146 325.766 88.5932 134.812 734.974 173.301 106.677 464.537 66.6241 49.5781 66.2767 47.2326 220.823 146.291 100.521 76.8441 190.755 68.1988 291.604 283.175 180.547 134.353 440.039 55.1026 45.77 84.9181 514.152 584.574 121.474 463.1 112.815 74.7162 185.618
internal_count=227413 39739 187674 116821 52096 64725 6860 70853 32879 24718 23586 8826 19508 6187 32588 17149 14760 3484 37424 1132 2639 13176 6169 4448 22748 1721 1522 1778 1472 2582 9305 7787 6866 8161 2359 27301 27141 7266 4171 19778 2423 1518 3357 10594 48105 8837 39268 7692 5122 9265
is_linear=0
shrinkage=0.0118628


Tree=30
num_leaves=51
num_cat=0
split_feature=21 21 0 9 16 24 24 4 25 5 22 11 20 16 17 9 8 1 24 24 25 7 24 7 7 15 1 7 24 21 9 22 24 6 15 6 3 14 17 15 16 5 11 5 5 16 8 19 16 13
split_gain=606.579 117.127 72.4945 68.0689 52.1272 36.0476 33.1836 29.4237 26.5572 23.9729 28.877 25.5755 22.307 26.4833 54.2795 29.9081 21.7069 20.8668 20.8359 26.0165 65.1863 22.5307 22.2065 20.3684 19.9708 19.8377 19.8361 19.698 19.4868 19.8623 19.0546 18.9181 19.7691 18.7559 21.3901 18.0617 17.9309 17.4704 24.6543 16.9447 16.5119 20.2773 15.7216 20.3561 15.718 18.5301 23.7659 16.0795 24.4118 15.693
threshold=1.5000000000000002 5.5000000000000009 15.500000000000002 0.96012483379525848 0.026326968653579554 6.4359085648148158 133.8682002314815 2287.0000000000005 0.2264957264957265 0.018511664884721852 14.03703703703704 552.50000000000011 579.00000000000011 0.020274552118658504 67.974565534539707 0.9747040269181434 6.2963524488730407 1676.0000000000002 0.81901041666666674 46.545283564814824 0.73798627002288331 0.42732927138867732 59.423321759259267 0.30405281944410367 0.80692269525861038 83.500000000000014 1890.5000000000002 0.011183518506344052 143.83651620370372 14.500000000000002 0.90796527992575882 75.741666666666688 66.504050925925938 99.104870978018482 12.500000000000002 64.714996780477051 108.50000000000001 311.50000000000006 69.317622293504428 46.500000000000007 0.011815964246840902 0.046338209292795404 304.50000000000006 0.0072059865187049507 0.019880874282491603 0.030329062402297352 6.46301937317532 0.62581333660714111 0.0038095272648772504 479.50000000000006
decision_type=2 2 2 8 2 2 2 2 10 2 10 2 2 2 2 8 8 2 2 2 10 2 2 2 2 2 2 2 2 2 10 10 2 10 2 10 2 2 2 2 2 2 2 2 2 2 8 2 2 2
left_child=2 6 26 4 9 8 18 42 16 11 40 -4 13 -5 15 25 -3 -14 -2 20 44 -22 49 -24 39 -15 -1 -16 29 -7 -12 32 -25 34 -28 -17 -29 -13 -39 -6 -11 -42 -8 -44 45 46 -20 48 -46 -21
right_child=1 5 3 12 24 28 7 -9 -10 10 30 37 17 14 27 35 -18 -19 19 22 21 -23 23 31 -26 -27 33 36 -30 -31 -32 -33 -34 -35 -36 -37 -38 38 -40 -41 41 -43 43 -45 47 -47 -48 -49 -50 -51
leaf_value=0.0012221377056406523 0.012728790193651607 0.013460259152029376 -0.01184849229032927 -0.0050168948543812316 -0.0025176682628740366 0.0057758755110037252 -0.0023253924804735272 -0.0063305440375197022 0.013287237479874103 -0.013680043816839236 0.014618037503997146 -0.010678144737704919 0.0080516168364140623 -0.01219449032135432 -0.022254201548256768 -0.0092635151262916177 -0.017222027737122069 -0.017245599719452703 -0.011758762073656238 -0.0032197010709763296 -0.011305393404097796 0.0084281743538747334 0.0060362713889147669 -0.012079860586985448 -0.0079799044604665775 0.010430519485141534 -0.011664993178222508 0.007159150555369421 -0.0020068071319455667 0.01021275398668464 -0.006628660216852174 0.0064333940989451588 0.00041613273747890064 0.013024532868211159 -0.0014696219771277786 0.0018095358292473304 -0.016802175714793449 -0.010386982705252306 0.0055246590399712974 0.0061051312942169145 -0.0029236013235334761 -0.012472824364810866 0.0082578649722261106 -0.0031290309390295083 0.01679181146198571 0.0049415834817270734 -0.0023904110108934375 0.010433565641702666 -0.0072400738233805743 0.009003653750962055
leaf_weight=396.28156720660627 33.364577722735703 5.6878920607268784 372.6591230846243 429.86307607823983 102.2627780677285 447.86738777486607 76.749310620361939 97.941095217014663 206.60976761952043 43.617764470633119 15.195303902029993 45.031551786931232 42.190706110792235 68.345882152905688 3.501231998205184 26.9796459635254 7.5537335090339193 5.1482563372701398 64.268054389860481 16.113335628993809 8.6835253159515542 130.51291322382167 202.73300018208101 19.865987526252866 58.760978115256876 5.9262948948889962 45.949692786089145 119.35649942746386 34.166654682718217 207.89698843611404 9.7519305129535478 67.296656121034175 172.6552831758745 8.4502130364999157 78.313730579335243 89.485353268450126 4.5626310284715137 22.745431136572734 34.471512413583696 46.723484016954899 118.25053940643556 42.554052687250078 71.846264187479392 31.903264309279621 7.4415487227961412 24.210357852745801 93.612606159877032 21.733568677678704 29.638524368871003 178.7118058197666
leaf_count=16080 274 30 47048 39813 8437 4436 3114 5183 664 7344 490 5286 1488 7688 296 2299 165 423 2539 265 267 1781 2969 771 6354 187 4084 4344 696 868 919 866 4988 141 4677 4816 447 2412 2050 1746 12424 6259 1209 1403 42 404 3183 359 1339 1840
internal_value=0.000435256 0.00477088 -0.00394435 -0.0051332 -0.00734514 0.0080604 0.00255285 -0.00109547 0.0122435 -0.00888546 -0.00573616 -0.0104065 -0.0025968 -0.00309658 -0.000502047 -0.00450688 -0.00404255 0.00530036 0.00350149 0.00320474 0.000734278 0.00719711 0.00463319 0.00321817 -0.00212334 -0.0103892 -0.000107228 0.00549284 0.00672743 0.0071825 0.00631268 0.00101923 -0.000873329 -0.0040767 -0.00523965 -0.000755606 0.00627686 -0.00515088 -0.000800714 0.00018653 -0.00720658 -0.00545065 0.00174516 0.00475636 -0.00299999 -0.00472209 -0.00620398 0.00233171 -0.00241704 0.0079927
internal_weight=4495.44 2259.06 2236.38 1707.38 912.024 909.782 1349.28 278.44 219.851 704.277 229.37 474.908 795.36 748.021 318.158 190.737 13.2416 47.339 1070.84 1037.48 380.101 139.196 657.376 462.551 207.747 74.2722 528.995 127.42 689.931 655.764 24.9472 259.818 192.521 132.714 124.263 116.465 123.919 102.248 57.2169 148.986 204.422 160.805 180.499 103.75 240.905 182.091 157.881 58.8136 37.0801 194.825
internal_count=227207 39655 187552 162570 100769 6859 32796 10909 859 84232 27436 56796 61801 59890 20077 14990 195 1911 21887 21613 9914 2048 11699 9594 16537 7875 24982 5087 6000 5304 1409 6625 5759 8902 8761 7115 4791 9748 4462 10183 26027 18683 5726 2612 7866 6126 5722 1740 1381 2105
is_linear=0
shrinkage=0.0118628


Tree=31
num_leaves=51
num_cat=0
split_feature=21 21 0 6 7 16 17 24 22 24 4 15 5 20 15 0 20 9 16 19 16 1 17 10 8 11 24 19 17 24 24 25 24 7 14 10 7 20 13 22 25 9 3 15 19 2 20 6 6 20
split_gain=593.578 114.542 68.7066 45.2597 41.3396 41.642 43.736 35.8931 34.5315 33.7129 29.3574 26.2762 23.7483 23.0833 23.6548 20.49 21.8719 24.0024 21.2851 20.4157 20.1264 30.1123 25.4807 29.026 19.5955 19.3652 28.1852 27.2131 20.0464 19.2008 20.3063 60.8642 20.1316 18.8671 18.8338 18.549 18.1085 17.9971 17.5605 17.4168 17.3715 19.9522 17.0333 16.3958 16.3138 16.2595 16.1418 17.8626 21.1175 16.0722
threshold=1.5000000000000002 5.5000000000000009 34.500000000000007 74.577431382389037 0.81643609745163592 0.020913790104127805 71.427319084088793 6.4359085648148158 8.9264705882352953 133.8682002314815 2287.0000000000005 81.500000000000014 0.015237277550815352 591.00000000000011 59.500000000000007 16.500000000000004 287.50000000000006 0.92936542386279586 0.027862321186835206 0.37733317311543701 0.021009081621710054 851.00000000000011 62.241150685478644 1129.5000000000002 6.7049474378523177 207.50000000000003 113.50274884259262 0.3672677175824014 53.250869093663823 0.81901041666666674 46.545283564814824 0.73798627002288331 59.423321759259267 0.38748709754775218 178.50000000000003 570.50000000000011 0.30405281944410367 579.00000000000011 1727.5000000000002 75.741666666666688 0.27589852008456661 0.95223731097953646 56.500000000000007 207.50000000000003 0.65135428178235588 1468.0000000000002 230.50000000000003 90.902054139419008 63.301884899084833 84.500000000000014
decision_type=2 2 2 8 2 2 2 2 10 2 2 2 2 2 2 2 2 10 2 2 2 2 2 8 10 2 2 2 2 2 2 10 2 2 2 10 2 2 2 10 10 8 2 2 2 2 2 10 10 2
left_child=2 9 3 15 5 13 12 40 11 29 -11 -6 -7 -4 -15 16 17 42 37 -14 21 -5 24 -24 34 -9 -27 -28 -29 -2 31 -31 -32 -33 -22 -20 -34 49 -18 43 41 -3 -1 -38 -13 -19 47 48 -8 -17
right_child=1 7 4 20 8 6 46 25 -10 10 -12 44 19 14 -16 18 38 45 35 -21 22 -23 23 -25 -26 26 27 28 -30 30 32 33 36 -35 -36 -37 39 -39 -40 -41 -42 -43 -44 -45 -46 -47 -48 -49 -50 -51
leaf_value=-0.0094960533831730861 0.012282406634610681 0.0083292622621118657 -0.0072955456496589964 0.0035896809599189946 -0.01272386712726886 -0.0071020149981765139 0.0064762061340261252 0.008752480461611584 0.0061202049925138729 0.0016731890681905464 -0.0064783690106009068 -0.018848877689700175 -0.011300019710170309 0.0072563921082035229 -0.011801035524025689 0.011950891216352622 -0.018270508983972544 0.0033128221693258901 -0.012099464017499 0.0011318938387301206 0.017015346043840071 -0.0039093438445637939 0.0085645360984968541 -0.0069364621749389479 0.0064138322823385852 0.0057124607368462098 0.0081889576466118025 0.014944343437739633 -0.022171516812240704 -0.0026303745613174613 0.0076652088812676046 -0.01322845355053444 0.0057746713532586093 0.0081769348616685493 -0.013484631830432964 0.0048295230076772222 -0.0014300873085939976 0.0040017255832362425 -0.0043912646333091748 0.00618668712736542 0.013080984414051949 -0.023252958395141823 0.0039107996138760277 0.01878774819334874 0.0092839081595117376 -0.017626011468102956 0.012509339571586861 0.01185956365458702 -0.013845668990098278 -0.01055631288133525
leaf_weight=50.340599058195949 34.063534359913319 9.8919569682329858 560.74485770182218 126.15716252755374 199.33942244271748 147.61703861504793 14.047718882327901 332.42474357923493 16.805610022274777 180.37093180487864 94.878459550905973 3.7577197656501111 21.434806134784594 31.017084112856537 13.009798749117179 4.5987473982386282 16.986157446866855 142.7885158341378 12.431862788042052 140.00981995579787 3.2234618691727546 187.12311543326359 124.09505573357455 19.69784147804603 16.408528902102262 330.554884001147 10.117997203487905 2.4069540854543474 13.715977101121096 236.73268272704445 196.69584280462004 6.0574454169254741 203.7805966604501 133.45714025362395 24.517127004917711 34.064890846610069 183.57157322973944 14.294226357247679 52.41029974562116 68.100941272918135 204.56849876604974 3.9343331595882782 18.141427927650511 5.8233524784445754 12.714159369701518 5.4165066143032154 33.457899385830387 15.503111731261013 14.752602779772131 153.01326533989049
leaf_count=4144 274 103 64610 4437 29173 14572 801 2230 942 5726 5183 487 1979 1392 1200 199 1406 6272 1161 9824 29 12527 2683 961 577 3062 150 18 540 7866 2105 211 2969 1837 1926 1434 5733 759 2956 866 653 103 1073 26 577 524 628 428 1640 16231
internal_value=0.000467597 0.00476471 -0.00387042 -0.00157304 -0.00575776 -0.00470192 -0.00166227 0.00802037 -0.0102585 0.00256537 -0.00113666 -0.011534 -0.00366309 -0.00664614 0.00162494 -0.00408144 -0.00199255 -0.000136301 -0.00681765 -0.000518696 0.000951689 -0.000889505 0.00402077 0.00644108 -0.00386214 0.00669241 0.00477305 -0.00706054 -0.0166304 0.00351922 0.00323059 0.00103241 0.00448757 0.00724753 -0.00994036 0.000303155 0.00313256 -0.00874366 -0.00778856 0.00104161 0.0122112 -0.000657946 -0.00594447 -0.000808414 0.00286574 0.00254752 0.00628997 0.00159305 -0.00393346 -0.00989958
internal_weight=4481.07 2251.15 2229.92 1005.71 1224.21 991.595 386.823 907.615 232.617 1343.53 275.249 215.811 309.062 604.772 44.0269 504.486 286.084 216.687 218.403 161.445 501.222 313.28 187.942 143.793 44.1491 689.221 356.796 26.2409 16.1229 1068.28 1034.22 376.247 657.972 139.515 27.7406 46.4968 461.276 171.906 69.3965 257.496 218.395 13.8263 68.482 189.395 16.4719 148.205 77.7613 44.3034 28.8003 157.612
internal_count=227207 39655 187552 59299 128253 97074 29872 6859 31179 32796 10909 30237 26375 67202 2592 36159 16375 12013 19784 11803 23140 16964 6176 3644 2532 6000 3770 708 558 21887 21613 9914 11699 2048 1955 2595 9594 17189 4362 6625 859 206 5217 5759 1064 6796 3497 2869 2441 16430
is_linear=0
shrinkage=0.0118628


Tree=32
num_leaves=51
num_cat=0
split_feature=21 21 16 9 17 0 0 24 24 4 4 0 22 7 20 5 11 2 7 6 24 21 11 13 24 19 24 24 24 25 7 19 17 19 20 7 11 8 5 9 24 7 5 0 16 5 6 1 10 6
split_gain=573.378 113.337 70.5803 87.0124 54.6588 38.4039 34.795 34.5233 33.2962 27.7223 27.6515 24.9694 24.6834 24.1356 22.2191 21.6988 21.167 20.8375 20.2458 19.6179 18.6205 18.4624 19.2602 18.2909 18.0597 17.915 17.8866 17.2607 19.7156 50.3342 17.5381 17.1206 19.3535 16.6443 16.2291 16.7301 16.1412 15.8442 15.7341 15.4425 15.4423 16.2918 16.744 15.4676 15.3996 20.0863 17.1988 16.8164 15.4927 15.3729
threshold=1.5000000000000002 5.5000000000000009 0.021009081621710054 0.96012483379525848 70.407586104768711 36.500000000000007 35.500000000000007 6.4359085648148158 133.8682002314815 2287.0000000000005 862.50000000000011 8.5000000000000018 36.708333333333336 0.96936765537118874 591.00000000000011 0.13793744041572406 681.50000000000011 644.50000000000011 0.76847476020443894 71.951585976627726 60.563946759259267 18.500000000000004 207.50000000000003 3976.5000000000005 113.50274884259262 0.78112234355379662 341.95804398148152 0.81901041666666674 43.622395833333336 0.73798627002288331 0.42732927138867732 0.3672677175824014 53.250869093663823 0.64914199557900931 230.50000000000003 0.077898083842356261 151.50000000000003 6.070749337335223 0.013847002977437703 0.97504916481316883 59.423321759259267 0.30405281944410367 0.014636803396971503 80.500000000000014 0.030329062402297352 0.019880874282491603 97.678663236191383 1606.0000000000002 293.50000000000006 88.74582854129919
decision_type=2 2 2 8 2 2 2 2 2 2 2 2 10 2 2 2 2 2 2 10 2 2 2 2 2 2 2 2 2 10 2 2 2 2 2 2 2 8 2 10 2 2 2 2 2 2 10 2 10 10
left_child=2 8 3 11 6 10 13 -3 27 -10 -5 17 23 15 -7 25 36 49 38 -16 34 22 -9 -13 -24 33 -20 37 29 44 -31 -26 -33 -4 35 -6 -12 -2 39 -8 -30 -42 -43 -44 45 46 47 -29 -47 -1
right_child=1 7 4 5 20 14 18 21 9 -11 16 12 -14 -15 19 -17 -18 -19 26 -21 -22 -23 24 -25 31 -27 -28 28 40 30 -32 32 -34 -35 -36 -37 -38 -39 -40 -41 41 42 43 -45 -46 48 -48 -49 -50 -51
leaf_value=-0.0019536419060563817 0.016799065777393079 0.012069165300790744 0.0015008136604546128 0.0034787379126391929 -0.01604274727037636 -0.0064510531710063627 -0.0093863169740614604 0.0081400782841692942 0.001524921424198452 -0.0064836093962086271 0.0031203293148130444 -0.010505484480083522 0.0017189179769141714 -0.012939896568336398 -0.014332986021474739 -0.022830344595914358 0.00062241673347958847 -0.012076570346163561 -0.010827966029294865 0.010031989309237736 -0.014763079589594247 0.010301714023237499 0.0044396452207065605 -0.0014722791876408499 0.0062463225807935794 0.01299100935887604 0.021129653228669533 -0.01441835827733111 0.006765643606219101 -0.010778226302638859 0.0077324926602378458 0.015548558156752641 -0.021459730743448924 -0.0086528943698993659 0.010181740886791312 0.0037861841572772894 -0.010110465396763161 -0.00091431538179812335 -0.00089152949040942591 -0.00028080268888493968 0.0055504625184456067 0.0030925905211450495 -0.001980816664002928 -0.02192073783744761 0.0050315901173595802 0.015995941440814884 0.014769037970962408 -0.0047008367872941039 -0.0010016397743462897 0.012931076721788629
leaf_weight=54.639986439608037 24.680487534031272 218.11466732202098 261.04259114596061 178.50547004584223 6.3492315476760259 291.13687226595357 87.13426366308704 236.23399379989132 179.57500150240958 91.984433152363636 16.122177504003048 520.65895824541803 26.701715153641999 18.774720159126446 5.9419062843080637 5.3227781709283581 98.063039111671969 24.574101584148593 91.170287518296391 21.3914730604738 6.706198805011808 151.71299975318834 274.68665125593543 33.578969078138471 8.8521798936417344 17.471349513623863 2.5327964858151963 34.324371208436787 239.14718780142721 7.6584490849636486 121.02175184944645 2.4145816136151543 11.263994494918732 24.884395269677043 63.198830753099173 105.11528883571737 66.486331388121471 9.9795738244429213 144.13751213089563 37.487562187947333 203.94412299944088 176.46181808551773 73.579457201762125 5.914281695149838 29.908233883790672 9.7891051555052382 5.1597149558365336 92.857332612387836 32.929758566431701 11.888747463119214
leaf_count=3135 94 859 11315 6154 470 31686 9914 1882 5726 5183 813 68559 1638 1780 541 468 4977 2385 11696 652 674 591 2845 2780 147 346 51 1580 2876 256 1661 17 518 1874 1364 5315 5488 180 10631 2608 2969 4022 2289 314 585 41 19 3679 1322 238
internal_value=0.000479836 0.00471161 -0.00379228 -0.00549141 -0.00116033 -0.00249186 -0.00268367 0.00795874 0.00252098 -0.00118779 0.000167348 -0.00851598 -0.00942149 0.000118935 -0.00549096 0.000913115 -0.00310434 -0.00274177 -0.0052159 0.00473526 0.00463468 0.00665023 0.00561174 -0.0099582 0.00360217 0.00132969 -0.00996408 0.00346457 0.0031882 0.000815658 0.00663079 -0.00660799 -0.0149267 0.000617121 0.00537948 0.00265665 -0.00752829 0.0116989 -0.00356044 -0.00664729 0.00432059 0.00304916 0.00105614 -0.00346442 -0.00283512 -0.00417911 -0.0064621 -0.00732348 0.00289348 0.000706323
internal_weight=4463.21 2242.19 2221.02 1349.69 871.328 677.647 689.958 903.279 1338.92 271.559 359.177 672.042 580.94 327.496 318.47 308.721 180.672 91.1028 362.462 27.3334 181.37 685.164 533.451 554.238 297.217 303.398 93.7031 1067.36 1032.7 333.649 128.68 22.5308 13.6786 285.927 174.663 111.465 82.6085 34.6601 268.759 124.622 699.047 459.9 255.956 79.4937 204.969 175.06 132.341 127.182 42.7189 66.5287
internal_count=227207 39655 187552 129046 58506 50311 50683 6859 32796 10909 17432 78735 72977 15783 32879 14003 11278 5758 34900 1193 7823 6000 5409 71339 3527 13535 11747 21887 21613 9143 1917 682 535 13189 7149 5785 6301 274 23153 12522 12470 9594 6625 2603 7226 6641 5278 5259 1363 3373
is_linear=0
shrinkage=0.0118628


Tree=33
num_leaves=51
num_cat=0
split_feature=21 21 0 6 5 16 6 24 24 7 4 5 7 19 16 10 0 20 9 16 20 17 3 10 24 24 7 24 21 11 19 14 7 15 19 16 16 17 6 20 20 20 13 3 17 15 6 16 3 7
split_gain=554.387 112.479 69.7008 41.6287 40.1477 34.3981 33.9029 32.5049 32.4519 28.186 26.6882 25.7001 21.9598 21.0945 20.2027 23.743 19.3521 22.547 23.8821 19.6117 19.0851 19.0625 18.1948 17.9505 17.6805 18.8739 48.3968 19.1296 17.5862 17.7424 17.4919 20.6999 17.1934 17.357 19.3868 17.1792 16.7846 18.7562 16.7966 16.649 16.2516 15.6634 16.5054 15.5967 15.3046 20.2637 16.4389 15.3976 18.2726 15.2625
threshold=1.5000000000000002 5.5000000000000009 34.500000000000007 74.577431382389037 0.0088654693893472029 0.03375091536771626 70.507762465865838 133.8682002314815 6.4359085648148158 0.81643609745163592 2287.0000000000005 0.14847910017758897 0.49039276119525987 0.6537700461644872 0.020334675769388102 346.50000000000006 16.500000000000004 287.50000000000006 0.92936542386279586 0.027862321186835206 579.00000000000011 69.07048497935682 95.500000000000014 570.50000000000011 1.2826967592592595 46.545283564814824 0.93451666520641075 59.423321759259267 18.500000000000004 207.50000000000003 0.65542629597103097 1222.5000000000002 0.46245400593471814 9.5000000000000018 0.5190487524238957 0.012878992072871452 0.020913790104127805 70.488853885388551 50.843753876120346 87.500000000000014 84.500000000000014 552.00000000000011 479.50000000000006 56.500000000000007 70.616847017140159 55.500000000000007 84.625719582704889 0.023415287492265353 25.500000000000004 0.047858436853002055
decision_type=2 2 2 8 2 2 10 2 2 2 2 2 2 2 2 10 2 2 10 2 2 2 2 10 2 2 2 2 2 2 2 2 2 2 2 2 2 2 10 2 2 2 2 2 2 2 8 2 2 2
left_child=2 7 3 16 6 9 -4 24 -3 11 -9 30 32 -11 15 -5 17 18 43 20 40 -16 -7 -21 35 26 -26 41 29 -10 31 36 33 -8 -35 -2 -6 39 -39 -38 -18 42 -27 -1 45 47 -47 -29 -49 -23
right_child=1 8 4 14 5 22 12 10 28 13 -12 -13 -14 -15 21 -17 19 -19 -20 23 -22 49 -24 -25 25 27 -28 44 -30 -31 -32 -33 -34 34 -36 -37 37 38 -40 -41 -42 -43 -44 -45 -46 46 -48 48 -50 -51
leaf_value=-0.0093490642484529308 -0.0077475620925601335 0.011892289736037537 -0.011668225353291931 0.0045378701361410917 -0.0050096484506825202 0.0063298802179742753 -0.0085163229625370186 0.0014422292764687079 0.0080403257057344857 -0.013474175256981205 -0.0064769724538523898 -0.021825559859435628 -0.010262911163963429 -0.0017560491950891774 0.0010600804584255806 -0.0029684058863604238 0.011410993142226314 -0.0079351144090642565 0.0026357854183476376 -0.0123357171296474 0.0042655195572641122 -0.01773392694811847 -0.013934673828395293 0.0045400257868819264 -0.00083613090737018553 -0.0034823574788254664 0.011653795826901934 -0.0027495659128856887 0.010184833648729729 0.0036703915559088895 -0.0099743904742494657 0.0074314176312105769 0.0088257028898034769 0.0012116794186579631 -0.0091680937546741881 0.013921107807904575 0.012125873779270621 -0.018869829961236654 0.0078924244063185277 -0.0039507967639306907 -0.010374204394729816 -0.0068121293309046744 0.0091984951195006569 0.0034509300994199237 0.0055898744304573858 0.0085215283729416311 -0.015276275674142265 0.0083871529876719305 -0.0058999199349924732 0.0096236275401818411
leaf_weight=48.987123579718173 5.9871020982973269 218.07783780898899 215.86323933338281 81.268924744566903 234.46854100178462 61.686580273555592 87.28350474499166 179.39026416512206 235.3753152419813 75.811541418195702 89.896976086543873 10.413698470685629 99.722812007647008 30.242492145625874 125.55305230780505 219.37228570703883 4.9809559555724254 64.878431204939261 151.78191731590778 11.873806373681871 15.21947489469312 2.9854058073833576 6.9358955775387576 35.059245940297842 310.3721999777481 15.757461491506545 50.804757436504588 145.53495315089822 152.49543125927448 294.13840590219479 45.652993944473565 28.973802409833297 14.682078603655098 92.027193306479603 34.934701642370783 36.766221115831286 9.8668601871468109 3.5524590215645722 46.434173857793212 111.50735083548352 147.86285255698022 10.399006133899091 173.33093236968853 18.438387682894245 185.52851380337961 61.053026389563456 4.3773914421908549 44.216123488731682 17.616346271242946 73.882934461580589
leaf_count=4144 138 859 27519 2965 25787 3396 10359 5726 1882 12038 5183 1458 13750 3147 5048 13439 199 4362 6796 1161 759 151 766 1434 9322 265 459 4052 591 3527 5310 1069 1383 6137 4102 269 418 368 1687 9559 16231 233 1607 1073 3187 929 117 632 677 1537
internal_value=0.000497442 0.00466988 -0.00371067 -0.00139685 -0.00562693 -0.00367246 -0.00801583 0.00247955 0.00790889 -0.00458686 -0.00120147 -0.00338868 -0.00561686 -0.0101326 0.00101135 -0.000939317 -0.00382425 -0.0017921 2.60451e-05 -0.00650943 -0.00840278 0.00390854 0.00428162 0.000270496 0.00341316 0.0030996 0.000920767 0.0042959 0.00663516 0.00561288 -0.00298905 -0.0022556 -0.00359299 -0.00444404 -0.00164442 0.0108866 -0.0029472 -0.000125207 0.00599036 -0.00264385 -0.00966423 0.00736221 0.00814175 -0.00584874 0.00296127 0.00117357 0.00692935 -0.000642557 0.00431669 0.00856104
internal_weight=4443.32 2231.12 2212.2 1002.14 1210.06 665.546 544.514 1331.03 900.087 596.924 269.287 490.87 328.65 106.054 503.063 300.641 499.082 284.086 219.207 214.996 168.063 202.421 68.6225 46.9331 1061.74 1018.99 361.177 657.814 682.009 529.514 480.456 434.803 228.927 214.245 126.962 42.7533 405.829 171.361 49.9866 121.374 152.844 199.487 189.088 67.4255 458.326 272.798 65.4304 207.367 61.8325 76.8683
internal_count=227207 39655 187552 59299 128253 65003 63250 32796 6859 60841 10909 45656 35731 15185 23140 16404 36159 16375 12013 19784 17189 6736 4162 2595 21887 21480 9781 11699 6000 5409 44198 38888 21981 20598 10239 407 37819 12032 2055 9977 16430 2105 1872 5217 9594 6407 1046 5361 1309 1688
is_linear=0
shrinkage=0.0118628


Tree=34
num_leaves=51
num_cat=0
split_feature=21 22 0 21 6 5 6 16 9 17 16 1 11 24 17 10 13 5 20 16 1 20 8 14 15 15 24 14 9 7 16 20 5 13 11 25 19 9 3 1 0 13 3 8 16 20 7 17 24 3
split_gain=531.211 129.761 65.4651 50.2661 37.972 37.4582 32.6104 31.5014 26.9612 25.1476 21.867 22.0851 20.5359 19.3249 19.2742 27.0119 18.5052 17.9329 17.5 17.0966 16.9828 16.787 16.3316 18.5661 16.0852 17.7614 15.6792 18.1087 14.5979 16.4479 14.5629 13.7059 17.7455 14.3409 22.5264 13.5873 17.7848 16.103 21.4885 17.2832 17.0145 22.686 18.011 22.3242 30.2178 20.3522 16.8426 15.955 15.8578 17.9655
threshold=3.5000000000000004 46.757352941176478 34.500000000000007 14.500000000000002 74.577431382389037 0.0087170428686641523 84.426609964374123 0.026771745158800604 0.9524776627964775 69.850113981762931 0.021009081621710054 851.00000000000011 235.50000000000003 120.78428819444444 62.241150685478644 1129.5000000000002 3976.5000000000005 0.14847910017758897 384.50000000000006 0.02425775392264615 1429.5000000000002 107.50000000000001 6.6172069551343542 178.50000000000003 28.500000000000004 4.5000000000000009 70.402488425925938 558.50000000000011 0.97688458656926824 0.99987718005404091 0.021236124140558855 228.50000000000003 0.040772291642862807 823.50000000000011 810.50000000000011 0.98888751697740473 0.88029034771661629 0.91178661280562989 86.500000000000014 3271.0000000000005 10.500000000000002 1361.5000000000002 61.500000000000007 7.122507896604505 0.020274552118658504 579.00000000000011 0.86938784106564138 57.426518817204304 10.321180555555559 27.500000000000004
decision_type=2 10 2 2 8 2 10 2 10 2 2 2 2 2 2 8 2 2 2 2 2 2 10 2 2 2 2 2 10 2 2 2 2 2 2 10 2 10 2 2 2 2 2 10 2 2 2 2 2 2
left_child=1 2 4 13 35 6 -4 8 16 -9 11 18 -8 20 22 -16 -7 31 -6 -3 -2 -11 23 -12 25 -14 -5 -28 -22 -30 -17 -10 33 -33 -35 36 37 38 -1 40 41 47 43 44 45 -42 -46 -39 -37 -50
right_child=3 19 5 26 10 7 12 9 17 21 14 -13 24 -15 15 30 -18 -19 -20 -21 28 -23 -24 -25 -26 -27 27 -29 29 -31 -32 32 -34 34 -36 48 -38 39 -40 -41 42 -43 -44 -45 46 -47 -48 -49 49 -51
leaf_value=-0.010869003924677127 0.0086466103075425339 0.0010701030055604867 -0.0099014234106915202 0.011642614671467974 0.0045481548385964471 -0.0087133769974937266 -0.016681910841766148 -0.0017374797365434032 -0.0045156908065909305 -0.012872383146635871 0.017141723880491403 -0.0036685054757541178 -0.0090093249607927813 0.00080335109255821619 0.0080457549470591277 0.018088693172130393 0.0021640214644308097 -0.020538813002275891 -0.0090442982000289614 0.0053868528425006224 0.0051945733161478068 0.011732858415554055 0.0052273818484076078 -0.013462261527406389 -0.012850943987093704 0.00053529924853748957 0.010085895059468686 -0.0092526708797408264 -0.02488367000728129 0.010463927656645122 -0.011046005127171282 0.013459639279600028 -0.0089313468303695177 0.0033211638169723212 -0.017519309562112648 0.015643672986280735 0.011655254489655889 -0.018060440196803536 0.0023878904446189078 -0.01269451329967216 -0.011421681965747157 -0.0083876985200050224 -0.014023209553155629 0.017530628041800281 0.0022564015783492855 0.0058438193277566917 -0.018786854343472863 0.0043226849575426557 -0.0094536577879990313 0.0055698672137161368
leaf_weight=94.460697029950097 242.33805782534182 579.87334620335605 361.25832623033784 281.78608602052554 106.44021256268024 242.89678972447291 16.260318059241399 132.50666992785409 121.71667580096982 4.3854687954299143 3.2165846321731832 183.94204421783797 35.015121631324291 115.97031717549544 128.81928849685937 2.8174115540459779 24.202787261689082 7.3495193636044851 15.237454748246817 166.0949077764526 717.0714997939067 35.37840788718313 19.317054918035865 21.000376930693164 19.827962010866031 126.76392646203749 17.151909601874653 11.305263593792914 4.7604243615642181 3.0322962887585163 16.864794827066362 16.200963270501234 20.267664906568825 72.832022342015989 8.1113175060600025 9.7701359991915506 9.6656299442984146 4.6954128886573008 21.03876725025475 25.943269532639533 75.290849209413864 30.224256538669579 26.028669244842604 6.8577061775140455 77.420363800600171 11.012982967542483 5.7496728871483347 98.240559612982906 19.936980122700334 25.563264610478655
leaf_count=9547 1985 16790 44972 941 3632 31594 2196 10591 13225 497 27 12464 4364 3091 2682 34 1562 1231 748 3479 9328 906 730 1793 2110 9984 98 114 151 20 931 464 1728 4211 682 107 274 428 1243 2547 8068 1804 2524 185 3615 461 717 3700 1426 1206
internal_value=0.000522903 -0.0022645 -0.0036672 0.00658514 -0.00146959 -0.0055022 -0.00778117 -0.0036443 -0.00511675 0.000745394 0.000896269 -0.00107487 -0.00391009 0.00537931 0.00403328 0.00606813 -0.00772774 -0.00228731 0.00284598 0.00203126 0.00592798 0.00901911 -0.00290791 -0.00939715 -0.00276652 -0.00153053 0.0107951 0.00240319 0.00501908 -0.0111294 -0.00687528 -0.00172633 0.0011653 0.00327184 0.00123268 -0.00364229 -0.00427534 -0.00459818 -0.0084542 -0.00336606 -0.00264474 0.000648408 -0.00481175 -0.00345201 -0.00430109 -0.00921847 0.000801578 0.00330163 0.00193143 -0.00101306
internal_weight=4423.91 3030.5 2284.53 1393.42 1039.55 1244.97 559.126 685.848 513.578 172.271 497.655 305.62 197.867 1083.17 192.036 148.501 267.1 246.478 121.678 745.968 967.202 39.7639 43.534 24.217 181.607 161.779 310.243 28.4572 724.864 7.79272 19.6822 239.129 117.412 97.1443 80.9433 541.899 486.629 476.963 115.499 361.464 335.52 133.16 202.36 176.332 169.474 86.3038 83.17 102.936 55.2704 45.5002
internal_count=227207 211479 191210 15728 60893 130317 63626 66691 54697 11994 23041 16844 18654 14575 6197 3647 33156 21541 4380 20269 11484 1403 2550 1820 16458 14348 1153 212 9499 171 965 20310 7085 5357 4893 37852 35113 34839 10790 24049 21502 5932 15570 13046 12861 8529 4332 4128 2739 2632
is_linear=0
shrinkage=0.0118628


Tree=35
num_leaves=51
num_cat=0
split_feature=21 22 0 21 5 6 16 6 25 7 16 4 11 5 1 24 5 3 15 16 15 15 3 17 10 9 3 16 17 17 11 24 15 20 20 24 14 11 4 4 9 13 19 6 0 16 10 6 4 11
split_gain=510.21 121.189 66.1916 49.8437 37.3334 35.1109 33.3199 32.658 25.0655 32.4822 22.1925 20.9885 20.8373 20.0571 19.3636 18.4077 18.0954 17.9615 16.9723 16.4194 15.6465 17.759 15.3585 15.0919 26.8546 16.0084 15.6233 14.9256 19.6883 19.8148 14.6782 14.5056 14.1192 14.0332 13.8858 13.7785 17.6004 13.7221 13.601 22.2103 13.5912 15.1086 13.4239 13.4211 13.3078 16.8438 17.4213 15.1442 15.3579 18.428
threshold=3.5000000000000004 46.757352941176478 34.500000000000007 14.500000000000002 0.0087170428686641523 74.577431382389037 0.03375091536771626 84.426609964374123 0.32051282051282054 0.75239444485971829 0.021107879995736153 1119.5000000000002 235.50000000000003 0.14847910017758897 851.00000000000011 1.6131365740740742 0.041249188002637258 79.500000000000014 53.500000000000007 0.02425775392264615 28.500000000000004 4.5000000000000009 181.50000000000003 62.241150685478644 1129.5000000000002 0.97554424082825764 47.500000000000007 0.021009081621710054 69.850113981762931 76.194101035657027 417.50000000000006 120.78428819444444 81.500000000000014 603.50000000000011 384.50000000000006 70.402488425925938 558.50000000000011 221.50000000000003 575.50000000000011 671.50000000000011 0.97834856688375871 389.50000000000006 0.67307827616534754 92.730705774047394 16.500000000000004 0.027862321186835206 570.50000000000011 20.475002522875986 862.50000000000011 61.500000000000007
decision_type=2 10 2 2 2 8 2 10 10 2 2 2 2 2 2 2 2 2 2 2 2 2 2 2 8 10 2 2 2 2 2 2 2 2 2 2 2 2 2 2 8 2 2 10 2 2 8 10 2 2
left_child=1 2 5 15 7 44 8 -4 9 13 14 -8 -9 27 34 -2 30 23 -13 38 21 -14 43 25 -25 26 -12 33 -29 37 -10 -17 -11 -6 40 -5 -37 -30 -3 -40 -7 -42 -34 -21 47 -46 -47 -1 49 -49
right_child=3 19 4 35 6 10 11 12 16 32 17 18 20 -15 -16 31 -18 -19 -20 22 -22 -23 -24 24 -26 -27 -28 28 29 -31 -32 -33 42 -35 -36 36 -38 -39 39 -41 41 -43 -44 -45 45 46 -48 48 -50 -51
leaf_value=0.0095279345968886462 0.010898022736962235 0.0066777944232313995 -0.009858936383353346 0.011455917658348675 -0.0059498054185434966 -0.0004655711398098806 0.01075284078996866 -0.016968624299262526 0.0080139246258662394 -0.011324370923721953 -0.014681782926822812 -0.0078958227954459455 -0.009112565254657248 -0.021420895345453297 -0.0034580453854885299 0.0053541095709897504 -0.014942477254825766 -0.015273203352910811 0.0089698991151834911 0.0062272114649964865 -0.012911616072436127 0.00052945765938053129 -0.023651692963300035 0.0084364137955574882 -0.0080037183292643345 0.0062669331946367934 0.0097338925809272916 -0.0031580617223504657 -0.0093893417426633256 -0.019907941206331683 -0.017370571076474325 0.00086656784405835896 -0.020459144172908391 0.0040792373480025316 -0.0083939232956019658 0.010259984403758462 -0.0089004956125399905 0.010133696934069257 -0.016922422346245171 0.000745369363016243 -0.010842803516492385 0.0098696687885948872 0.0096468386304748386 -0.013250288704585554 -0.0073000921769738282 -0.01202518764739291 0.0043890916436950629 -0.0086415641806657784 -0.0047287276603855581 0.0031160169115208207
leaf_weight=15.647353897336869 76.015581915387884 53.544716077507474 356.40810515626799 281.87964861653745 222.60156613809522 50.455737648997456 34.448167222784832 15.638639515265821 41.954655839130282 126.9723364970414 15.669898719643244 24.418725639698096 34.053592341486365 8.6696017622016353 185.85993393149693 891.46168031927664 6.6027314835228017 6.4813186395913354 12.796514625195412 161.63066055998206 18.887345074443147 127.63172827404924 2.559583186171948 126.47322170273401 15.720085255336015 18.589568489231169 4.823089816607534 117.51140733517241 5.7661929540336123 3.9437314996030173 3.4704712438397101 114.37088431522716 2.7404550400096914 21.533179404446855 14.280015554511918 17.280159054324034 11.067118727602063 41.729992473963648 10.211929884273557 513.08033452986274 5.4661878347396842 53.073253631591797 8.7002017335034889 5.1363643687218419 180.70613362721633 11.949349612696095 38.14685134543106 23.320123718120158 171.2415124111576 95.909378651063889
leaf_count=421 452 942 44972 941 25512 2339 1411 2196 1695 18917 1528 2430 4364 1354 12536 11032 811 592 403 3191 2110 9984 140 2468 778 580 151 9976 423 496 414 3091 362 998 758 98 114 1143 405 15443 328 983 346 148 17859 1155 1558 1380 11918 3561
internal_value=0.00053067 -0.00221088 -0.00357404 0.00647128 -0.00542618 -0.0013588 -0.0035732 -0.00771922 -0.00446909 -0.00520063 0.000913729 0.00408013 -0.00383252 -0.00356416 -0.00104008 0.00526924 0.00340715 0.0041306 -0.00209649 0.00193668 -0.00269483 -0.00150133 0.00518465 0.00482439 0.00661887 -0.00170444 -0.00893541 -0.00318937 -0.00047877 0.00564189 0.00607444 0.00484384 -0.0101871 -0.00506522 0.00260544 0.0106631 0.00277948 0.00776349 0.00098326 0.000400576 0.00404655 0.00793557 0.00243496 0.00562729 -0.00346191 -0.00561276 0.00047377 -0.00184025 -0.00245265 0.000816331
internal_weight=4408.53 3016.46 2270.29 1392.08 1236.48 1033.81 683.86 552.619 612.197 560.169 496.892 71.6634 196.211 421.756 309.135 1081.85 52.0279 187.757 37.2152 746.164 180.573 161.685 169.327 181.276 142.193 39.0826 20.493 413.086 168.951 51.4399 45.4251 1005.83 138.413 244.135 123.275 310.227 28.3473 47.4962 576.837 523.292 108.995 58.5394 11.4407 166.767 536.921 230.802 50.0962 306.118 290.471 119.23
internal_count=227207 211479 191210 15728 130317 60893 66691 63626 62447 59527 23041 4244 18654 39902 16944 14575 2920 6097 2833 20269 16458 14348 3479 5505 3246 2259 1679 38548 12038 2062 2109 14123 19625 26510 4408 1153 212 1566 16790 15848 3650 1311 708 3339 37852 20572 2713 17280 16859 4941
is_linear=0
shrinkage=0.0118628


Tree=36
num_leaves=51
num_cat=0
split_feature=21 21 16 9 17 0 0 21 24 4 0 7 5 20 22 9 11 13 4 2 18 7 17 2 4 6 24 24 7 24 20 5 17 4 8 16 22 9 22 19 18 24 20 19 13 15 3 15 6 15
split_gain=494.061 106.221 69.3555 86.3665 50.4051 37.4392 36.4519 32.4262 30.6429 24.9561 24.8694 22.9555 22.7928 21.99 20.9955 20.2136 19.5506 19.4952 18.7731 18.6479 18.3877 18.3239 22.146 17.7061 17.3419 17.2508 16.9804 17.8535 46.3596 19.2292 18.451 19.5239 17.9075 16.9275 16.847 16.778 16.4564 16.347 16.2991 16.4783 15.9093 15.9074 15.4498 15.339 14.7108 14.9415 22.7175 14.6662 16.7966 14.6177
threshold=1.5000000000000002 5.5000000000000009 0.021009081621710054 0.96012483379525848 70.407586104768711 36.500000000000007 35.500000000000007 14.500000000000002 154.72656250000003 862.50000000000011 8.5000000000000018 0.96936765537118874 0.026496581118888154 591.00000000000011 36.708333333333336 0.98221864282198712 475.50000000000006 3976.5000000000005 389.50000000000006 644.50000000000011 197.50000000000003 0.11487987855477996 49.537953810168226 927.50000000000011 1189.0000000000002 65.520282218558094 1.2826967592592595 46.545283564814824 0.93451666520641075 59.423321759259267 240.50000000000003 0.072987983792091607 74.471424552234552 765.50000000000011 7.1057968062280663 0.012878992072871452 54.031250000000007 0.97231698992385918 55.519230769230781 0.23971805040236288 157.50000000000003 60.563946759259267 230.50000000000003 0.45950914149443561 259.50000000000006 36.500000000000007 37.500000000000007 55.500000000000007 84.625719582704889 8.5000000000000018
decision_type=2 2 2 8 2 2 2 2 2 2 2 2 2 2 10 8 2 2 2 2 2 2 2 2 2 10 2 2 2 2 2 2 2 2 8 2 8 10 10 2 2 2 2 2 2 2 2 2 10 2
left_child=2 8 3 10 6 9 11 24 26 -5 19 20 15 -7 17 38 18 -12 43 -1 34 37 -23 -11 -3 -15 35 28 -28 33 -31 32 47 -29 40 -2 -25 -22 -10 -40 -4 42 -6 -8 -24 -46 -47 -32 -49 -34
right_child=1 7 4 5 41 13 16 -9 12 23 14 -13 -14 25 -16 -17 -18 -19 -20 -21 21 22 44 36 -26 -27 27 29 -30 30 31 -33 49 -35 -36 -37 -38 -39 39 -41 -42 -43 -44 -45 45 46 -48 48 -50 -51
leaf_value=0.00075839272665901105 -0.0082436182998157446 0.010020916040820211 -0.0011548473436366015 0.0035580648852377066 0.0026394737059790719 -0.0062035128992428464 0.012214895020497038 0.010772110657104204 -0.0063062156982381474 -0.0076314278645028735 -0.010248746683555519 -0.01255670012844032 -0.01318528150657817 -0.0183045023844755 0.0012165974651745686 0.011627132748965336 -0.00096329860284803735 -0.0010190244206979425 -0.008077142382744297 -0.011513962890621537 -0.017201079078121097 0.013667387114089794 0.017360021231070649 -0.017283075834005863 0.0049757405831025647 0.0086496089326607763 -0.00104088330492886 -0.012796904201712554 0.011243739242052781 0.0003344596975284907 0.0006666963271543309 -0.023783756451858942 0.00092288156922994342 0.0076855497801785458 -0.018916584065753781 0.013301553616876188 0.0013639626550377105 0.011489474371249919 -0.014729906581340409 0.0028502431948289066 0.0069066627550586892 -0.013911576593692548 0.0098629232728107454 -0.0060746955372411298 -0.0092912422533875036 -0.012738127208990606 0.0092000593754054828 0.0088309007049244582 -0.014790359928967793 0.01292176181377506
leaf_weight=66.720441735582426 5.8796336993109426 120.90990068204701 48.97312724776566 180.77023907424882 114.12880964099895 277.51342673925683 12.306924060452731 309.02379924803972 66.381937175407074 65.051689044106752 502.97247810935369 17.812438379973173 22.346298788441345 3.8854006319306817 26.203893313067965 17.510126618202776 115.17033950786572 34.408184165484272 212.51453900907654 23.582189974724315 3.2389457572717246 9.2224650601856393 3.8088441137224427 7.1172005785629153 463.10358451772481 23.853462104452774 308.41662314964924 5.8515016874298444 50.277316855732352 241.94685790850781 118.94864138937555 3.3146801348775616 18.892796641914174 191.25634649046697 4.4333068488631389 37.692886836826801 103.65494469041005 20.362174528185278 8.2062938634771836 87.523413227056153 116.16845886898227 6.2924147387966505 65.629388358443975 13.565715459641067 71.194929753663018 10.680654968717137 17.567708755843341 69.530164037598297 4.5108623299747697 58.621188091114163
leaf_count=3373 138 768 2274 6154 5785 31686 578 1153 3921 5152 68559 1780 1933 413 1638 231 8779 2780 23920 2385 244 227 31 785 4938 780 9322 133 459 6145 2915 166 480 1972 351 269 5341 418 497 2427 3531 674 1364 1623 5364 1006 557 1030 150 608
internal_value=0.000554461 0.00450626 -0.00345418 -0.00516836 -0.000840949 -0.00214738 -0.0023438 0.00766458 0.00236483 0.000463054 -0.00822611 0.00053402 -0.00188688 -0.00519688 -0.00915217 -0.000481251 -0.00497665 -0.00965777 -0.00691559 -0.00244652 0.00129692 -0.00195116 -0.00394525 -0.00271903 0.00602026 0.00487395 0.00313487 0.00283969 0.000681033 0.00392585 0.0027214 0.00483051 0.00518117 0.00707747 0.00390336 0.0103942 0.000165826 0.00755188 -0.00178913 0.00134316 0.00451601 0.00462776 0.00527676 0.00262522 -0.00551845 -0.00639479 0.000905217 0.00324679 0.00739174 0.00999724
internal_weight=4388.95 2210.14 2178.8 1315.73 863.071 661.846 677.021 893.037 1317.11 356.594 653.887 323.463 201.968 305.252 563.585 179.622 353.558 537.381 238.387 90.3026 305.651 136.076 112.475 175.824 584.013 27.7389 1115.14 1071.57 358.694 712.873 515.765 273.818 270.504 197.108 169.575 43.5725 110.772 23.6011 162.112 95.7297 165.142 186.051 179.758 25.8726 103.252 99.4433 28.2484 192.99 74.041 77.514
internal_count=227207 39655 187552 129046 58506 50311 50683 6859 32796 17432 78735 15783 9009 32879 72977 7076 34900 71339 26121 5758 14003 7847 7185 11278 5706 1193 23787 23380 9781 13599 11494 5349 5183 2105 6156 407 6126 662 6845 2924 5805 7823 7149 2201 6958 6927 1563 4095 1180 1088
is_linear=0
shrinkage=0.0118628


Tree=37
num_leaves=51
num_cat=0
split_feature=21 21 16 9 17 0 0 24 24 0 4 7 13 21 20 24 22 7 8 20 5 2 2 24 19 19 6 22 21 24 20 15 9 3 19 0 7 18 5 5 0 3 3 11 9 10 8 6 17 0
split_gain=481.081 103.916 67.9244 85.1068 46.0384 36.2453 36.086 34.3187 27.7591 24.3242 22.5267 22.0063 21.3671 21.3537 21.2831 21.0491 19.8909 18.833 18.5812 20.4298 18.2172 18.0974 16.7308 16.6193 16.5252 16.5923 15.7228 15.7154 15.255 15.1942 15.58 15.0397 21.7947 16.0211 15.0855 15.477 14.7288 15.7477 14.4752 14.5324 14.0435 14.1701 13.7826 15.7195 14.9148 13.568 15.8867 20.0172 19.3614 13.939
threshold=1.5000000000000002 8.5000000000000018 0.021009081621710054 0.96012483379525848 70.407586104768711 35.500000000000007 36.500000000000007 3.8470775462962967 265.63194444444451 8.5000000000000018 862.50000000000011 0.96936765537118874 3976.5000000000005 3.5000000000000004 591.00000000000011 145.1215277777778 36.708333333333336 0.76847476020443894 6.0525101458490314 138.50000000000003 0.13793744041572406 644.50000000000011 927.50000000000011 341.95804398148152 0.78112234355379662 0.64914199557900931 71.951585976627726 54.031250000000007 14.500000000000002 60.563946759259267 230.50000000000003 49.500000000000007 0.97593816675140332 8.5000000000000018 0.44114711752964664 48.500000000000007 0.56203695238411877 92.500000000000014 0.022397026639851002 0.022887729770454005 80.500000000000014 111.50000000000001 43.500000000000007 407.50000000000006 0.9679629594577247 624.50000000000011 6.5326429257007552 94.631590386161079 75.307383959469135 64.500000000000014
decision_type=2 2 2 8 2 2 2 2 2 2 2 2 2 2 2 2 10 2 8 2 2 2 2 2 2 2 10 8 2 2 2 2 8 2 2 2 2 2 2 2 2 2 2 2 8 10 10 10 2 2
left_child=2 7 3 9 5 11 10 18 13 21 -5 20 16 -9 -8 28 36 31 -2 -20 24 -1 -12 -19 25 -4 -16 -24 -3 30 40 32 42 -33 -35 -36 37 -11 -38 -40 41 -6 -7 -44 -45 -15 48 49 -47 -48
right_child=1 15 4 6 29 17 14 8 -10 12 22 -13 -14 45 26 -17 -18 23 19 -21 -22 -23 27 -25 -26 -27 -28 -29 -30 -31 -32 33 -34 34 35 -37 38 -39 39 -41 -42 -43 43 44 -46 46 47 -49 -50 -51
leaf_value=0.00073515216431211999 0.014187758163034213 0.0070155124280274136 0.0018526175478134259 0.0033714937924079042 0.004557284911567947 -0.010054532972799707 -0.0061286703085687922 0.0013209446473177156 -0.0082154650948722541 0.013539766550904789 -0.0074082777307606339 -0.012304734008547589 -0.00045070571788422687 0.0069355697650430185 -0.013360828130418749 -0.0062686815753373445 0.00094801010610704849 -0.010442342921738594 -0.01533968624669077 0.0071020068096216702 -0.022310891289926728 -0.011465630489330013 -0.017639254654346355 0.020509667604109053 0.012689998320659887 -0.0086221272395581375 0.0090579046013470454 0.0013113159090137826 0.010959429547104254 -0.014571932019126899 0.0094700307649323995 -0.012388952924970255 0.00097266154646306283 -0.017105704176623431 -0.019226560058956489 0.0090632256326940181 -0.013390227239044823 -0.0081827556137708535 0.023209015716533919 -0.0083591416431723926 -0.0090620477243858241 -0.022804830165650179 -0.010890872714704337 0.0063378671399324316 -0.017735989568626286 -0.0015198887324941164 0.0062966472611609365 -0.01039797973966668 0.0078501710249313968 8.9243825611012335e-05
leaf_weight=66.469170887488872 55.431676628533751 251.63167387200519 260.22981759894174 182.29264205764048 98.599724591476843 92.541931487736292 273.67359553801361 751.27430402603932 33.352111399755813 4.815250218845903 64.151616456685588 17.579835711861961 37.783777451142669 185.82033466454595 5.4625217390712377 12.696093347854911 23.621249057236128 87.563374494435266 6.480184990214183 47.922063634265214 4.5137960733845821 23.038103824132122 6.5423424853943288 2.5109367794357231 18.090939673827961 23.175952340476215 22.676126252859831 104.78701832541265 305.68043328542262 5.7766057185363016 67.96661679004319 8.861050194129346 64.14393649273552 3.9620196574833235 2.9237258378416291 39.279882111120969 222.51289124018513 189.86991871119244 2.1064455904997876 79.188909611431882 13.498979313299058 2.7370675210840991 18.457404979038984 26.092785560060296 4.2049274020828298 148.96384372003376 287.8266835937975 11.976299821631981 39.19896053429693 61.846414017491043
leaf_count=3373 300 1662 11315 6154 4205 11306 31686 21596 2132 212 5152 1780 2886 2389 541 234 1532 11696 176 588 468 2385 785 51 346 1874 652 5341 1096 674 1364 917 4409 348 324 1424 31629 24223 176 12319 1262 318 2269 1644 512 3280 4212 268 506 1216
internal_value=0.000565101 0.0044748 -0.00339573 -0.00509892 -0.000811475 -0.00226087 -0.00209753 0.00295026 0.0024876 -0.00814735 0.00045097 0.000602065 -0.00906531 0.00272768 -0.00511856 0.00883465 -0.00968872 -0.00490369 0.00935402 0.00442876 0.00134355 -0.00240521 -0.00258292 -0.00957944 0.00169772 0.00099602 0.00470567 0.000197623 0.00917872 0.00436983 0.00496842 -0.00328672 -0.00476199 0.00222116 0.0050255 0.00710326 -0.0101927 -0.00764546 -0.0118251 -0.00754109 0.00230408 0.00381817 -0.00736532 -0.00226089 0.00299657 0.00416433 0.00322773 0.00468224 0.000432137 0.00519875
internal_weight=4371.8 2200.1 2171.7 1308.99 862.711 674.132 659.586 1630.09 1520.26 649.406 357.774 323.59 559.898 1486.91 301.812 570.008 522.115 350.542 109.834 54.4022 306.011 89.5073 175.481 90.0743 301.497 283.406 28.1386 111.329 557.312 188.579 182.802 260.468 205.441 55.0267 46.1656 42.2036 498.493 194.685 303.808 81.2954 114.836 101.337 141.297 48.7551 30.2977 735.633 549.812 361.649 188.163 349.673
internal_count=227207 39655 187552 129046 58506 50683 50311 36663 35599 78735 17432 15783 72977 33467 32879 2992 70091 34900 1064 764 14003 5758 11278 11747 13535 13189 1193 6126 2758 7823 7149 23153 20140 3013 2096 1748 68559 24435 44124 12495 5785 4523 15731 4425 2156 11871 9482 5696 3786 5428
is_linear=0
shrinkage=0.0118628


Tree=38
num_leaves=51
num_cat=0
split_feature=21 22 16 9 21 17 25 0 0 0 20 24 7 13 7 8 7 5 9 24 18 1 24 19 19 16 9 20 10 6 7 9 7 5 19 0 14 14 0 6 4 17 9 11 6 9 9 19 25 6
split_gain=469.137 109.91 60.9444 63.6682 50.5182 43.4762 33.2747 30.3366 29.902 24.7387 23.5149 22.7787 21.8012 20.9418 18.5049 17.5593 17.5278 17.0421 17.3431 16.8794 16.5115 16.46 15.7124 14.8692 16.8882 14.8668 14.6362 14.3643 14.8624 17.695 18.5027 13.9772 15.9907 13.95 13.9495 16.9596 13.7269 19.2199 18.8591 20.0779 14.4262 15.5676 16.0427 13.7356 13.4695 18.027 13.3236 13.0664 14.8837 16.372
threshold=3.5000000000000004 46.757352941176478 0.021009081621710054 0.9574084290582684 14.500000000000002 70.407586104768711 0.65108695652173931 34.500000000000007 36.500000000000007 9.5000000000000018 591.00000000000011 145.1215277777778 0.80428240191041789 3976.5000000000005 0.73126452494873562 6.0853426940597828 0.96936765537118874 0.013847002977437703 0.97504916481316883 120.78428819444444 97.500000000000014 1429.5000000000002 59.932436342592602 0.78112234355379662 0.64914199557900931 0.02425775392264615 0.97813935572107946 230.50000000000003 943.50000000000011 91.765435432985825 0.13111783287333342 0.97688458656926824 0.99987718005404091 0.0018077735898385002 0.38998287671232879 44.500000000000007 359.50000000000006 392.50000000000006 10.500000000000002 93.191918037781861 339.50000000000006 69.189737192054096 0.98579978187827055 112.50000000000001 88.74582854129919 0.90583528748424547 0.98628316898922275 0.60300506274123222 0.48333333333333339 47.228218528232034
decision_type=2 10 2 8 2 2 10 2 2 2 2 2 2 2 2 10 2 2 10 2 2 2 2 2 2 2 10 2 8 10 2 10 2 2 2 2 2 2 2 8 2 2 8 2 10 10 10 2 10 10
left_child=1 2 3 6 19 7 9 16 20 15 47 -8 17 14 -11 44 23 18 -9 21 -5 -2 27 24 -4 46 -12 28 33 -30 -31 -23 -33 -7 -19 -36 -22 38 -38 -40 43 -42 -43 -39 45 -1 -3 48 -10 -50
right_child=4 25 5 8 -6 22 11 12 10 13 26 -13 -14 -15 -16 -17 -18 34 -20 -21 36 31 -24 -25 -26 -27 -28 -29 29 30 -32 32 -34 -35 35 -37 37 40 39 -41 41 42 -44 -45 -46 -47 -48 -49 49 -51
leaf_value=-0.01145731721563769 0.0082608867681776103 0.00056567953773720722 0.0011450645247086111 0.0094735341056135253 0.010514610950032267 -0.0096865063729249141 0.0057991160116000612 -0.009105030909110268 -0.0058136578789858969 -0.0083099877407800567 -0.0046514146927271209 -0.0098882553268418039 -0.0101410150882247 -0.00049193336104139031 -0.013161707819449952 -0.012896924226935906 -0.011240009238443129 -0.0092208135341548397 0.00052868143123972679 0.00073323433918750819 -0.0035065606308486413 0.0048540900195812517 -0.01459653316124308 0.011036433925865308 -0.0090074758439063034 0.0050096598187202397 0.011692239958697052 0.0088840622559690774 -0.011942093779377872 -0.022607384740126892 0.011211076792181411 -0.024688113301853564 0.010121390732955197 0.0065573897298361467 -0.012142830341325369 0.0022667915844680753 0.014771669442004755 -0.011690129986497901 -0.017149139775681565 0.013500427753708039 -0.0061973797053480831 0.0033139098157811886 -0.023229183848145665 0.010748402673462608 0.011407924985402088 0.0026620438001095938 0.0088708062385871606 -0.012778165681956425 0.016126874965470016 -0.01969986781054062
leaf_weight=19.712383033940569 241.19254515063949 537.1630777050741 265.00192858558148 23.188626783434302 308.39277726970613 8.2964741315226984 40.614106696564704 92.070329287089407 248.3272745028371 286.08151422918309 13.577747435076164 19.175256737042218 80.652666611596942 33.618674717843533 180.38639035983942 18.518923052004538 17.598374574445188 22.303894663928077 36.811313851270825 113.09253051085398 154.82498293044046 714.29318622685969 6.1640192868653676 19.216904336819425 25.254177421564236 167.47204714175314 17.844540436286479 70.20759424730204 19.386399835813791 2.7785849343053988 12.596537439152597 4.7596767814829937 3.0450151357799768 72.036805208772421 12.69052934553474 121.90987462853082 25.059066035784781 4.5797503800131407 6.6299206386320266 5.5047690828796485 67.566859217593446 61.636159593705088 3.3797878366895011 23.731152773369104 12.228836836060507 35.899470266886055 28.631918323691934 36.79586890398059 8.4100040080957097 2.2817179646808645
leaf_count=1792 1985 16406 11768 487 1153 664 1781 10685 28834 36285 924 2054 10938 2620 27627 2128 1742 2145 2660 3091 10465 9328 718 359 2040 3479 411 1384 1688 233 216 151 20 3012 1381 8296 290 230 554 91 4082 2233 227 424 268 1598 384 5382 142 352
internal_value=0.000580054 -0.00208026 -0.00338801 -0.00497445 0.00628158 -0.000968703 -0.00766249 -0.00235025 -0.00250465 -0.00852199 -0.0051269 0.000767936 -0.00469429 -0.00953449 -0.0101862 -0.00265887 0.000275919 -0.00315713 -0.00635345 0.00506877 -0.000223081 0.00557778 0.0040354 0.000930791 0.000261718 0.00190494 0.00463008 0.00465521 0.00207559 -0.00440477 0.00509906 0.00468157 -0.0111073 0.00487976 -0.000531668 0.000908182 -0.00086022 0.00120816 0.00889354 -0.00324531 -0.000568483 -0.00220993 0.00193398 0.00711851 0.000135928 -0.0023428 0.000985964 -0.00616332 -0.00522361 0.00848072
internal_weight=4352.59 2967.82 2234.55 1349.57 1384.78 884.976 646.236 693.51 703.338 586.446 327.237 59.7894 366.439 500.087 466.468 86.3596 327.071 285.786 128.882 1076.38 376.101 963.29 191.466 309.473 290.256 733.267 31.4223 185.302 115.095 34.7615 15.3751 722.098 7.80469 80.3333 156.904 134.6 352.912 198.087 37.1938 12.1347 160.894 132.583 65.0159 28.3109 67.8407 55.6119 565.795 295.815 259.019 10.6917
internal_count=227207 211479 191210 131281 15728 59929 76153 52014 55128 72318 36045 3835 36105 66532 63912 5786 15909 25167 13345 14575 19083 11484 7915 14167 13808 20269 1335 7197 5813 2137 449 9499 171 3676 11822 9677 18596 8131 935 645 7196 6542 2460 654 3658 3390 16790 34710 29328 494
is_linear=0
shrinkage=0.0118628


Tree=39
num_leaves=51
num_cat=0
split_feature=21 22 16 9 21 17 0 25 0 20 24 0 7 13 7 5 8 7 24 9 4 19 22 19 6 24 5 16 20 0 5 9 19 6 9 24 17 22 7 9 14 10 1 4 11 25 5 9 15 18
split_gain=451.409 105.41 57.5588 63.9264 49.8954 43.9343 32.1466 31.4997 28.2681 24.3663 23.6694 22.0368 21.5936 19.5003 18.8921 17.4382 17.3903 16.7773 16.2275 15.8741 15.7685 14.9399 14.8681 14.4934 14.1207 13.9535 13.4899 13.4142 13.3907 14.1698 13.3205 14.5464 14.4544 13.2517 16.8127 13.1563 13.078 17.2821 15.364 21.5285 13.8323 14.1049 19.7806 13.0249 12.9676 13.5216 12.8202 12.8077 12.7135 20.8391
threshold=3.5000000000000004 46.757352941176478 0.021009081621710054 0.95833086253374067 14.500000000000002 70.407586104768711 36.500000000000007 0.65108695652173931 34.500000000000007 591.00000000000011 145.1215277777778 9.5000000000000018 0.80428240191041789 3976.5000000000005 0.73126452494873562 0.013847002977437703 6.0853426940597828 0.96936765537118874 1.6131365740740742 0.97504916481316883 862.50000000000011 0.78112234355379662 17.958333333333339 0.64914199557900931 63.949607440031699 59.932436342592602 0.023092929680015254 0.02425775392264615 230.50000000000003 80.500000000000014 0.026895073549901855 0.97743375413804334 0.49453956895817369 88.74582854129919 0.90583528748424547 120.78428819444444 69.317622293504428 34.708333333333336 0.047858436853002055 0.97420587191798969 607.50000000000011 1141.5000000000002 1955.5000000000002 2454.0000000000005 183.50000000000003 0.18614718614718614 0.0053230843822608511 0.98628316898922275 47.500000000000007 197.50000000000003
decision_type=2 10 2 8 2 2 2 10 2 2 2 2 2 2 2 2 10 2 2 10 2 2 10 2 10 2 2 2 2 2 2 8 2 10 10 2 2 8 2 8 2 8 2 2 2 10 2 10 2 2
left_child=1 2 3 7 18 8 20 11 17 26 43 16 15 14 -13 19 33 21 -2 -10 22 23 -5 -4 -11 28 -8 47 29 -7 32 -32 -28 34 -1 -20 38 -38 39 -22 41 -39 -43 -9 45 -37 -44 -3 49 -17
right_child=4 27 5 6 -6 25 9 10 12 24 -12 13 -14 -15 -16 48 -18 -19 35 -21 36 -23 -24 -25 -26 -27 30 -29 -30 -31 31 -33 -34 -35 -36 44 37 40 -40 -41 -42 42 46 -45 -46 -47 -48 -49 -50 -51
leaf_value=-0.01135352068122646 0.010273758368067855 0.00058189834305521961 0.00094815971229539678 0.0032094807937434596 0.010397261517751151 0.0035716640659667676 -0.007705506019023976 0.0087759293584285143 -0.0090381501652329246 -0.016435587112949589 -0.010474293701366958 -0.0080596284435455016 -0.010096925428468278 -0.00066547427506133579 -0.012944915941586446 -0.01060415151150298 -0.012842520306229038 -0.011128639501043111 0.0050659900882946956 0.00020917702495705685 0.011908893831213851 0.010863461209226332 -0.015139552248426237 -0.0085690593854862353 0.0078218470017677819 -0.014024602318547788 0.012762279655675245 0.0048009532475519973 0.0086254148608670561 -0.0096631855306715878 0.00024109936245020311 -0.012270358563954717 -0.0179377408002383 0.011133313435421116 0.0023661160473354894 -0.014131510347534277 -0.017454386071795117 -0.0061489166882218249 -0.010513626063949448 -0.02117234343989562 0.0094222930167317601 0.011717281835652446 0.0018947445555571633 -0.008385557028700117 -0.0022375026035956077 0.0085027128153911686 -0.014158600553720714 0.0087217479114665049 0.0047687833721644221 0.00065920966212719575
leaf_weight=19.413815564708784 75.808483090251684 534.65652814379428 264.72864841960836 174.34923754073679 308.13821477163583 102.33678862592205 212.02888234693091 33.986578839831054 90.609259942662902 3.8513041734695461 18.566537723760121 293.40391983493464 79.505055959220044 34.413520766887814 179.57944619422778 32.66814012103714 18.956185392220505 17.48414695286192 886.28166088403668 36.705852736486122 10.920896372757849 19.510694459313527 6.4438065108843139 24.610752173699439 27.40839996188879 5.8325845485087475 13.374609984923152 169.66350455686916 71.860775825800374 12.808627847814931 34.585209099110216 21.027709851274267 2.5731706637889138 12.33286680979654 35.653342187404633 4.1411268799565724 7.7109056820627302 42.795208422932774 43.906478515127674 3.7080475683324048 21.773630317067727 21.824842649046332 24.19556626630947 7.6183522113133213 72.41482690256089 36.007477818522602 9.8504463699646276 28.660597072914243 46.121686479076743 79.056107780197635
leaf_count=1792 452 16406 11768 6092 1153 4545 26672 1210 10685 451 2080 37369 10938 2656 27773 3799 2210 1742 11032 2660 273 359 305 2040 850 718 587 3479 1384 1268 3505 2696 339 268 1614 160 867 3260 4093 315 583 628 1277 596 2309 622 920 384 1853 6170
internal_value=0.000595424 -0.00202381 -0.00331162 -0.00486507 0.00618903 -0.000962991 -0.00232498 -0.0075155 -0.00236019 -0.00510676 0.000663182 -0.00834433 -0.00462995 -0.00928715 -0.00991445 -0.0031057 -0.00280463 0.00017617 0.00498239 -0.00637209 5.83921e-05 0.000816152 0.00255546 0.000138631 0.0048331 0.00404361 -0.00620242 0.00187677 0.00460717 0.00209941 -0.00174887 -0.00448963 0.00780856 1.85634e-05 -0.00247075 0.00458079 -0.00235985 -0.000237821 -0.00700555 0.00352339 0.00086448 -0.00102408 0.00290138 0.00563342 0.000760545 0.00616801 -0.00275002 0.000996045 -0.000471096 -0.00263422
internal_weight=4335.86 2953.07 2220.09 1336.25 1382.79 883.839 682.328 653.925 691 314.849 60.1715 593.753 364.666 507.397 472.983 285.161 86.3562 326.334 1074.65 127.315 367.479 308.85 180.793 289.339 31.2597 192.839 283.59 732.981 187.006 115.145 71.5607 55.6129 15.9478 67.4 55.0672 998.845 186.686 128.151 58.5354 14.6289 120.44 98.6661 55.8709 41.6049 112.563 40.1486 34.046 563.317 157.846 111.724
internal_count=227207 211479 191210 131281 15728 59929 53713 77568 52014 35100 3886 73682 36105 67798 65142 25167 5884 15909 14575 13345 18613 14167 6397 13808 1301 7915 33799 20269 7197 5813 7127 6201 926 3674 3406 14123 12216 7535 4681 588 6668 6085 2825 1806 3091 782 2197 16790 11822 9969
is_linear=0
shrinkage=0.0118628


Tree=40
num_leaves=51
num_cat=0
split_feature=21 22 9 21 5 20 16 6 0 22 0 7 24 19 16 25 24 24 9 20 6 19 24 15 25 13 7 7 3 20 9 11 15 24 17 6 24 0 20 22 8 7 19 6 15 10 19 0 5 8
split_gain=454.676 89.5926 76.502 65.3079 44.3065 32.8438 31.7149 30.545 27.0356 23.1492 23.1133 22.0646 21.5029 20.7571 22.1102 19.3949 39.2694 19.0947 19.0845 19.9117 19.0404 28.8417 22.1748 20.5733 17.758 17.5351 17.2399 16.8873 22.1547 16.8177 16.7015 16.9085 16.227 15.3035 15.2549 17.031 15.1575 15.0664 14.4819 16.7078 14.4209 14.3836 14.3281 14.0533 13.9269 13.9029 13.5854 13.3502 13.0448 12.6765
threshold=3.5000000000000004 24.900000000000002 0.95952657279286113 14.500000000000002 0.011980034604559152 314.50000000000006 0.028551300759824854 86.105942136674855 49.500000000000007 18.928571428571434 1.0000000180025095e-35 0.78658836662657339 169.09707754629633 0.4277319321216298 0.037308610061642405 0.86811594202898557 31.32581018518519 0.39076967592592599 0.96468622107369739 465.50000000000006 64.714996780477051 0.4277319321216298 275.08159722222229 13.500000000000002 0.51315789473684215 274.50000000000006 1.0000000180025095e-35 0.76577790967997239 44.500000000000007 579.00000000000011 0.968889878436482 417.50000000000006 33.500000000000007 66.504050925925938 60.808047249907723 42.363811129848237 58.830005787037045 47.500000000000007 148.50000000000003 54.989583333333336 5.8074359157621407 0.75239444485971829 0.79699176392024684 57.251718910749574 1.0000000180025095e-35 640.50000000000011 0.090806019377447908 1.5000000000000002 0.036301549259116009 5.701824215795301
decision_type=2 10 8 2 2 2 2 10 2 8 2 2 2 2 2 10 2 2 10 2 10 2 2 2 8 2 2 2 2 2 8 2 2 2 2 10 2 2 2 10 10 2 2 8 2 8 2 2 2 8
left_child=1 2 4 12 7 8 27 9 13 -1 -11 20 15 30 43 16 17 -2 19 -19 22 23 37 26 -10 -9 -22 28 34 -25 31 -4 -8 -5 -6 -36 -17 -3 39 -28 -20 46 44 -15 -18 -14 -32 -33 -30 -48
right_child=3 11 5 33 6 -7 32 25 24 10 -12 -13 45 14 -16 36 42 18 40 -21 21 -23 -24 29 -26 -27 38 -29 48 -31 41 47 -34 -35 35 -37 -38 -39 -40 -41 -42 -43 -44 -45 -46 -47 49 -49 -50 -51
leaf_value=-0.0035782075476043281 0.011643797212379252 0.0048502447244122325 -0.013649782306674497 0.011367821691936468 -0.01008215115124881 0.0022825216363288577 -0.0032552467552199892 0.0093185814286005988 -0.019263478094605883 0.0082518038702898474 -0.011440251969125346 0.0052902044357972184 0.0035173414892658073 -0.00054725141640666339 0.011103418016838304 0.0083091968424904728 -0.0093528791623323591 0.0012504982318288231 0.0092117785215794345 -0.01208288330760963 0.011732560537546531 -0.0051772734371150512 -0.01948865645182157 0.0058608177298874664 -0.0049446489608568969 -0.0045601356935631079 -0.012737718012380942 -0.0081965457216810773 -0.011051135014865819 -0.013688860677283591 -0.0054302447665541273 0.017858242169901041 0.0055531997439567703 0.0021816607433457953 -0.014961696949381183 0.0023487749500566302 0.002578331603606094 -0.0012334838955957302 -0.0074524462871252304 0.0041143090824233815 -0.014734626093341183 -0.014547941915802866 -0.01634563927257714 -0.007561516441007045 0.0059253904563472638 -0.0089759276435157614 0.010822618265543147 -0.0028737253745233652 -0.0030881399491473776 0.0027452188094560723
leaf_weight=71.300457902136259 15.382863691076635 184.09560683346353 19.407385434955359 288.65158927580342 19.376916663954034 252.94611331296619 51.472915969556198 15.253388329874722 12.779023081879131 8.5914498458150756 353.58337132201996 131.93747705046553 23.489771068561822 62.367899970151484 12.763181969756259 279.87309183529578 8.5579698067158443 126.13433099468239 4.1618293579667833 18.012059930479154 11.410088675096629 179.99667713907547 6.3404766155872485 108.0421270634979 263.65560250857379 79.997066834941506 10.201146599836646 157.79239172046073 59.594484800472856 6.5685823417734346 23.533799963770434 5.1165895271114996 68.730219944380224 27.996203359216452 8.5644940389320237 120.90320029994473 84.57362420251593 83.162804282736033 62.192478568293154 43.936183299636468 23.641105961054564 6.71237275796011 4.2115407208912066 113.07020509825088 443.15975007019006 26.877857549581677 32.914464846020564 29.983382040634751 56.301985529717058 161.49045605328865
leaf_count=5674 70 4449 1807 911 2483 12697 4337 725 1932 244 45286 3977 524 3713 384 2156 189 2172 25 507 161 6956 684 2343 29329 8437 797 19571 7229 297 1794 56 2942 239 1025 9435 1536 3004 2799 1131 806 584 92 8986 5431 1162 701 2282 6609 6991
internal_value=0.000211252 -0.00245551 -0.0037756 0.00582923 -0.00597614 -0.0014101 -0.00359517 -0.00842019 -0.00266586 -0.00975676 -0.0109731 0.000842323 0.00441476 -0.000926469 -0.00397126 0.00479284 0.00355409 -0.0010185 -0.00215131 -0.000415622 -9.07919e-07 -0.00158019 0.00243698 0.00109142 -0.0056066 -0.00233758 -0.00218248 -0.00512468 -0.00329376 0.00474035 0.00112625 -0.00476441 0.00178128 0.0105556 -0.000265603 0.00120362 0.00697929 0.00295717 -0.00354735 0.000938806 -0.01115 0.00255551 0.00543287 -0.00506797 0.00563593 -0.0031495 0.00308231 0.000148554 -0.00718277 0.00411281
internal_weight=4270.81 2896.09 2068.2 1374.72 1071.46 996.74 542.737 528.726 743.794 433.475 362.175 827.884 1058.08 467.36 188.201 1007.71 643.261 187.332 171.949 144.146 695.946 422.347 273.599 242.351 276.435 95.2505 127.74 422.533 264.741 114.611 279.158 54.5074 120.203 316.648 148.845 129.468 364.447 267.258 116.33 54.1373 27.8029 224.651 455.929 175.438 451.718 50.3676 217.939 35.1 115.896 194.405
internal_count=227671 211851 185253 15820 113997 71256 53631 60366 58559 51204 45530 26598 14670 27298 13083 12984 9292 3580 3510 2679 22621 14484 8137 7528 31261 9162 4888 46352 26781 2640 14215 4145 7279 1150 12943 10460 3692 7453 4727 1928 831 10070 5712 12699 5620 1686 9486 2338 13838 7692
is_linear=0
shrinkage=0.0118628


Tree=41
num_leaves=51
num_cat=0
split_feature=21 22 9 21 5 20 16 6 0 0 7 24 11 19 16 13 6 19 24 15 20 25 7 3 14 20 15 9 0 6 0 22 7 17 6 20 1 5 3 21 24 10 0 7 6 9 5 8 7 24
split_gain=444.502 88.6771 75.4267 64.2332 43.6147 30.7638 30.657 30.0284 27.5012 22.847 20.2141 20.1379 17.7986 17.6273 21.4878 17.0584 16.8633 26.89 19.7159 18.7076 19.6385 16.5707 16.4714 21.5121 16.3196 17.3659 15.9876 15.7479 15.7607 19.3234 15.72 20.3345 16.7 15.5563 16.041 14.5426 16.6192 19.385 19.9935 14.4249 14.2111 14.0426 13.9085 13.754 13.5417 13.4469 13.2559 13.2208 13.0829 13.0767
threshold=3.5000000000000004 24.900000000000002 0.95952657279286113 14.500000000000002 0.011980034604559152 314.50000000000006 0.028551300759824854 86.105942136674855 49.500000000000007 17.500000000000004 0.78658836662657339 169.09707754629633 224.50000000000003 0.4277319321216298 0.037308610061642405 274.50000000000006 64.714996780477051 0.4277319321216298 275.08159722222229 9.5000000000000018 88.500000000000014 0.51315789473684215 0.76577790967997239 44.500000000000007 233.50000000000003 232.50000000000003 33.500000000000007 0.968889878436482 1.5000000000000002 71.127939627939639 16.500000000000004 83.514705882352956 0.024356258532222352 60.808047249907723 42.363811129848237 574.00000000000011 2053.0000000000005 0.014080001441792103 5.5000000000000009 1.5000000000000002 66.504050925925938 640.50000000000011 47.500000000000007 1.0000000180025095e-35 57.251718910749574 0.9532912188176339 0.036301549259116009 6.4137443037307573 0.75239444485971829 74.556423611111128
decision_type=2 10 8 2 2 2 2 10 2 2 2 2 2 2 2 2 10 2 2 2 2 8 2 2 2 2 2 8 2 10 2 10 2 2 10 2 2 2 2 2 2 8 2 2 8 10 2 8 2 2
left_child=1 2 4 11 7 8 22 9 13 24 16 12 -2 27 44 -9 18 19 42 20 -18 -10 23 33 -1 -26 -8 28 -4 -30 35 32 -32 -6 -35 36 37 38 -14 -11 -5 -13 -3 -22 -15 -27 -25 -38 -29 -12
right_child=3 10 5 40 6 -7 26 15 21 39 49 41 30 14 -16 -17 17 -19 -20 -21 43 -23 -24 46 25 45 -28 48 29 -31 31 -33 -34 34 -36 -37 47 -39 -40 -41 -42 -43 -44 -45 -46 -47 -48 -49 -50 -51
leaf_value=-0.015894472033959477 0.0067379457488817183 0.0046362746053891062 0.01352504267813665 0.011269160573861944 -0.010387710405177743 0.0021485239013692139 -0.003351264177526239 0.0090312295155391027 -0.019050702454059282 -0.011861921751743979 0.0084826250032665473 0.003566677354040594 -0.010244070658533609 -0.00039725630027193684 0.010633567463455458 -0.0045437924883272186 0.011939906075733645 -0.0049792510383243139 -0.019106991588121076 0.0038222703649892558 0.010589853211623673 -0.0049570106455377409 -0.0081392680758066299 -0.011084086667742511 0.0011443301875125641 -0.013836469394785757 0.0053509504225623108 0.0028401507847459254 -0.019803403561409836 -0.0025663174712996341 -0.019845174858457416 0.0097942951974716516 0.0014116388559830835 -0.014672935836441369 0.0022589267921473131 0.013362366739380013 -0.0021818163407445468 -0.022143470518951779 0.0078604034938114173 -0.0011939272481784997 0.0023876507621389824 -0.0090983281828783541 -0.001243888119515544 -0.006216528338671529 -0.0073380770701108678 0.0038995641839951237 -0.0030030962338762194 0.0078868760550377063 -0.014511563620207755 0.0009896951199273652
leaf_weight=16.055460845935158 388.61700960062444 185.0277981243562 5.8790098754689089 287.41488142358139 18.778503714129329 257.70102343661711 51.335541266249493 15.566358341835437 12.28936952596996 306.18979298043996 73.124477380421013 23.712226087227464 13.42537503223866 61.817050130688585 13.634404401527716 79.831688326550648 11.160789200104771 174.8186226550024 5.8885762023273847 145.3119648208376 7.4965302338823667 262.44018270459492 155.34099707077257 58.492924647172913 55.851002183509991 25.574761405820027 70.523103170096874 222.41609486436937 12.38509068940766 35.060520334867761 5.281480503268539 42.368433373980224 340.19571489584632 8.4187658838927728 121.61443552211858 32.017417329363525 21.200362978503108 5.7091585872694841 23.802535956725478 18.940301247755997 27.805786046199501 25.642356020864099 81.559830883750692 79.735397404059768 109.85156661481597 7.8656339743174604 55.834207457257435 136.5866030564066 6.2874647788703433 59.403120225179009
leaf_count=1712 4155 4449 100 911 2483 12697 4337 725 1932 42587 1308 524 297 3713 384 8437 219 6956 684 3638 120 29329 19571 7229 3136 2409 2942 9486 1659 2386 141 337 5401 1025 9435 206 430 200 257 995 239 1162 3004 3551 8986 365 6609 1560 584 2669
internal_value=0.000229818 -0.00241136 -0.00372343 0.00578508 -0.00591832 -0.00138265 -0.00355137 -0.00835037 -0.00260895 -0.00968483 0.000880215 0.0043853 0.00474713 -0.000857968 -0.00370027 -0.00232869 6.62801e-05 -0.001429 0.00236303 0.00111773 -0.00287648 -0.00558748 -0.00507615 -0.00326787 -0.00488367 -0.00290377 0.00168496 0.00100954 -0.00479574 -0.00706596 0.00350047 0.00203789 0.00108666 -0.00029489 0.00116267 0.00593774 0.00475342 -0.00179009 0.00133141 -0.0112405 0.0104857 -0.00301349 0.0028373 -0.00477219 -0.00483873 -0.00966472 -0.00713758 0.00653404 0.0023631 0.00512406
internal_weight=4263.28 2889.5 2065.98 1373.78 1066.21 999.762 540.338 525.875 742.061 430.477 823.527 1058.56 1009.2 467.331 185.303 95.398 691 418.523 272.476 243.705 98.3927 274.73 418.48 263.139 105.347 89.2914 121.859 282.028 53.3246 47.4456 620.587 387.846 345.477 148.812 130.033 232.741 200.724 42.9371 37.2279 325.13 315.221 49.3546 266.588 87.2319 171.669 33.4404 114.327 157.787 228.704 132.528
internal_count=227671 211851 185253 15820 113997 71256 53631 60366 58559 51204 26598 14670 12984 27298 13083 9162 22621 14484 8137 7528 3890 31261 46352 26781 7622 5910 7279 14215 4145 4045 8829 5879 5542 12943 10460 2950 2744 754 554 43582 1150 1686 7453 3671 12699 2774 13838 1990 10070 3977
is_linear=0
shrinkage=0.0118628


Tree=42
num_leaves=51
num_cat=0
split_feature=21 22 9 21 5 16 6 20 0 3 24 7 24 24 13 13 24 24 13 13 0 8 25 24 25 11 4 17 6 18 16 13 9 21 22 6 20 4 15 11 13 0 17 18 15 7 11 14 20 15
split_gain=438.949 84.8907 73.2533 63.9274 40.9989 32.9073 30.3992 29.0903 22.2045 21.2808 19.192 19.3457 22.2103 19.2968 19.0696 20.4175 18.5834 18.5339 18.365 17.7396 17.5237 18.7233 16.9658 33.6272 16.876 17.1486 19.2157 16.8737 16.5669 16.3226 18.1698 16.0545 16.543 15.8017 15.3882 15.3266 15.0615 14.9693 14.8094 14.4059 18.8859 15.1933 14.1086 22.7953 17.3634 15.3616 14.0931 13.9815 17.233 13.9216
threshold=3.5000000000000004 24.900000000000002 0.9574084290582684 14.500000000000002 0.011980034604559152 0.028551300759824854 86.105942136674855 238.50000000000003 17.500000000000004 20.500000000000004 108.05005787037037 0.76577790967997239 46.545283564814824 53.939380787037045 842.50000000000011 1079.5000000000002 1.2826967592592595 169.09707754629633 5039.0000000000009 274.50000000000006 27.500000000000004 5.2586080075072568 0.88562091503267981 31.32581018518519 0.25833333333333336 245.50000000000003 2917.0000000000005 59.342597597184216 46.058795230933704 132.50000000000003 0.025655985399275903 1019.0000000000001 0.97859014826188995 1.5000000000000002 18.928571428571434 89.184461553464288 95.500000000000014 1151.5000000000002 33.500000000000007 934.50000000000011 695.50000000000011 53.500000000000007 69.392764310335096 182.50000000000003 68.500000000000014 0.70807212347868564 78.500000000000014 787.50000000000011 334.50000000000006 29.500000000000004
decision_type=2 10 8 2 2 2 10 2 2 2 2 2 2 2 2 2 2 2 2 2 2 8 10 2 10 2 2 2 10 2 2 2 10 2 8 10 2 2 2 2 2 2 2 2 2 2 2 2 2 2
left_child=1 2 4 17 6 9 8 20 -1 27 11 12 16 -14 -9 46 -3 22 -11 -8 21 -4 23 24 39 -26 -27 -6 -22 -15 35 36 -33 -10 -30 -31 -12 -38 -7 40 41 -2 44 45 47 -44 -16 48 -17 -41
right_child=3 10 7 -5 5 38 19 14 33 18 31 -13 13 29 15 42 -18 -19 -20 -21 28 -23 -24 -25 25 26 -28 -29 34 30 -32 32 -34 -35 -36 -37 37 -39 -40 49 -42 -43 43 -45 -46 -47 -48 -49 -50 -51
leaf_value=-0.0048742513933999606 0.0050980223330992103 0.0095481935968191947 -0.022064184693175865 0.010475990444274453 -0.015849628268096654 -0.0031625217639405147 0.009469077521405694 0.0068644221584512931 -0.012018685258807874 -0.0075364570448522 0.0035716152258420284 0.0071835998690008207 0.0093574284449551345 0.0072349973518567798 0.014137722913000568 -0.0036665779713762931 -0.0037121335422858129 -0.0027778298473017629 0.004278427773572375 -0.0045306284640351706 -0.011467698844306909 -0.00025817769358840986 0.0067970313767093671 0.0053143050260345054 0.0086967195436258027 -0.0095052697991007944 0.0046113704647188494 0.0012773804788272164 -0.016457243399032557 -0.0013980334328308882 0.0064864677936540827 -0.00090867438569686284 0.0091031647352817196 -0.0005214001772953378 -0.0032883840789518456 -0.017871064050166922 -0.017922864636014661 -0.0050548070688171036 0.0052960375311090465 -0.0048524259088813197 -0.01140545240312929 -0.019934404751390512 0.0062153334617061776 -0.008936571847815147 0.0053907707802328389 -0.015039248136410246 -0.012540386289956393 -0.0082417437980918853 0.0070892653236407687 0.013839191324592029
leaf_weight=98.689137399895117 22.152910570381213 16.584012660430744 5.6666465853340915 313.73668841645122 8.9375967392697913 49.405432642670348 15.424925425322725 64.102216846542433 287.69661621900741 285.93276514415629 22.848890517139807 90.752713094698265 56.911155533976853 54.594218900892884 3.1209330884739783 76.013655467075296 144.0994532488985 48.578310376498848 19.795723205897957 73.094667644239962 45.831889167660847 249.63053518766537 358.4125201376155 461.84362115571275 40.990371122956276 23.698743646964431 31.7469850811176 85.84132113866508 13.026251884410156 115.13926998642273 42.112863612361252 148.952670522267 27.515134002547711 17.86711597989779 301.57740902458318 8.5373039632104319 15.253206702182068 76.651581522659399 70.971018217038363 11.701023273169996 45.449050776776858 4.0329394941218188 118.3557247373974 17.994236856233329 42.159483926137909 4.9865604795049867 25.989722962025553 51.606603269116022 28.944466756423935 10.76710659638047
leaf_count=7238 358 192 442 1150 1518 4200 657 2269 40335 35750 882 1920 595 939 86 5729 5325 1686 1106 7796 5283 12347 3622 5749 385 485 362 6777 2129 3254 755 6428 543 919 32841 289 1079 4397 2895 291 1497 147 3972 1197 1684 451 2139 4308 1185 88
internal_value=0.000252415 -0.00237704 -0.00366056 0.00577252 -0.00593476 -0.00361427 -0.00838763 -0.00146299 -0.00976639 -0.00524893 0.000851771 0.0021987 0.00116579 0.00319932 0.00089198 -0.000145069 -0.00234353 0.00437956 -0.00677145 -0.00209109 -0.00312012 -0.000742218 0.00472355 0.00358439 -0.000608714 0.00287876 -0.00142242 -0.000337737 -0.00480439 0.00160906 -0.00024356 -0.00159367 0.000652401 -0.0113464 -0.00383366 -0.0025352 -0.00504766 -0.00719054 0.00182444 -0.00418265 -0.00678205 0.00124252 0.00067118 0.00353633 -0.00136657 0.005356 -0.00968011 -0.00318618 -0.000700409 0.00410498
internal_weight=4255.73 2882.62 2062.66 1373.11 1013.66 520.884 492.772 1049.01 404.253 400.507 819.952 528.731 437.978 277.295 433.274 369.171 160.683 1059.37 305.728 88.5196 615.733 255.297 1010.8 652.383 190.539 96.4361 55.4457 94.7789 360.436 220.384 165.789 291.221 176.468 305.564 314.604 123.677 114.754 91.9048 120.376 94.103 71.6349 26.1859 340.061 141.337 198.724 123.342 29.1107 156.565 104.958 22.4681
internal_count=227671 211851 185253 15820 109191 52246 56945 76062 48492 45151 26598 13269 11349 5832 23020 20751 5517 14670 36856 8453 53042 12789 12984 9362 3613 1232 847 8295 40253 5237 4298 13329 6971 41254 34970 3543 6358 5476 7095 2381 2002 505 18526 5620 12906 4423 2225 11222 6914 379
is_linear=0
shrinkage=0.0118628


Tree=43
num_leaves=51
num_cat=0
split_feature=21 21 9 22 5 24 6 0 15 16 19 14 0 25 24 15 24 20 11 1 20 20 9 0 11 7 21 13 24 7 3 16 6 0 13 19 6 19 8 19 16 4 13 17 16 21 14 9 7 17
split_gain=431.337 82.0383 57.1932 56.3316 38.6866 35.0253 33.774 30.607 29.8708 29.5705 22.69 21.6582 20.6446 20.4087 49.2618 26.0781 20.5563 24.382 19.9553 19.4276 18.9274 16.9898 16.9547 17.5629 23.3803 18.1951 16.7475 16.7213 16.3559 16.1409 22.4678 15.9564 15.5957 19.5728 18.458 15.5281 16.5239 17.138 15.1613 15.0505 14.8474 14.5748 14.4606 18.7811 14.7132 14.3056 14.2681 19.8902 16.3916 14.266
threshold=2.5000000000000004 14.500000000000002 0.95952657279286113 25.035714285714288 0.011980034604559152 110.06553819444447 86.105942136674855 80.500000000000014 68.500000000000014 0.028551300759824854 0.4277319321216298 328.50000000000006 1.0000000180025095e-35 0.86811594202898557 31.32581018518519 1.0000000180025095e-35 1.6131365740740742 199.50000000000003 237.50000000000003 1184.5000000000002 95.500000000000014 118.50000000000001 0.98221864282198712 12.500000000000002 32.500000000000007 0.34367375260678878 1.5000000000000002 274.50000000000006 58.830005787037045 0.76577790967997239 44.500000000000007 0.039731202002830257 93.509563287865191 18.500000000000004 768.50000000000011 0.41168710228154587 71.127939627939639 0.3151919042330002 6.848157178232479 0.4521455647653731 0.025655985399275903 1663.0000000000002 888.50000000000011 65.5014821956362 0.043322885201147555 9.5000000000000018 1251.0000000000002 0.98178764654275674 0.74598113118973608 60.808047249907723
decision_type=2 2 10 10 2 2 10 2 2 2 2 2 2 10 2 2 2 2 2 2 2 2 10 2 2 2 2 2 2 2 2 2 8 2 2 2 10 2 8 2 2 2 2 2 2 2 2 10 2 2
left_child=2 5 3 4 6 13 12 8 10 29 11 19 -1 14 16 -16 -2 41 -9 20 -4 -20 23 -7 -25 -26 -14 -8 -15 30 49 -12 34 -34 -13 36 -21 -38 -37 -27 -5 45 43 -11 -45 -18 47 48 -17 -6
right_child=1 -3 7 40 9 22 27 18 -10 42 31 32 26 28 15 46 17 -19 21 35 -22 -23 -24 24 25 39 -28 -29 -30 -31 -32 -33 33 -35 -36 38 37 -39 -40 -41 -42 -43 -44 44 -46 -47 -48 -49 -50 -51
leaf_value=0.0067874356422929424 0.006333045804162921 0.010350193681756152 0.0089790664487809733 -0.0013561155899834763 -0.010102277886497301 0.0037431521240772658 0.0080464039325714391 -0.014243515640258483 0.0077659384944646437 -0.010157988973782846 -0.003388921152492657 0.0099026527784690389 -0.010483492238145426 0.0078381117804305449 -0.014513008860050651 0.0054003272856742888 -0.014814133377547389 -0.0073601302117290504 -0.013172780285135247 -0.014760205766963004 -0.001140213034797012 -0.0015782039839627793 0.013552392784569385 0.013098964473735306 -0.011948328613062003 0.0029947286431769651 0.000779840160999569 -0.0042442959488458668 0.001522550286787504 -0.0081329388152652643 -0.007282702005560554 0.0090676258246609603 0.0035871912318067756 -0.01308551886824209 0.0023002808651881 -0.015733146742279557 -0.0013440030424179798 -0.013162236516913946 0.013971931110099369 -0.0062766501803524413 0.0049887688273621174 0.0033270123418306999 0.0049016606474032243 -0.0022325169881764347 0.018284506246965954 0.016267772485595255 0.01039125413043541 -0.01972880651281143 -0.0092728516493571726 0.001128957791111889
leaf_weight=10.632702490780501 40.311867870623246 313.00782960886136 35.203763267956674 203.55107263638638 18.124361989321187 65.320348087698221 19.146588056348264 32.274181776680052 61.508928805124015 26.528781722532585 387.24486285273451 56.786339521408081 394.51250365481246 316.20100287138484 9.2458146270364505 457.67429541563615 12.255088746082036 91.547306618420407 21.810673785861582 25.022567181149498 99.612087056157179 96.348596210940741 11.248249985277651 10.898281497647984 37.930476224981248 43.08531122840941 19.495568716200069 83.550649786600843 70.589003003202379 151.17354911006987 111.58398119313642 15.032937392592428 21.618448605760932 18.29260146454908 215.47922385227866 3.1361203428823474 77.472804008750245 22.219533670693636 10.555023661348969 57.552812977693975 69.663189024664462 77.749322627671063 73.78038458712399 14.649113268824296 7.4047247990965834 2.5104509033262721 74.803356232121587 4.6007030066102734 10.970357183832673 130.57016122341156
leaf_count=321 428 1150 1404 9282 2491 1577 809 4322 1619 3014 28369 1441 50519 2708 266 5924 415 2911 3036 3051 6274 7931 89 106 1689 1184 978 8685 1295 19691 13979 538 369 1197 8661 320 5686 2060 285 2325 1844 1472 3145 1086 88 8 681 115 354 10479
internal_value=0.000253336 0.00486181 -0.00285204 -0.00454186 -0.00577862 0.00362989 -0.00805754 -0.000972409 -0.000254909 -0.00352736 -0.000754422 0.000736084 -0.00953393 0.00445678 0.00335394 0.00524355 -0.00133945 -0.00301983 -0.00597653 -0.00170293 0.0015022 -0.00371844 -0.000644631 -0.00138814 -0.00363063 -0.00494643 -0.0099531 -0.00195283 0.00668553 -0.00504995 -0.0032593 -0.00292342 0.00287074 -0.00405453 0.00388592 -0.00482491 -0.00614144 -0.0039781 0.00716741 -0.00230738 0.000261684 0.00127509 0.00159246 -0.00343309 0.00465638 -0.00952931 0.00557686 0.00481587 0.00505684 -0.000240036
internal_weight=4241.49 1707.5 2533.99 1334.37 1061.15 1394.49 527.338 1199.62 1049.19 533.815 987.676 585.399 424.641 1168.46 781.669 557.295 224.374 184.062 150.433 273.222 134.816 118.159 226.035 214.787 149.467 138.569 414.008 102.697 386.79 411.452 260.279 402.278 312.177 39.9111 272.266 138.406 124.715 99.6923 13.6911 100.638 273.214 92.5149 122.363 48.5826 22.0538 14.7655 548.049 473.245 468.645 148.695
internal_count=227671 24697 202974 126411 115285 23547 61312 76563 61274 53973 59655 30748 51818 16577 12574 7340 5234 4806 15289 19080 7678 10967 6970 6881 5304 5198 51497 9494 4003 46640 26949 28907 11668 1566 10102 11402 10797 7746 605 3509 11126 1895 7333 4188 1174 423 7074 6393 6278 12970
is_linear=0
shrinkage=0.0118628


Tree=44
num_leaves=51
num_cat=0
split_feature=21 21 9 22 5 6 24 16 0 15 19 14 25 24 15 0 1 11 20 24 20 7 3 24 21 20 9 18 7 7 13 24 11 11 0 7 6 19 7 3 24 14 17 13 7 19 24 14 9 7
split_gain=421.084 78.8535 55.9081 54.2215 38.0044 34.9426 32.3984 29.2728 29.1164 26.0543 21.4987 20.344 20.2758 44.7154 22.4728 19.5406 18.4474 17.9269 17.7837 17.5879 22.9359 16.0078 21.401 16.0016 15.8933 15.8931 15.8513 15.7707 16.9122 18.4123 15.7026 15.0411 14.8155 14.6329 20.2267 16.3607 14.515 14.4648 14.3817 14.2663 14.149 15.3347 15.2034 14.0935 19.05 13.9595 13.9555 13.8173 17.2757 17.0265
threshold=2.5000000000000004 14.500000000000002 0.95952657279286113 25.035714285714288 0.011980034604559152 86.105942136674855 110.06553819444447 0.028551300759824854 80.500000000000014 68.500000000000014 0.4277319321216298 328.50000000000006 0.86811594202898557 31.32581018518519 1.0000000180025095e-35 1.0000000180025095e-35 1184.5000000000002 237.50000000000003 95.500000000000014 1.6131365740740742 199.50000000000003 0.76577790967997239 44.500000000000007 66.504050925925938 1.5000000000000002 118.50000000000001 0.98221864282198712 282.50000000000006 0.26574200940682519 0.29341580954537616 274.50000000000006 28.180266203703706 681.50000000000011 29.500000000000004 12.500000000000002 0.25141556909115031 22.225744922156927 0.4521455647653731 0.3743878339033293 183.00000000000003 184.8480902777778 989.50000000000011 85.516432254491292 786.50000000000011 0.094101565739170015 0.60114765049224139 320.52936921296299 1251.0000000000002 0.98178764654275674 0.74598113118973608
decision_type=2 2 10 10 2 10 2 2 2 2 2 2 10 2 2 2 2 2 2 2 2 2 2 2 2 2 10 2 2 2 2 2 2 2 2 2 10 2 2 2 2 2 2 2 2 2 2 2 10 2
left_child=2 6 3 4 5 15 12 21 9 10 11 16 13 19 -15 -1 18 -10 -4 -2 -21 22 -6 -3 -17 -19 33 28 -12 -30 -7 -14 36 -8 -35 -36 -18 -37 -31 -29 42 -42 -5 44 -13 -23 -20 48 49 -16
right_child=1 23 8 40 7 30 26 -9 17 -11 27 43 31 14 47 24 32 25 46 20 -22 45 -24 -25 -26 -27 -28 39 29 38 -32 -33 -34 34 35 37 -38 -39 -40 -41 41 -43 -44 -45 -46 -47 -48 -49 -50 -51
leaf_value=0.0064158886571735237 0.005835886712760043 0.011067594371981564 0.0085364409426828599 0.0020592073324512054 -0.00025958342228341974 0.0077517580545925719 0.012761469419107883 0.0016274657168199097 -0.013851650571816192 0.0071494932213919653 -0.007246553113515063 -0.011012601641582536 0.0087230348221772978 -0.014191988983667097 0.0051930164627864662 -0.010394873440569724 0.0099396678507792519 -0.013004649737524031 -0.0020102710893600633 0.0013318548205491665 -0.0071487380762398434 -0.01119745056104263 -0.0071538422881719929 0.001717373769706039 0.00057777888035956881 -0.001684428612859275 0.012595094118863281 0.00056892602318658078 0.0082536666630305781 -0.0095248921171795908 -0.0040122307759203448 0.004007528047209631 -0.00196875962716266 0.0034610949399081774 -0.013830130545063537 0.0019686767639473753 -0.012484022639445478 -0.0065261413692005331 -0.0014401856041258672 0.017619770523450849 -0.0090027962760359306 0.0053927873002786375 -0.018869578093819658 0.001389711556494829 0.0092705101844540467 -0.0038755546466229841 0.022116651756514286 0.010078242097667917 -0.01957767831908272 -0.010248944682180362
leaf_weight=10.63009237218648 40.703515088185668 284.40194459492341 36.523953521624207 214.18073319050018 148.87335634208284 19.789687195327133 9.9826889778487367 122.7690748590976 31.126334618660621 63.096115031279624 122.77311616984662 7.2174704354256383 216.02067646710202 8.3651098078116757 459.67770419758745 391.56360696558841 4.5104496949352315 21.30195358581841 95.076639867504127 92.103180979378521 87.525744737125933 85.682160020573065 110.31229881662875 28.321982251480222 19.501573445508257 96.58725231688004 12.29593930672854 38.25312143296469 23.08410119311884 37.866837719921023 82.663875553524122 170.1841957422439 91.777509551262483 65.62644304218702 22.3671763043385 50.944518968113698 40.867034251336008 63.20473792986013 169.84969914378598 8.4263081913813931 39.55452527734451 14.134114368353037 4.9982067154487586 241.44013656000607 67.044047748669982 64.025169601896778 3.4975349747110149 76.456265576416627 4.1076572556048623 10.272572834044693
leaf_count=321 428 911 1404 7019 12970 809 110 7333 4322 1619 9863 411 1609 266 5924 50519 157 3036 6231 1895 2911 12992 13979 239 978 7931 89 2409 947 2893 8685 2394 6776 1555 1120 1460 4469 2636 12617 178 3292 476 339 9635 1622 6699 43 681 115 354
internal_value=0.000277933 0.00483876 -0.00279248 -0.00446892 -0.0056872 -0.00795393 0.00362775 -0.00345249 -0.000936771 -0.000241172 -0.000713061 0.000730596 0.00442255 0.00332097 0.00510527 -0.00946367 -0.00164561 -0.00584421 0.00146573 -0.00120495 -0.00280039 -0.00497774 -0.00319386 0.0102208 -0.00987431 -0.00372996 -0.000499619 -0.00283373 -0.00368932 -0.00179707 -0.00173991 0.00664512 -0.00471029 -0.00125868 -0.00195107 -0.00455282 -0.0102551 -0.00273493 -0.00291405 0.00364695 0.000244963 -0.00521299 0.00158191 0.00277978 0.00729915 -0.00806612 -0.00115414 0.0053985 0.00464374 0.00485547
internal_weight=4231.56 1702.56 2529 1328.68 1055.81 524.149 1389.84 531.662 1200.32 1051.3 988.208 587.955 1165.42 779.212 558.879 421.695 272.253 149.016 135.098 220.332 179.629 408.893 259.186 312.724 411.065 117.889 224.422 400.253 353.574 230.801 102.454 386.205 137.155 212.126 202.143 136.516 45.3775 114.149 207.717 46.6794 272.868 53.6886 219.179 315.702 74.2615 149.707 98.5742 550.514 474.058 469.95
internal_count=227671 24697 202974 126411 115285 61312 23547 53973 76563 61274 59655 30748 16577 12574 7340 51818 19080 15289 7678 5234 4806 46640 26949 1150 51497 10967 6970 28907 26320 16457 9494 4003 11402 6881 6771 5216 4626 4096 15510 2587 11126 3768 7358 11668 2033 19691 6274 7074 6393 6278
is_linear=0
shrinkage=0.0118628


Tree=45
num_leaves=51
num_cat=0
split_feature=21 21 9 22 5 6 15 0 24 15 24 16 0 19 0 14 14 16 1 20 20 6 17 13 11 8 11 6 22 0 4 13 7 22 9 11 16 16 19 11 0 11 9 16 22 20 9 17 13 17
split_gain=410.103 77.8733 55.6321 53.0235 37.7122 34.5511 28.5438 28.216 24.9172 24.4486 21.1311 21.7466 20.6041 19.9137 19.3768 19.2519 18.5741 17.7401 17.5786 17.4298 17.1611 17.0637 16.8676 16.7605 16.2802 19.251 16.0703 15.6975 15.412 15.3428 15.3099 15.1057 15.5942 14.6267 18.4307 18.6951 16.5346 15.7471 14.4793 14.2867 15.0877 17.9442 14.5053 14.2328 15.1518 25.6503 15.4879 14.3031 15.9761 14.7478
threshold=2.5000000000000004 11.500000000000002 0.95952657279286113 25.035714285714288 0.011980034604559152 86.105942136674855 43.500000000000007 80.500000000000014 114.44386574074075 68.500000000000014 93.107494212962976 0.03229658192275011 10.500000000000002 0.4277319321216298 1.0000000180025095e-35 328.50000000000006 529.50000000000011 0.043322885201147555 1184.5000000000002 118.50000000000001 95.500000000000014 41.866453767725311 66.840409042471364 274.50000000000006 282.50000000000006 6.7349692343586547 215.50000000000003 75.888353618506514 11.071428571428573 56.500000000000007 513.50000000000011 763.50000000000011 0.10516462541170087 79.89444444444446 0.97950084252877134 584.50000000000011 0.035007002801120457 0.023988952493450202 0.3672677175824014 29.500000000000004 12.500000000000002 709.50000000000011 0.98178764654275674 0.039731202002830257 22.041666666666668 124.50000000000001 0.97122056222801645 57.506685508579288 1179.5000000000002 64.637989515880378
decision_type=2 2 10 10 2 10 2 2 2 2 2 2 2 2 2 2 2 2 2 2 2 10 2 2 2 8 2 10 8 2 2 2 2 10 8 2 2 2 2 2 2 2 8 2 10 2 10 2 2 2
left_child=2 8 3 4 5 14 12 9 24 13 -3 -12 16 15 -1 18 21 -14 20 -9 -4 -6 -19 -7 -2 33 -21 -8 -16 -29 -10 32 -17 34 35 36 37 -26 -11 -32 -41 42 -42 44 -15 46 -46 -47 -49 -50
right_child=1 10 7 -5 6 23 27 19 30 38 11 -13 17 43 28 31 -18 22 -20 26 -22 -23 -24 -25 25 -27 -28 29 -30 -31 39 -33 -34 -35 -36 -37 -38 -39 -40 40 41 -43 -44 -45 45 47 -48 48 49 -51
leaf_value=0.0064571661187156305 0.0057325342843368952 0.010041885015380473 0.0081985873495178645 0.00025791753177586459 -0.018825592910476568 0.0077889726897405502 -0.00095296772357502291 -0.014299306795554989 -0.022869765479602972 -0.022585206213158522 -0.0116687864868184 0.019124431650839064 -0.0066823470559921475 -0.0044583227587540013 -0.0037765643238232074 -0.0098054798606670122 -0.017425778543465147 -0.011180324333464914 -0.004618477350934215 -0.01352747007523673 -0.0012085430022671815 0.0048278003985571171 0.018289131480060672 -0.0041325951811077167 -9.791439891959908e-05 0.0049620530609966748 -0.0018667498662159508 -0.0026824678451693056 -0.010685476494132953 0.014391041509349724 0.014299623023620789 0.0014156939155504063 0.0099137311937638403 0.0049160812158273648 -0.022714083178931442 -0.0073543438978477026 -0.024512226707322782 0.0083508800804150685 0.0079015200198425794 0.0041793487307918951 -0.002298400534327383 -0.013622920071823792 0.014241869702768544 0.0083366700682354807 0.015470419914193052 0.0074320228890184109 -0.00405961991150977 -0.018516142559575646 -0.012783880541565056 0.0037505642624484966
leaf_weight=10.57751847617328 491.37471921858378 373.30974709568545 37.830294258194044 271.80444593657739 4.6405084379948667 20.771369080524892 94.01780360401608 27.321806564112194 4.1698837438598266 2.27129047573544 12.317913011647763 4.3728541210293761 321.60251539573073 295.28043913561851 52.073485169792548 6.2755685662850729 6.9346049581654361 4.2006523907184583 136.26702904794365 19.941673104418442 97.944076735991985 57.0957431725692 7.8231932539492846 82.545207590330392 130.44161536311731 301.43965533142909 100.20564970036503 11.24543527769856 356.56952337501571 21.697738663060591 9.4930274961516243 256.87434780399781 56.019259734777734 85.500914996024221 5.2991751446388653 42.748870154609904 3.398042074404656 40.740176897495985 62.788579074898735 62.493405147688463 102.71919957897626 18.830184492282569 8.0453579295426589 15.726932795252649 21.359428156400103 13.185026335529981 7.8011056627146891 11.725306312320752 12.049901541788129 20.515691982349381
leaf_count=321 6464 1514 1404 11126 543 809 6183 4128 148 122 223 8 42083 25439 4621 360 920 412 11402 2834 6274 2658 70 8685 2642 4309 8327 619 46876 485 88 10036 1272 1079 149 1127 93 487 1497 1435 3754 1118 59 538 308 347 327 734 595 619
internal_value=0.000295658 0.00480608 -0.00273518 -0.00441276 -0.00561975 -0.00788042 -0.00338779 -0.000886945 0.00341765 -0.000206894 0.00945801 -0.00360097 -0.00493543 -0.000670342 -0.00939475 0.000710272 0.000981999 -0.00615342 -0.00160843 -0.00574704 0.00141254 0.00304976 0.00799365 -0.0017358 0.00412582 0.00283064 -0.00380219 0.00151617 -0.00980508 0.00856288 -0.000371657 0.0026866 0.00792718 0.0007455 -0.000856229 -0.00032323 0.00139847 0.00191286 0.00683709 9.37739e-05 -0.000608305 -0.00291702 -0.00109696 -0.00272302 -0.00317845 0.0011837 0.0102457 -0.00341396 -0.00664275 -0.00236757
internal_weight=4221.68 1696.69 2524.98 1323.6 1051.8 522.537 529.258 1201.38 1306.69 1053.91 390.001 16.6908 402.297 988.854 419.221 591.211 68.6709 333.626 272.041 147.469 135.774 61.7363 12.0238 103.317 1100.94 609.568 120.147 126.961 408.643 32.9432 205.751 319.169 62.2948 308.129 222.628 217.329 174.58 171.182 65.0599 201.581 192.088 129.595 110.765 397.644 381.917 86.6365 29.1605 57.4759 44.2909 32.5656
internal_count=227671 24697 202974 126411 115285 61312 53973 76563 22952 61274 1745 231 46686 59655 51818 30748 4121 42565 19080 15289 7678 3201 482 9494 16350 9886 11161 7287 51497 1104 6602 11668 1632 5577 4498 4349 3222 3129 1619 6454 6366 4931 3813 28907 28369 2930 635 2295 1948 1214
is_linear=0
shrinkage=0.0118628


Tree=46
num_leaves=51
num_cat=0
split_feature=21 21 9 22 5 6 16 0 24 15 0 19 14 25 24 15 24 13 5 17 24 20 20 14 21 1 20 6 11 22 20 9 16 7 16 16 13 19 24 11 24 6 11 6 16 3 3 13 4 8
split_gain=408.368 77.569 53.9664 51.069 36.9752 34.291 28.7535 27.7605 27.7546 23.7053 18.9312 18.6028 18.9847 18.4125 44.3381 17.6104 17.1372 17.0705 16.9451 19.1395 16.4898 23.2309 16.4014 16.3608 16.2733 16.1651 16.6068 15.1333 14.9405 14.4811 23.468 16.5071 15.398 14.3232 17.1622 14.2865 14.275 14.2442 14.1406 13.9862 13.9095 13.7751 13.7074 13.6599 13.5185 15.7322 13.5091 13.4884 13.0461 12.8502
threshold=2.5000000000000004 14.500000000000002 0.95952657279286113 25.035714285714288 0.011980034604559152 86.105942136674855 0.026771745158800604 80.500000000000014 114.44386574074075 68.500000000000014 3.5000000000000004 0.4277319321216298 328.50000000000006 0.86811594202898557 31.32581018518519 1.0000000180025095e-35 58.830005787037045 274.50000000000006 0.012611272741378602 66.0780137286403 1.6131365740740742 199.50000000000003 118.50000000000001 1222.5000000000002 1.5000000000000002 1184.5000000000002 95.500000000000014 45.736522984792025 215.50000000000003 22.041666666666668 124.50000000000001 0.97122056222801645 0.039731202002830257 0.76577790967997239 0.019982590953194403 0.025655985399275903 763.50000000000011 0.37570731329782864 320.52936921296299 681.50000000000011 305.69299768518528 20.475002522875986 342.50000000000006 94.342309658611512 0.024526937469538053 21.500000000000004 26.500000000000004 1009.5000000000001 1132.5000000000002 5.7580551814012475
decision_type=2 2 10 10 2 10 2 2 2 2 2 2 2 10 2 2 2 2 2 2 2 2 2 2 2 2 2 10 2 10 2 10 2 2 2 2 2 2 2 2 2 10 2 8 2 2 2 2 2 8
left_child=2 8 3 4 5 10 18 9 13 11 -1 12 25 14 20 -16 -15 -7 19 -6 49 48 -9 33 -12 26 -4 -8 -24 32 31 -31 -13 34 40 -5 43 -36 44 41 -20 -27 47 -14 45 -28 -47 -32 -22 -2
right_child=1 -3 7 35 6 17 27 22 -10 -11 24 29 36 16 15 -17 -18 -19 23 -21 21 -23 28 -25 -26 39 38 -29 -30 30 42 -33 -34 -35 37 -37 -38 -39 -40 -41 -42 -43 -44 -45 -46 46 -48 -49 -50 -51
leaf_value=0.00010163035677413634 0.017266196036474425 0.010178719906153641 0.0077586266504990845 -0.0013821901547829854 -0.018244874082692163 0.0077615235867500281 -0.0068566906283311036 -0.014176867172946106 -0.00040833824199617869 0.0066223107044623827 -0.01054857765348653 -0.0045066599788571625 0.0090796624061462907 0.0076205844120072024 -0.013044770560310429 0.0052528243092069887 0.0011832346305305388 -0.0041506188741872261 -0.0083679028051180972 0.012243247502086795 -0.015901705853840421 -0.0073333898700835539 -0.0134080336778097 0.0019731894333189772 0.00083712350337583998 0.010606849649505446 -0.0084258942708381433 0.0027401345227222157 -0.0020194479668254437 0.014875062345145794 -0.017958065497607884 -0.0051927014216940964 0.0077911567052091745 -0.0098365431392214483 0.0067191590790015489 0.0048576779111366153 0.0013346549198625388 -0.0038643125035168662 0.021358205502124944 -0.0019392301077891894 0.0099151988804419729 -0.012211023894415399 -0.0093717039219445766 -0.012449329735324293 0.0050239455838014405 0.016664221039860705 -0.004362373967960193 0.00536040054185416 0.0024253431416874143 0.0017518195747297759
leaf_weight=27.961101870518178 9.9170325649902207 310.07519216788933 38.871367242652923 202.26633592590224 3.6283184171188649 21.336892237886786 28.35429114010185 26.59872496756725 205.54949598829262 66.571961632696912 369.8276958692586 291.85071566700935 59.677578523987904 315.94063289882615 7.5001919902861109 564.16608925862238 71.337025206536055 81.949017454404384 116.01228143810295 14.383061221335081 5.8339010486379257 84.645644325762987 19.361017469433136 35.301860130159184 18.551746963290498 4.1063927316572508 50.627815100597218 125.33263967046514 99.612617628299631 23.204522845568139 4.009042298654097 7.6762677738443008 15.067209945525972 117.33425432792865 26.54617373039946 69.335378900868818 260.01811083534267 54.918326620478183 3.69317314447835 91.414657348766923 6.1667819456197313 39.875496461056173 25.700707923155278 4.456823570188134 25.718993264017627 7.4932267775293466 10.089117175899444 26.992561879567802 86.59239558968693 30.98910990008153
leaf_count=1465 28 1150 1404 9282 674 809 2499 4128 6669 1619 49423 25439 1409 2708 270 7289 1377 8685 16508 912 175 2911 2834 2272 930 84 4353 7183 8327 322 263 335 501 16979 1365 1844 10036 5255 43 6776 326 4542 1328 223 924 173 781 719 1720 400
internal_value=0.000308885 0.00481638 -0.00271628 -0.00437321 -0.00556165 -0.00780814 -0.00335069 -0.000898823 0.00361366 -0.000230014 -0.00932598 -0.000690544 0.000632043 0.0043161 0.00327698 0.00501275 0.00643482 -0.00168978 -0.00512462 0.00610131 -0.00127525 -0.00284347 -0.00575556 -0.00569214 -0.0100047 -0.00167963 0.00120125 0.000969568 -0.00387279 -0.00268881 0.00156583 0.00988667 -0.00390293 -0.00653519 -0.00463302 0.000210748 0.00257101 -0.000415549 -0.00140979 -0.00458386 -0.00744507 -0.0100806 -0.00296583 0.00758351 -0.00230507 -0.00506853 0.00459887 0.00234476 0.0012685 0.00551314
internal_weight=4214.44 1692.55 2521.89 1319.21 1047.6 519.626 527.978 1202.69 1382.47 1057.12 416.341 990.544 596.043 1176.92 789.644 571.666 387.278 103.286 374.291 18.0114 217.978 177.072 145.572 356.28 388.379 271.89 136.494 153.687 118.974 394.501 87.5831 30.8808 306.918 320.978 203.644 271.602 324.153 81.4645 97.6223 135.397 122.179 43.9819 56.7023 64.1344 93.9292 68.2102 17.5823 31.0016 92.4263 40.9061
internal_count=227671 24697 202974 126411 115285 61312 53973 76563 23547 61274 51818 59655 30748 16878 12793 7559 4085 9494 44291 1586 5234 4806 15289 42705 50353 19080 7678 9682 11161 28907 2967 657 25940 40433 23454 11126 11668 6620 6274 11402 16834 4626 2310 1632 6231 5307 954 982 1895 428
is_linear=0
shrinkage=0.0118628


Tree=47
num_leaves=51
num_cat=0
split_feature=21 22 21 9 5 21 20 16 6 8 13 0 20 2 24 0 0 9 15 24 7 19 8 22 19 6 15 14 20 14 24 14 7 16 14 13 6 14 6 5 6 22 17 11 13 13 8 11 5 0
split_gain=399.667 81.73 56.2747 51.2831 37.4862 29.3491 28.9296 27.4021 27.3087 19.3164 19.1035 19.0969 18.0099 17.909 25.0559 16.6448 16.2271 15.8225 15.7125 15.4272 15.0184 21.4393 19.7704 16.3062 14.9268 14.8351 14.6465 15.8696 37.1757 21.3581 14.4782 17.1047 14.2339 19.1946 14.1197 15.1015 16.236 13.9634 13.9129 14.529 13.8244 13.3861 13.357 13.3088 13.0797 12.7737 12.8467 17.3627 12.7379 12.7086
threshold=3.5000000000000004 48.045454545454554 14.500000000000002 0.9574084290582684 0.011980034604559152 1.5000000000000002 230.50000000000003 0.012520158369374902 86.105942136674855 5.7966496563214616 842.50000000000011 17.500000000000004 314.50000000000006 569.50000000000011 186.2855902777778 59.500000000000007 34.500000000000007 0.97612979227095931 83.500000000000014 1.6131365740740742 0.81643609745163592 0.7719539232697129 6.6691412247503985 6.9800000000000013 0.70620733679150738 91.765435432985825 17.500000000000004 257.50000000000006 258.50000000000006 251.50000000000003 305.69299768518528 1362.5000000000002 0.0039263066347862514 0.014879370983249752 221.50000000000003 469.50000000000006 73.045507844301014 607.50000000000011 46.058795230933704 0.0023260322641730003 46.058795230933704 50.035714285714292 80.675355806951941 888.50000000000011 274.50000000000006 436.50000000000006 6.393385605062428 308.50000000000006 0.020892542779242552 18.500000000000004
decision_type=2 10 2 8 2 2 2 2 10 10 2 2 2 2 2 2 2 8 2 2 2 2 10 10 2 8 2 2 2 2 2 2 2 2 2 2 10 2 10 2 10 10 2 2 2 2 10 2 2 2
left_child=1 3 13 4 5 8 16 30 11 -7 42 -1 15 19 40 25 17 34 20 -2 22 23 24 -22 45 37 27 29 41 -3 31 -6 -30 -34 35 36 -5 -12 -18 -40 -15 -29 -8 -38 -10 48 47 -47 -9 -19
right_child=2 26 -4 6 7 9 10 18 44 -11 12 -13 -14 14 -16 -17 38 49 -20 -21 21 -23 -24 -25 -26 -27 -28 28 32 -31 -32 -33 33 -35 -36 -37 43 -39 39 -41 -42 -43 -44 -45 -46 46 -48 -49 -50 -51
leaf_value=-0.0050683777184609806 0.015948452266913774 0.00083749925852867428 0.010101532530274931 -0.017374915711215522 -0.010983643991243384 0.0087423297935354024 0.01111092619735627 -0.0053104371041433123 0.0073203234983536293 -0.005744773247557928 0.00220867079905362 -0.011283143273510512 0.0013220127233932824 0.0073500402960101708 -0.011483738240688416 -0.011509794200050409 -0.0117654968236211 -0.0019355782195042042 0.0047753118907497777 0.0060782304408240001 -0.0098521456443997381 0.0080752759573781314 -0.009334420838322921 0.0040402513315023385 -0.012247330295372208 -0.013748738586244719 0.0029802887347104606 0.0058679425786280232 0.015816014164920122 0.015915650095983013 0.010051928999650911 0.0066440847368540654 -0.0019037057292984143 0.01471026960871029 -0.007605268350902597 0.0097391963484357909 0.0038748156275670441 -0.01157298014923153 -0.0081451900193114032 -0.0022732640317354733 0.0030176558282921546 -0.009846791183298946 0.0011341403882224948 -0.012949256771130215 -0.0045785564636309254 1.0197452631787053e-05 0.0050734921297433669 -0.0098763474928468403 0.011432057652276055 0.0047104547052806874
leaf_weight=91.912725683883764 24.542339973151684 126.71271030767821 309.18155962973833 9.4384002704173309 91.423699828796089 24.230216920841485 37.915568378521129 8.4099569215904904 15.899268828332422 27.825168603332713 71.261506591341458 286.38091856252868 281.75462527119089 123.9558505457826 15.552006966434417 31.658776104217395 38.859564856393263 84.248669172171503 46.832467403961346 242.22847913228907 87.666403615148738 13.253354284213854 35.390308844391257 13.755018230760468 12.988580093951894 12.298636755440382 373.61698316875845 8.4433452519588155 10.40296950843185 14.759878903627394 5.6359447843860826 8.4631829021964204 57.324536714935675 11.800089496187864 76.76134134712629 16.452861597994342 28.955991119612008 12.102455191314219 87.70564805471804 183.08548883616459 632.69500426482409 78.974514221772552 37.622269121464342 8.5762972841039282 71.296262656105682 124.26675714249723 47.437335978727788 31.292205902980641 26.686181165277958 77.954117553308606
leaf_count=7193 74 4059 1150 1219 14023 578 660 765 658 1585 3253 41043 13886 1386 901 3807 4799 3515 2025 2850 11853 610 3398 733 1682 765 9462 300 83 154 304 421 1984 85 5984 628 1309 1153 11617 20124 9459 3592 1886 803 7860 10544 3022 3718 1441 3268
internal_value=0.000336897 -0.00218071 0.00565861 -0.00330759 -0.0051539 -0.00744901 -0.00150439 -0.00300788 -0.00839369 0.00099855 0.000660891 -0.00977317 -0.000351213 0.00433647 0.00342104 -0.00405396 -0.00321887 -0.0012642 -0.00172684 0.00698629 -0.00248595 -0.00611382 -0.0010337 -0.00796802 0.000136313 -0.00158647 0.00140084 -0.000512501 -0.00298962 0.00241064 -0.00844631 -0.00949007 0.00287945 0.000932481 -0.00418311 -4.12606e-05 -0.0034672 0.000207865 -0.00512768 -0.00417511 0.0037274 -0.00832895 0.00614193 3.03568e-05 -0.00240889 0.000811891 -0.000330617 -0.00197859 0.0074201 0.00125849
internal_weight=4197.89 2849.73 1348.16 2167.7 1071.05 517.545 1096.65 553.501 465.489 52.0554 484.614 378.294 409.076 1038.97 772.203 127.321 612.038 302.388 447.979 266.771 401.146 114.675 286.471 101.421 251.081 95.6626 682.035 308.418 166.945 141.473 105.523 99.8869 79.5276 69.1246 140.185 63.4236 46.9707 83.364 309.651 270.791 756.651 87.4179 75.5378 37.5323 87.1955 238.092 202.996 155.559 35.0961 162.203
internal_count=227671 211851 15820 192132 113456 58917 78676 54539 56754 2163 25410 48236 22864 14670 11746 8978 53266 16726 39791 2924 37766 13196 24570 12586 21172 5171 19719 10257 6044 4213 14748 14444 2152 2069 9943 3959 3331 4406 36540 31741 10845 3892 2546 2112 8518 19490 17284 14262 2206 6783
is_linear=0
shrinkage=0.0118628


Tree=48
num_leaves=51
num_cat=0
split_feature=21 22 21 9 5 21 20 16 6 0 17 8 2 24 0 24 15 7 19 8 22 13 15 11 19 9 14 24 14 13 6 11 6 24 6 5 7 10 9 18 19 24 0 14 15 22 24 10 20 24
split_gain=385.834 80.4555 56.5346 51.0628 36.7764 28.2901 27.8721 26.9192 26.2264 19.1204 18.0867 18.0222 17.8234 21.8616 16.0739 15.6754 15.1343 14.7991 21.0699 19.043 15.5509 14.2395 14.167 15.5476 15.2112 14.1137 14.712 13.982 16.1164 13.6557 18.0976 13.8726 13.5383 12.955 12.9147 14.6125 12.785 12.6264 12.6193 12.6962 12.6054 12.5354 12.484 14.1094 12.402 12.3958 14.9567 13.8865 13.5693 12.1649
threshold=3.5000000000000004 48.045454545454554 14.500000000000002 0.9574084290582684 0.011980034604559152 1.5000000000000002 230.50000000000003 0.012520158369374902 86.105942136674855 17.500000000000004 68.772213012887832 5.7966496563214616 569.50000000000011 186.2855902777778 34.500000000000007 84.031684027777786 83.500000000000014 0.81643609745163592 0.7719539232697129 6.6691412247503985 6.9800000000000013 451.50000000000006 54.500000000000007 204.50000000000003 0.56479505401421326 0.97612979227095931 221.50000000000003 305.69299768518528 1362.5000000000002 492.50000000000006 73.045507844301014 888.50000000000011 46.058795230933704 66.504050925925938 46.058795230933704 0.0023260322641730003 0.80428240191041789 226.50000000000003 0.93711066705262591 257.50000000000006 0.051024794357281009 75.375434027777786 43.500000000000007 156.50000000000003 21.500000000000004 83.514705882352956 49.347800925925931 1206.5000000000002 96.500000000000014 341.95804398148152
decision_type=2 10 2 8 2 2 2 2 10 2 2 10 2 2 2 2 2 2 2 10 10 2 2 2 2 8 2 2 2 2 10 2 10 2 10 2 2 8 10 2 2 2 2 2 2 10 2 10 2 2
left_child=1 3 12 4 5 8 14 27 9 -1 22 44 15 32 25 -2 17 19 20 21 -19 -9 -8 -24 -25 26 29 28 -6 30 -5 -32 -14 -4 49 -36 37 -12 -23 -40 -3 -18 43 -10 -7 48 47 -47 -34 -16
right_child=2 40 33 6 7 11 10 16 42 -11 36 -13 13 -15 34 -17 41 18 -20 -21 -22 38 23 24 -26 -27 -28 -29 -30 -31 31 -33 45 -35 35 -37 -38 -39 39 -41 -42 -43 -44 -45 -46 46 -48 -49 -50 -51
leaf_value=-0.0049704333689322682 0.0083189116575451815 -0.011479998128956342 0.010802706969815092 -0.017690213220268307 -0.010904945616103863 0.013414968179132647 -0.0040274090958364811 0.0065991243878897668 0.01108812255979129 -0.011206968081821853 0.013381605414479704 -0.0057121644198815181 0.0072059379778629858 -0.010890721987836211 -0.012924675947962106 0.0010617765585895782 0.00706037837610771 -0.0098035694711749218 0.0080058017509423759 -0.0092618069612050869 0.0037778335705452122 -0.0032177176278245165 -0.0068369546926232982 -0.0057021762152088453 0.0092849823056858401 0.0011705835828070763 -0.0075531957731904808 0.0098389133995036102 0.0061295643305203434 0.010174720038740445 0.0043502131108930833 -0.012998149255676888 -0.0062400752008054854 0.0023261453147599568 -0.0081438015883036428 -0.0022360561684154267 -0.01204423510039909 0.0025062195421508408 0.0038704446224304512 -0.021940388621356503 0.0016284492522235217 -0.010814650985259326 -0.0079604138918063314 -0.0026370458986020536 -0.0053926963015588731 -0.012284067597483253 0.012681385594537756 0.0079982618440924292 0.0027816762863526628 0.020941432986003275
leaf_weight=91.539965624921024 214.11214717046823 10.484949869103728 280.51944983936846 9.3139689287636411 90.250862056622282 17.920941916061569 144.41915355320089 40.100873570423573 14.649900986347346 283.23307294840924 16.004047368885949 27.560007450170815 123.90669226553291 14.898544725729151 36.351605392061174 52.071585737168789 40.848636306356639 86.431708186399192 13.19832249288447 34.654112433549017 13.751710682176052 138.24378068558872 18.783517612144351 12.490300104953347 40.207843038020656 162.85851311823353 74.656928076175973 5.5996336925309143 8.5567569064442051 14.84708220255561 30.905827118782327 8.2091784544754756 24.501099102199078 27.896409492008388 86.928323962260038 182.8565426741261 8.0077595054171962 245.06684695649892 70.082381574669853 2.7882859993260345 669.11317977681756 6.3835197207517913 34.774944746866822 37.568869493203238 6.8081434410996726 7.9082468790002194 36.853036616928875 11.895312215201555 552.58382561476901 1.556247382890432
leaf_count=7193 1788 578 911 1284 14023 279 11274 2574 402 41043 287 1585 1386 901 4765 1136 1484 11853 610 3398 733 13192 1121 592 1271 6783 5984 304 421 501 1358 816 530 239 11617 20124 662 10203 4873 533 19141 541 5038 3078 299 168 202 153 8406 34
internal_value=0.000348227 -0.00213337 0.00557616 -0.00325414 -0.00510303 -0.00738512 -0.00145347 -0.00297351 -0.00832159 -0.00968367 0.000667972 0.000884845 0.00425196 0.00333983 -0.00314432 0.00689925 -0.00170543 -0.00245664 -0.00608318 -0.00101827 -0.00793931 0.000118902 -0.00188953 0.00242976 0.00573277 -0.00119426 -0.00398645 -0.00839628 -0.00942974 0.000221823 -0.00282953 0.000709181 0.00361966 0.010036 -0.00505064 -0.00413962 0.00272004 0.00317291 -0.00111201 0.00288273 0.0014262 0.00464447 -0.00245366 0.00121358 0.00823704 0.00291849 0.00821341 -0.000101244 0.00239864 -0.0115342
internal_weight=4185.15 2838.01 1347.15 2158.41 1064.95 514.056 1093.46 550.891 461.767 374.773 484.979 52.2891 1038.73 772.547 608.484 266.184 446.483 399.251 113.382 285.869 100.183 251.215 215.901 71.4817 52.6981 300.791 137.933 104.407 98.8076 63.2761 48.429 39.115 757.648 308.416 307.693 269.785 269.079 261.071 211.114 72.8707 679.598 47.2322 86.9937 52.2188 24.7291 633.742 56.6566 19.8036 577.085 37.9079
internal_count=227671 211851 15820 192132 113456 58917 78676 54539 56754 48236 25410 2163 14670 11746 53266 2924 39791 37766 13196 24570 12586 21172 14258 2984 1863 16726 9943 14748 14444 3959 3458 2174 10845 1150 36540 31741 11152 10490 18598 5406 19719 2025 8518 3480 578 9459 523 321 8936 4799
is_linear=0
shrinkage=0.0118628


Tree=49
num_leaves=51
num_cat=0
split_feature=21 22 21 9 5 21 20 16 6 0 8 13 2 24 0 24 13 15 7 19 8 22 19 24 14 6 24 22 6 18 16 0 9 17 3 0 14 22 9 1 0 19 5 6 22 3 14 20 24 6
split_gain=378.408 76.3247 55.4392 51.2775 36.928 28.4114 27.1571 26.9267 25.1144 18.2914 17.8656 17.6055 17.4482 20.2119 15.93 15.2141 14.5309 14.3534 14.397 20.8765 19.3767 15.1318 14.2023 13.4354 15.8941 13.079 13.0349 12.7984 16.2606 13.9681 16.6682 13.4922 12.9966 13.4319 12.9129 12.7815 13.7158 12.5725 13.8609 14.6381 16.1279 12.3005 12.2568 13.8061 12.0327 11.9872 12.1852 11.9462 11.8314 11.8223
threshold=3.5000000000000004 48.045454545454554 14.500000000000002 0.9574084290582684 0.011980034604559152 1.5000000000000002 230.50000000000003 0.012520158369374902 86.105942136674855 17.500000000000004 5.7966496563214616 831.50000000000011 569.50000000000011 186.2855902777778 34.500000000000007 84.031684027777786 921.50000000000011 83.500000000000014 0.81643609745163592 0.7719539232697129 6.6691412247503985 6.9800000000000013 0.70620733679150738 305.69299768518528 1362.5000000000002 46.058795230933704 66.504050925925938 7.1000000000000005 48.02181903285085 97.500000000000014 0.011554318434479452 16.500000000000004 0.98902116348657609 79.766770966281044 14.500000000000002 43.500000000000007 156.50000000000003 40.614814814814821 0.93003616764699004 3989.5000000000005 10.500000000000002 0.10934987942122186 0.0023260322641730003 85.892869750934238 83.514705882352956 3.5000000000000004 313.50000000000006 96.500000000000014 75.375434027777786 46.058795230933704
decision_type=2 10 2 8 2 2 2 2 10 2 10 2 2 2 2 2 2 2 2 2 10 10 2 2 2 10 2 10 10 2 2 2 8 2 2 2 2 8 10 2 2 2 2 10 10 2 2 2 2 10
left_child=1 3 12 4 5 8 14 23 9 -1 -7 41 15 25 27 -2 -13 18 20 21 22 -20 37 24 -6 -14 -4 29 31 -5 34 -29 33 -32 -31 36 -10 -9 39 40 -39 45 43 -16 47 46 -8 -27 -19 -44
right_child=2 -3 26 6 7 10 11 17 35 -11 -12 16 13 -15 42 -17 -18 48 19 -21 -22 -23 -24 -25 -26 44 -28 28 -30 30 32 -33 -34 -35 -36 -37 -38 38 -40 -41 -42 -43 49 -45 -46 -47 -48 -49 -50 -51
leaf_value=-0.005027347002757615 0.0082489979982254963 0.0013549944468899582 0.010720701665545325 0.011816948018441725 -0.010922673362144551 0.0083011810437412289 0.0078495199132207743 -0.0047856025440726592 0.01090466647952368 -0.011139680535671345 -0.0056514155076573197 -0.017154930228982332 0.0070993812866451496 -0.010560989803205677 -0.013629468770541388 0.0010976514770550691 8.4536170051882527e-06 0.0067600814959182191 -0.0097376952277359909 0.0079832030298001115 -0.0093475268050594845 0.0036379254660435303 -0.012088552462601165 0.0094645272815295275 0.0058888720885515358 -0.0058379782735081751 0.0021894142706934305 -0.019024809103153725 -0.019964233917947456 -0.0037485988369461141 0.00044751185614913677 0.013667545845307279 -0.018956224803280821 0.014031223976506357 -0.017465995648848126 -0.0081865920726352688 -0.002641266903796795 0.007643370184040911 0.0055640363208785118 0.014805404234285946 -0.0045113449935875773 0.0088186793245565286 -0.010289286447739167 -0.0044081438856866618 0.0080578998146759867 0.0054009550693514133 -0.022705170210310158 0.0027326942600927593 -0.010957064883321656 -0.0022773540267294196
leaf_weight=91.303516511921771 213.36402312538121 680.19384335051291 280.23019942222163 12.375622562132774 88.696629600366578 24.562349453335628 2.7154668755829352 45.760664601111785 14.63157910807058 280.76868496695533 27.233003931585699 7.06370359531138 124.58961299946532 14.483536449726669 41.891881819930859 52.083732612896711 400.38312973757274 41.480696466751397 85.225749251898378 13.253751473734154 34.316363406833261 13.834289461839942 12.659930025693027 5.6049255167599759 8.6890351043548417 23.875581293366849 27.693848739378154 2.7106225998140898 10.942368648597038 62.781329817138612 179.94067809125409 5.1533469203859568 4.6004705033265045 10.862128458684309 11.412574358750133 33.986118491506204 37.422153081744909 19.197868969291449 89.07704216404818 7.8091722528915843 76.888908366672695 55.81542082503438 30.22298250044696 50.262583959847689 57.736916447989643 12.894254335202275 5.6747657377272844 552.12738108681515 6.081585523672401 181.943472269224
leaf_count=7193 1788 19719 911 249 14023 578 106 4221 402 41043 1585 748 1386 901 6978 1136 22141 1484 11853 610 3398 733 1682 304 421 530 239 157 1051 3839 9061 111 451 294 1513 5038 3078 707 5630 232 8700 1252 3762 5676 523 670 493 8406 541 20124
internal_value=0.00035593 -0.00210813 0.0055329 -0.00320471 -0.00506431 -0.00736255 -0.00139829 -0.00292807 -0.0083041 -0.00963977 0.000965184 0.000694524 0.00422188 0.00332059 -0.00307415 0.00684583 -0.000289113 -0.00166452 -0.00240052 -0.00599894 -0.000985952 -0.00786971 0.000155451 -0.00839478 -0.00942268 0.00358572 0.00995342 -0.00113807 -0.0106133 -0.00050611 -0.0010718 0.00239852 0.000745767 0.00122084 -0.00585869 -0.00252812 0.00116635 0.000804761 0.00213044 -0.000813426 -0.00208285 0.00589269 -0.0049877 -0.00860004 0.00289496 -0.00178029 -0.0128163 0.00237743 0.0044946 -0.00341866
internal_weight=4174.51 2828.32 1346.18 2148.13 1058.48 509.907 1089.65 548.577 458.112 372.072 51.7954 484.547 1038.26 772.813 605.1 265.448 407.447 445.586 398.024 112.314 285.71 99.06 251.394 102.991 97.3857 758.329 307.924 300.779 18.8063 281.973 269.597 7.86397 195.403 190.803 74.1939 86.0399 52.0537 238.734 192.973 103.896 96.0868 77.0999 304.321 92.1545 633.74 21.2845 8.39023 576.003 47.5623 212.166
internal_count=227671 211851 15820 192132 113456 58917 78676 54539 56754 48236 2163 25410 14670 11746 53266 2924 22889 39791 37766 13196 24570 12586 21172 14748 14444 10845 1150 16726 1319 15407 15158 268 9806 9355 5352 8518 3480 19490 15269 9639 9407 2521 36540 12654 9459 1269 599 8936 2025 23886
is_linear=0
shrinkage=0.0118628


Tree=50
num_leaves=51
num_cat=0
split_feature=21 21 0 5 24 7 0 7 15 22 20 25 24 16 24 22 9 4 20 4 9 18 19 13 1 24 16 21 6 22 19 19 19 7 6 10 19 4 6 10 7 8 20 13 8 7 14 17 3 2
split_gain=372.423 74.4949 61.0704 38.5484 24.389 23.8287 23.0155 28.468 21.2619 18.0529 17.987 17.2027 36.9859 25.6976 24.5834 23.6908 19.9267 17.7214 17.3211 17.1437 23.0318 17.0583 16.8167 16.813 16.2715 15.8042 15.676 15.0375 15.029 16.1568 16.4595 17.001 14.1677 14.1361 13.7777 13.6857 16.9799 15.0216 13.6392 13.5356 13.5171 17.4975 25.3195 20.5411 19.4899 18.3293 16.3914 13.4446 13.9244 16.0926
threshold=1.5000000000000002 8.5000000000000018 34.500000000000007 0.009848486261548153 0.81901041666666674 0.80089745372764254 4.5000000000000009 0.8100637181409297 53.500000000000007 4.0555555555555562 632.00000000000011 0.86811594202898557 31.32581018518519 0.022171655364585801 54.42722800925926 50.839743589743598 0.96422484381690066 1741.5000000000002 116.50000000000001 3036.5000000000005 0.95986399831890268 202.50000000000003 0.39272579933979246 412.50000000000006 1076.5000000000002 79.533564814814824 0.036123615820393355 4.5000000000000009 70.507762465865838 65.045454545454561 0.34200990407560505 0.76599733636413714 0.76599733636413714 0.73971743670622447 96.277825855412075 658.50000000000011 0.53607836422058586 927.50000000000011 96.277825855412075 1185.5000000000002 0.42732927138867732 6.3148336146176307 213.50000000000003 781.50000000000011 5.7146066787075176 0.39192304903292158 796.50000000000011 70.616847017140159 3.5000000000000004 617.00000000000011
decision_type=2 2 2 2 2 2 2 2 2 8 2 10 2 2 2 10 8 2 2 2 8 2 2 2 2 2 2 2 10 10 2 2 2 2 10 8 2 2 10 10 2 10 2 2 8 2 2 2 2 2
left_child=2 4 6 10 -2 8 24 9 40 -8 34 12 13 17 23 21 25 -6 -16 -3 -21 35 -15 -13 -1 -17 -11 -27 -18 30 -30 -32 -7 -10 -4 37 -37 -14 -19 -36 41 44 -43 -44 -5 46 -45 48 -20 -50
right_child=1 19 3 5 11 32 7 -9 33 26 -12 14 15 22 18 16 28 38 47 20 -22 -23 -24 -25 -26 27 -28 -29 29 -31 31 -33 -34 -35 39 36 -38 -39 -40 -41 -42 42 43 45 -46 -47 -48 -49 49 -51
leaf_value=0.0054357849275915018 0.010370411196652581 0.0088128427284287214 -0.0089392947363768384 -0.0099683510612501528 -0.013284136075490746 -0.0096479058870258001 -0.0098842751299488604 -0.0072386604265583703 0.00040099981655294362 -0.0011897764010598494 0.0022667966727941886 -0.018245343839789669 -0.0051855756863897259 -0.0095488459342919305 -0.0095950372185399126 0.0035311612847017328 0.0087322749895586312 -0.0046238140447864354 -0.0073006896869030093 0.0051932182467387799 -0.015545464796075135 -0.0075550066110059867 0.0053181195371884895 0.0073755416752362525 -0.0019315857628257563 -0.0031417488758176638 0.0070861321519546305 0.0046352305849622858 0.0026551839804129875 0.0051124449392495911 -0.018606459401480306 0.018233059555504187 0.0037771413220663306 0.012113823841218327 -0.0077591684543685613 -0.0065732304473468369 0.0039615878444278652 0.0094193213274164928 0.016129152301689428 0.0058086896489252492 -0.0053296056106438752 -0.008720000543948345 0.012357566788814445 -0.012639643508099051 0.0073783442504201666 0.012358293442366299 0.004658578661512318 0.0092195211086278008 0.0070242761207817373 -0.0025734816527886351
leaf_weight=106.89626482967287 50.834545604884624 372.96187369571999 444.27110710553825 11.115666000638155 36.773162372875959 102.09247777168639 31.857796239200979 131.82332438859157 48.061189581407234 569.47356232954189 23.660691697266884 3.668266048654913 13.494908151915295 13.145988922100512 19.631084500579163 243.85833281790838 123.14128798944876 95.484464744105935 25.638744148192927 150.46347354119644 7.9329726668074718 48.207643949659541 57.703480457654223 205.94921209057793 69.689343570033088 133.16886876663193 34.139617396518588 47.457016200758517 23.39611424645409 158.16735407942906 12.501558132702483 2.0519753042608491 12.406271902145816 20.765123709570616 23.701894816709682 51.671500862343237 36.909660345409065 37.308237263932824 4.674430231563746 18.364019538275898 203.7060599711258 63.482856536982581 18.633294105296955 21.994295512326062 50.630848225438967 9.1344803711399418 11.868282391922547 31.006416170159355 52.287589533720165 46.400458676274866
leaf_count=2770 367 1844 60667 1488 1683 16127 2996 13716 2357 34977 1658 108 514 458 891 3701 1477 3335 928 1044 96 2492 1105 2440 4262 4937 1003 873 497 2208 655 9 923 419 2552 2537 1224 740 36 1476 24877 7804 467 2300 3845 305 598 592 1178 1784
internal_value=8.94441e-05 0.00358349 -0.00353921 -0.00546035 0.00228735 -0.0033514 -0.00133311 -0.00222176 -0.00214461 -0.00118105 -0.00783351 0.00201768 0.00128528 -0.00324025 0.00418701 0.00229493 0.00324514 -0.0062411 0.000904145 0.00742422 0.00415453 -0.00147234 0.00255955 0.00692715 0.00252826 0.00156118 -0.000721697 -0.00109845 0.00548413 0.00344462 -0.00350657 -0.013412 -0.00819326 0.00393484 -0.0083249 0.000631433 -0.00218362 0.00553979 -0.00365522 -0.00183607 -0.00321594 -0.000911718 -0.00346189 0.00195428 0.00425554 -0.00255417 -0.00657691 0.00223105 0.000488149 0.00251168
internal_weight=4133.66 2105.89 2027.77 1083.89 1574.53 573.891 943.88 767.294 459.392 635.471 509.998 1523.7 1139.12 207.782 384.582 931.334 743.743 136.932 174.964 531.358 158.396 187.592 70.8495 209.617 176.586 424.484 603.613 180.626 319.258 196.117 37.9496 14.5535 114.499 68.8263 486.337 139.384 88.5812 50.8031 100.159 42.0659 390.566 186.86 125.113 61.6304 61.7465 42.9971 33.8626 155.333 124.327 98.688
internal_count=227340 39753 187587 127863 36769 61510 59724 52692 44460 38976 66353 36402 28481 6617 7921 21864 14357 5054 5373 2984 1140 7507 1563 2548 7032 9511 35980 5810 4846 3369 1161 664 17050 2776 64695 5015 3761 1254 3371 4028 41684 16807 11474 3670 5333 3203 2898 4482 3890 2962
is_linear=0
shrinkage=0.0118628


Tree=51
num_leaves=51
num_cat=0
split_feature=21 21 0 5 7 24 8 0 7 16 20 22 6 22 24 5 4 9 5 6 11 16 17 17 7 19 1 6 10 3 22 22 22 1 17 22 6 2 17 7 7 22 13 19 10 11 0 24 1 17
split_gain=367.943 72.7496 56.3611 38.2779 23.5547 23.1658 28.6872 21.702 27.0507 21.6325 17.9927 17.0297 16.7217 16.7241 16.2162 16.5684 15.923 18.7474 15.9008 16.3717 14.9251 14.1982 13.69 13.9556 14.9833 15.4376 13.6101 13.5244 13.4066 13.3666 12.5111 12.4981 17.2709 12.3194 12.3097 12.3009 13.5624 20.6551 13.2873 12.3006 11.7246 11.5019 11.4232 13.4938 14.0292 11.3376 13.827 13.6076 12.5188 11.3068
threshold=1.5000000000000002 8.5000000000000018 34.500000000000007 0.009848486261548153 0.80089745372764254 3.8470775462962967 6.3355377233555146 4.5000000000000009 0.8100637181409297 0.039731202002830257 632.00000000000011 4.0555555555555562 94.631590386161079 75.256578947368425 263.93865740740745 0.0036074790158902004 3036.5000000000005 0.95986399831890268 0.041249188002637258 62.007575579807842 439.50000000000006 0.036123615820393355 80.349007092852744 60.581219960142242 0.74598113118973608 0.47622577448362452 535.50000000000011 96.277825855412075 1185.5000000000002 67.500000000000014 62.516666666666673 5.9000000000000012 82.961538461538467 3271.0000000000005 55.20531099293067 59.023809523809533 49.393083570109688 1114.5000000000002 76.509804229275389 0.407127669288668 0.7217823101285098 66.984848484848499 164.50000000000003 0.20792413891261033 152.00000000000003 282.50000000000006 23.500000000000004 299.20630787037044 1502.5000000000002 63.866823615293377
decision_type=2 2 2 2 2 2 8 2 2 2 2 8 10 10 2 2 2 8 2 10 2 2 2 2 2 2 2 10 10 2 10 10 10 2 2 10 10 2 2 2 2 10 2 2 10 2 2 2 2 2
left_child=2 5 7 10 9 6 -2 18 11 22 27 40 13 39 35 49 -3 29 19 34 -6 42 23 24 -5 -26 -23 -4 -29 -18 -31 -21 -33 41 -1 36 -7 -38 -39 -8 -9 -25 -13 44 -44 47 48 -46 -47 -16
right_child=1 16 3 4 20 14 12 8 -10 -11 -12 21 -14 -15 15 -17 17 -19 -20 31 -22 26 -24 33 25 -27 -28 28 -30 30 -32 32 -34 -35 -36 -37 37 38 -40 -41 -42 -43 43 -45 45 46 -48 -49 -50 -51
leaf_value=0.010876250723750223 0.011979032998179356 0.0087135585733839772 -0.0088485222621885289 -0.0088188163795119776 -0.009817743595887168 0.0032124039872994557 -0.012409269356831064 -0.013507074655816681 -0.0071639379267882872 0.0081074452344047816 0.0022735673191173911 0.012201732210664857 0.017409505826796429 -0.022517149304595224 -0.017420928658742351 -0.014300080684837114 0.006269786036519019 -0.014252801700973015 0.009498641869259165 0.0041884653522273937 0.0026126940645431972 -0.023853285102452181 -0.010417623424445289 -0.00069032987620634538 0.016068710562682491 -0.0069922703863331843 0.008287738854459303 -0.0077527048854509626 0.0057325297677126097 -0.02070896014500178 0.0024660041550332717 -0.018858429718619105 0.019530348245633183 -0.0087808239697887876 -0.0091445638721674247 0.0029883226165413309 0.00066895236448847521 -0.004737472772299231 -0.021234059376362607 0.0058922998489765966 0.0044925080302699021 0.013776290425231796 0.010282837353756359 -0.00061262542277023494 -0.017165845080831348 0.0038456403035134509 -0.01389739292740021 0.017957287438333889 -0.0076201298486783513 0.0073659111740600504
leaf_weight=5.0247376153711221 71.022005761042237 372.41281077917665 440.5310162503738 69.040176477283239 98.080051019554958 201.70488538523205 7.7720330334268573 24.721083732089031 131.02746653568465 27.629162938334048 24.073740908526815 8.7395779662765545 5.7066660821437827 5.9609909364953628 3.2391413680743453 17.349957914324477 135.7666540411301 7.3739304011687627 35.105673916637897 96.947137755458243 15.779820417053996 1.9629315556958307 30.234566161874682 283.51623253524303 7.6733758668415275 8.734802234452216 33.320981011260301 23.542734959395602 18.547984436620027 5.0921468269079915 9.2010660329833609 7.2620407876092923 2.1334904488176107 26.247528987471014 30.877090056892484 865.65952586452477 303.20435389992781 55.446845114929602 7.8426430919207624 15.422829008195547 6.4137854822911313 7.9506144283805034 7.386860496364533 460.77910705853719 19.365531434305016 28.684184412006289 16.590847357641906 1.6872696951031674 25.150218184106052 12.913631663657723
leaf_count=115 490 1844 60667 8639 15706 5146 211 2592 13716 1037 1658 300 15 173 234 1598 840 96 1051 3192 1344 108 4362 25936 167 1111 895 2552 1476 118 86 495 10 3006 2169 16015 9265 2460 563 199 404 202 142 27405 1865 1167 1904 30 2164 400
internal_value=9.94806e-05 0.00357462 -0.0035101 -0.00535833 -0.00326318 0.00229421 0.00765295 -0.00139065 -0.00225659 -0.00206986 -0.00773543 -0.00124368 -0.00116019 -0.00479499 0.00190752 -0.00625084 0.00737647 0.00421355 0.00234863 0.000584006 -0.00809501 -0.000802419 -0.00271867 -0.00214129 -0.00639714 0.00379243 0.00649944 -0.00823469 -0.00181021 0.00512102 -0.00579068 0.00292242 -0.0101409 -0.00099669 -0.00634242 0.00209814 0.000741941 -0.000617713 -0.00678178 -0.0002402 -0.00979915 -0.000295695 -0.00125571 -0.00146587 -0.00544256 -0.00671242 -0.00442899 -0.0143507 -0.00151092 0.00239511
internal_weight=4127.85 2103.09 2024.76 1081.58 574.886 1573.25 105.885 943.18 765.83 461.026 506.695 634.802 34.8625 29.1559 1467.36 33.5027 529.847 157.434 177.35 142.244 113.86 603.668 433.397 403.163 85.4484 16.4082 35.2839 482.622 42.0907 150.06 14.2932 106.343 9.39553 317.714 35.9018 1433.86 568.199 366.494 63.2895 23.1949 31.1349 291.467 568.384 559.644 98.8649 91.4781 70.4252 21.0528 53.8344 16.1528
internal_count=227340 39753 187587 127863 61510 36769 1088 59724 52692 44460 66353 38976 598 583 35681 2232 2984 1140 7032 5981 17050 35980 43423 39061 9917 1278 1003 64695 4028 1044 204 3697 505 29144 2284 33449 17434 12288 3023 410 2996 26138 34977 34677 7272 7130 5235 1895 3331 634
is_linear=0
shrinkage=0.0118628


Tree=52
num_leaves=51
num_cat=0
split_feature=21 21 0 5 24 3 7 20 15 7 8 0 17 19 19 4 24 5 7 16 16 3 7 8 20 10 13 7 14 20 6 9 11 16 13 0 4 13 5 18 15 9 5 5 1 5 20 22 7 11
split_gain=358.187 72.8868 56.9909 37.0987 24.6459 26.2864 24.2426 20.5018 20.4098 20.052 18.8064 18.5769 17.1632 16.6714 14.773 14.675 14.3668 15.7952 14.0094 13.4609 16.2773 12.9804 12.8714 15.1822 26.325 18.3974 17.8466 17.3006 15.3794 13.5128 13.8394 17.6792 13.298 12.5525 12.4214 12.3075 20.0022 19.6324 18.1932 15.7455 14.619 13.532 13.0231 12.7054 14.9055 12.2473 12.3151 11.9748 21.7861 19.7038
threshold=1.5000000000000002 8.5000000000000018 34.500000000000007 0.009848486261548153 3.8470775462962967 54.500000000000007 0.80089745372764254 632.00000000000011 53.500000000000007 0.8100637181409297 6.070749337335223 13.500000000000002 65.950624739531094 0.11994152046783625 0.76599733636413714 3091.0000000000005 263.93865740740745 0.0036074790158902004 0.73971743670622447 0.026326968653579554 0.026771745158800604 3.5000000000000004 0.42732927138867732 6.3148336146176307 213.50000000000003 341.50000000000006 781.50000000000011 0.39192304903292158 796.50000000000011 127.50000000000001 86.430685122900158 0.95415322941432967 574.50000000000011 0.037308610061642405 303.50000000000006 8.5000000000000018 1576.5000000000002 1179.5000000000002 0.0007006498407613501 187.50000000000003 4.5000000000000009 0.87374669664948235 0.011980034604559152 0.0053950770604015508 350.50000000000006 0.0088654693893472029 320.50000000000006 73.550505050505066 0.7217823101285098 183.50000000000003
decision_type=2 2 2 2 2 2 2 2 2 2 8 2 2 2 2 2 2 2 2 2 2 2 2 10 2 8 2 2 2 2 8 8 2 2 2 2 2 2 2 2 2 10 2 2 2 2 2 10 2 2
left_child=2 4 9 7 5 10 8 19 22 33 -2 12 -11 -14 34 -3 -6 -18 -10 -4 21 -21 23 25 32 -5 -26 28 -28 -27 31 -31 -25 35 -8 36 37 42 -37 -38 45 -39 43 -1 -45 46 -40 48 -17 -50
right_child=1 15 3 6 16 -7 14 -9 18 11 -12 -13 13 -15 -16 47 17 -19 -20 20 -22 -23 -24 24 26 29 27 -29 -30 30 -32 -33 -34 -35 -36 38 39 41 40 -41 -42 -43 -44 44 -46 -47 -48 -49 49 -51
leaf_value=0.0040824056414228036 0.014184025175526598 0.0085923500403942994 -0.0091022449378759529 -0.01114130965383576 0.002035895538730207 -0.013933970904894621 0.0096593586599149159 0.002730804094251952 0.00032551401209401985 0.0025618242084425335 0.0037691392224050817 -0.0091251459191685983 0.011690196257959017 -0.012640995367532206 0.0038889179728373792 0.0055013789533812059 0.0024339010313322467 -0.013974785904010599 0.011862589249288602 0.014918478811784004 -0.0060140440404747968 -0.017301923872928778 -0.0051819139185004959 -0.01548302075160074 0.011903582682858949 0.013694207657435533 -0.012369865296883938 0.011504656910129177 0.0043977789289360711 -0.014467446156671584 -0.020070130122846676 0.0092036131688296597 -0.0042900916468069745 0.0063508168748740556 -0.01055709113860509 0.0019652877283404062 -0.00078831856518706207 0.01111566889062055 -0.0087190125973395094 -0.014467587539164896 -0.0022628932278339281 -0.0059511617862612592 0.0092474807292042775 0.014505951457188158 -0.018812216823058413 -0.017034165186192208 0.0076707891443562673 0.0079159484683899092 0.00065749027935000509 -0.019832157297017445
leaf_weight=54.407032271847129 53.177126273978502 378.60735874157399 400.44207667803857 9.7236243672668916 1432.9633991511073 7.2946809357963494 4.4740365010220549 25.296474625007249 48.153909262968227 57.053853655001149 45.084977878257632 81.161152734188363 4.7390523082576719 24.190702551277354 12.736077515641226 55.062575101852417 16.298082129796967 16.729605045402423 21.390876126941293 9.7213683871086669 65.328053932404146 2.1480788297485551 201.83387297438458 24.633719856152311 18.679677699925378 22.131540138507262 20.758149851346388 10.23077473300509 12.234630645019932 5.5539735031779918 3.6662048199214032 22.135320435278118 37.947811118792742 35.655846764333546 96.974415682256222 126.81165216723457 41.260587743949145 7.7996660294011226 28.608847746043466 16.607336289715022 317.83283290523104 40.399699090747163 68.539702564943582 2.5234617888927442 7.5190392262302339 17.657426986959763 8.3297213744372112 67.587630216032267 16.796029060613368 10.884642914868889
leaf_count=1513 262 1878 56329 1232 33449 184 515 1658 2357 3307 642 9857 189 2312 923 404 634 1598 419 336 7702 328 24877 3429 467 1301 2300 305 598 927 324 1549 4375 1032 15612 6004 2555 166 2794 1535 21835 1764 1558 28 480 2548 247 372 181 149
internal_value=0.000109508 0.00353825 -0.00346063 -0.00532519 0.00225624 0.00779251 -0.00326218 -0.00767666 -0.00204553 -0.00132841 0.00940546 -0.00505454 -0.00121222 -0.00865515 -0.00815363 0.00734725 0.00185761 -0.00587769 0.00387418 -0.00822785 -0.00369216 0.00908705 -0.00310241 -0.000866268 -0.00327042 0.00386838 0.0022146 -0.00197269 -0.00615198 0.00659711 0.00158769 0.00445551 -0.00869598 -0.000523702 -0.00966548 -0.000855707 0.00135769 0.00329692 -0.00191557 -0.00471415 -0.003237 -0.00318933 0.00564773 0.00181951 -0.0104399 -0.00890776 -0.00502304 0.00421147 0.0011855 -0.00739963
internal_weight=4117.78 2100.49 2017.29 1076.19 1571.55 105.557 573.259 502.936 459.074 941.098 98.2621 167.145 85.9836 28.9298 114.185 528.938 1465.99 33.0277 69.5448 477.64 77.1975 11.8694 389.529 187.695 124.485 63.2107 61.9032 43.2236 32.9928 53.487 31.3555 27.6893 62.5815 773.953 101.448 738.297 239.057 181.189 499.24 57.8679 372.429 48.1994 132.989 64.4495 10.0425 54.596 36.9386 150.331 82.7432 27.6807
internal_count=227340 39753 187587 127863 36769 1088 61510 66353 44460 59724 904 15665 5808 2501 17050 2984 35681 2232 2776 64695 8366 664 41684 16807 11474 5333 3670 3203 2898 4101 2800 2476 7804 44059 16127 43027 9599 5509 33428 4090 27424 1930 3579 2021 508 5589 3041 1106 734 330
is_linear=0
shrinkage=0.0118628


Tree=53
num_leaves=51
num_cat=0
split_feature=21 21 0 7 16 24 8 9 20 19 5 3 22 20 22 24 11 0 17 5 24 22 16 8 5 9 22 0 3 24 5 17 0 16 24 9 3 24 22 11 20 17 14 6 22 7 11 6 13 19
split_gain=345.319 73.4682 53.6757 40.8273 40.1682 24.288 24.875 21.8312 38.0784 20.8537 19.466 16.3064 15.7351 21.6475 15.5123 14.5246 14.4635 14.1706 14.122 18.6779 14.1081 14.0384 13.8921 15.0256 23.654 14.811 13.8827 13.8486 13.6503 21.3203 13.6432 15.5193 13.3569 13.0733 12.9169 21.5291 13.817 14.3837 12.7865 12.7698 12.673 12.6186 12.7019 12.579 27.196 17.3211 12.4112 11.8894 23.7323 15.496
threshold=1.5000000000000002 8.5000000000000018 16.500000000000004 0.83590650856813997 0.037308610061642405 3.8470775462962967 6.070749337335223 0.97593816675140332 215.50000000000003 0.76599733636413714 0.026022394737478503 229.50000000000003 75.7638888888889 404.50000000000006 2.535714285714286 50.503616898148159 742.50000000000011 43.500000000000007 65.039279051172727 0.11364472457938876 6.4359085648148158 3.0714285714285716 0.026002751202679652 5.9354497057778328 0.016672011973487205 0.95360498819808936 9.9375000000000018 89.500000000000014 11.500000000000002 260.7229456018519 0.047632444332354508 58.121471471471473 55.500000000000007 0.017685981144869457 29.86168981481482 0.97083698374720118 73.500000000000014 24.315972222222225 53.026315789473692 439.50000000000006 86.500000000000014 66.165075961774093 190.50000000000003 64.365840280824941 49.026315789473692 0.34086006154627074 171.50000000000003 62.202660356533187 615.50000000000011 0.3591659411148031
decision_type=2 2 2 2 2 2 8 8 2 2 2 2 10 2 10 2 2 2 2 2 2 8 2 10 2 10 10 2 2 2 2 2 2 2 2 10 2 2 8 2 2 2 2 10 10 2 2 10 2 2
left_child=2 5 11 4 7 6 -2 8 10 14 -4 12 13 26 -5 -16 -12 -9 19 -6 -3 -10 25 -24 -25 -23 30 -22 -7 34 31 46 -19 -18 35 36 -30 -38 -34 -11 -33 -8 -43 44 45 -36 -1 48 -42 -50
right_child=1 20 3 9 18 28 41 17 21 39 16 -13 -14 -15 15 -17 33 32 -20 -21 27 22 23 24 -26 -27 -28 -29 29 -31 -32 40 38 -35 43 -37 37 -39 -40 -41 47 42 -44 -45 -46 -47 -48 -49 49 -51
leaf_value=-0.0026720745585816779 0.013213550626013464 0.010527329548057053 -0.0087179192100222385 -0.011016952783403752 -0.0055034871639973969 0.0029347206545061798 0.0062457618678712487 0.0010950043998724261 -0.012307823067712409 -0.0034580118488112461 -0.0048826239636105585 -0.022622294229067159 0.013441526496289683 -0.0079516858702663781 0.011492869494122876 -0.0090881336239562391 -0.01630793955807348 -0.010916694683364441 0.010339547591649687 0.01741527489380729 0.0053683502922346575 -0.0058154339408117792 0.0089405083890889605 0.0047465234032234068 -0.015556714760894782 -0.00054460220066560798 -0.0073872630742142379 0.012638638541899259 -0.0033292556911962657 -0.013825129939244491 0.0066063165303624797 -0.018711000624957303 -0.017420987530018844 0.011556666052479111 -0.018251145936515032 -0.018976530969284939 0.0088280436933245738 -0.020626922787262823 -0.0014085182120359627 0.016803890896391088 -0.014825003288530175 0.010442315581351835 -0.011822451315037579 -8.0664900792924531e-05 0.0056772564173986394 -0.00050949913224627291 -0.020617933319001757 0.0024108143306809404 -0.01424951850978059 0.0025451445739645899
leaf_weight=15.28427192324307 55.082837064750493 141.58935623522848 365.83869097626302 204.17303898651153 23.73618133622222 745.13301892927848 31.69120684498921 151.95994510885794 19.208822270971723 16.297212420031432 81.759823820320889 4.4983105114661148 12.079380709212272 46.730562432552688 8.6747162545798364 10.874046251061371 2.8291334984824088 31.187888261163607 36.017200409900397 6.3403745866380623 343.78612931584939 140.0611283123726 31.517655509291217 23.252658927231096 12.370922344736753 161.56665193324443 29.261165447067469 41.299394344445318 89.519868212519214 14.05104365153238 54.468533972045407 4.5874878836330018 7.429788927664049 14.575329467421396 8.6652343822643143 10.236975658684967 25.831611488014463 2.564385308418422 126.50466453726403 5.984164902009069 17.88491831952706 4.8724637180566814 13.86826651310548 285.71453703637235 210.14824915560894 72.810006732586771 8.4055528901517373 261.0122540689772 8.8259510681964439 62.314802936743945
leaf_count=1044 301 448 47567 32961 1980 15160 349 7661 2480 1740 11998 549 197 2946 269 1353 705 3586 1046 77 2392 17184 1201 1354 923 12454 2025 144 2684 1477 2071 410 1106 827 595 524 459 153 12029 78 1948 60 378 7843 3850 2936 1082 10766 750 3220
internal_value=0.000124563 0.00349136 -0.00339208 -0.00454693 -0.00366862 0.00220534 0.00770226 -0.00417685 -0.00516481 -0.0089604 -0.00745426 -0.000133958 6.02752e-05 -0.000257432 -0.0100504 4.46762e-05 -0.00279233 -0.00151916 0.00532872 -0.00067189 0.00732539 -0.00242083 -0.00190582 0.00297434 -0.00230422 -0.00299212 0.000520759 0.00614808 0.00180934 0.000643942 0.00105544 0.000256236 -0.00392494 0.00702698 0.000932124 -0.00247486 -0.0010422 0.00616781 -0.00229682 0.00198395 0.00087724 0.00168266 -0.00603368 0.00168838 0.00342158 -0.00239647 -0.00903977 0.00113397 -0.00260956 0.000461487
internal_weight=4104.38 2096.86 2007.51 1482.16 1236.16 1570.19 105.515 1170.06 852.981 246.003 465.003 525.353 520.855 508.776 223.722 19.5488 99.1643 317.082 66.0938 30.0766 526.675 387.978 368.769 67.1412 35.6236 301.628 462.045 385.086 1464.67 719.542 432.784 378.315 165.122 17.4045 705.491 128.153 117.916 28.396 133.934 22.2814 354.625 50.4319 18.7407 577.338 291.623 81.4752 23.6898 350.038 89.0257 71.1408
internal_count=227340 39753 187587 160579 124178 36769 1088 121075 96693 36401 61097 27008 26459 26262 34583 1622 13530 24382 3103 2057 2984 35596 33116 3478 2277 29638 23316 2536 35681 20521 21291 19220 16721 1532 19044 3820 3296 612 13135 1818 17094 787 438 15224 7381 3531 2126 16684 5918 3970
is_linear=0
shrinkage=0.0118628


Tree=54
num_leaves=51
num_cat=0
split_feature=21 21 0 5 24 8 7 15 7 20 0 6 17 19 22 19 24 7 8 20 10 13 7 14 13 14 6 0 22 11 5 20 20 10 16 0 1 5 13 16 9 13 13 16 2 11 1 16 20 9
split_gain=334.104 72.7006 54.7317 37.5603 24.4117 24.0146 22.4765 19.8294 19.8217 19.3564 18.48 16.7469 15.1816 15.6094 14.2946 13.9359 13.7998 13.6789 15.3849 26.1379 17.9253 16.5642 15.9223 15.1507 13.5443 13.3368 13.322 13.3012 13.1065 13.0902 13.0101 12.4526 14.2286 12.3959 11.8444 12.4436 18.7645 16.9811 16.2769 13.3769 13.3423 12.7945 29.1779 12.5734 16.4849 12.0623 12.3696 15.4988 11.6104 12.9634
threshold=1.5000000000000002 8.5000000000000018 34.500000000000007 0.009848486261548153 3.8470775462962967 6.3355377233555146 0.80089745372764254 53.500000000000007 0.8100637181409297 632.00000000000011 13.500000000000002 94.631590386161079 65.950624739531094 0.11994152046783625 75.256578947368425 0.76599733636413714 9.5240162037037042 0.42732927138867732 6.3148336146176307 213.50000000000003 341.50000000000006 781.50000000000011 0.39192304903292158 796.50000000000011 303.50000000000006 1335.5000000000002 96.277825855412075 63.500000000000007 59.023809523809533 122.50000000000001 0.018144755081637303 122.50000000000001 266.50000000000006 2165.0000000000005 0.037308610061642405 8.5000000000000018 1719.0000000000002 0.00047801540434340011 1179.5000000000002 0.0047449651585594515 0.87374669664948235 553.50000000000011 179.50000000000003 0.0084086116405726521 363.50000000000006 754.50000000000011 683.50000000000011 0.021616006740400453 127.50000000000001 0.95415322941432967
decision_type=2 2 2 2 2 8 2 2 2 2 2 8 2 2 10 2 2 2 10 2 8 2 2 2 2 2 10 2 10 2 2 2 2 10 2 2 2 2 2 2 10 2 2 2 2 2 2 2 2 8
left_child=2 4 8 9 5 -2 7 17 34 26 12 14 -10 -14 -7 24 -3 18 20 33 -5 -21 23 -23 -8 -9 -4 -18 29 30 -6 -28 -33 -20 35 36 38 41 43 -39 -40 42 -37 44 -1 46 -43 -48 -22 -50
right_child=1 16 3 6 28 11 15 25 10 -11 -12 -13 13 -15 -16 -17 27 -19 19 21 48 22 -24 -25 -26 -27 31 -29 -30 -31 -32 32 -34 -35 -36 37 -38 39 40 -41 -42 45 -44 -45 -46 -47 47 -49 49 -51
leaf_value=-0.017269298538455279 0.011587675932850643 0.0100145013022983 -0.0087190182046733827 -0.010904639644813851 0.0046708746692592003 -0.00029556459357453192 0.0099455109299169588 0.0065515839875932517 0.0023252744784279522 0.0025552312945289904 -0.0090735922789236794 0.01761279068810389 0.010532286201470257 -0.012334214002445824 -0.021951165362221327 0.0038158373742947439 0.0043812147085842716 -0.0051196504929612793 -0.010051094372816047 0.011551151401942383 0.013222067137671333 -0.012327788206300139 0.010931828133680229 0.0043594233548788757 -0.010308622067070315 -0.0063887018075025771 -0.014292977419334945 0.0093642669409604931 0.0026975899375176393 -0.00067544690405664163 -0.0052016773997785775 0.0054523464956811457 -0.015016884880541287 0.01023268219806486 0.0061254241332688837 0.016497436842510683 -0.0049487868320358154 -0.0093765829155185287 0.010879691013185554 -0.0022698855663010149 -0.005599658981709694 0.0058600159297673548 -0.010669239694505939 0.007355163154875259 0.0030500342545452283 0.011499291726645636 -0.01190209135316158 0.0086304315181770092 -0.014253925457315544 0.0056577577844850527
leaf_weight=6.8679508664645246 71.443130480591208 173.36573174688965 428.10455623653252 9.5082058997359109 136.85201648669317 22.147930903360251 4.8846286572515956 55.300511754583567 58.064323399448767 25.280223316513002 79.681644459604286 5.8516538720577946 5.1176506858319071 23.449987682513893 5.319446124136447 12.82501039188355 243.10992428101599 199.55116011097562 57.176503970520571 19.088384469039738 22.660132549935952 19.782645692583174 10.526577232871203 12.490869119763373 95.099767008563504 14.05707339895889 8.6261156639084202 109.26310047134757 878.32781949546188 426.73457681201398 21.772532840259373 26.436546242795885 5.8331128966528913 4.5792042431421569 36.867161681060679 7.2390706273727146 50.806997081381269 41.89444360753987 8.3534013223834318 337.84902347635943 40.113788280403242 37.767349786590785 24.033786669257097 103.1108929279726 30.88393496721983 24.594445765716955 15.658705594018103 7.7258399634156367 5.6181940601673004 25.413260726490989
leaf_count=320 490 588 60667 1232 2898 410 515 1898 3307 1658 9857 15 189 2312 173 923 1831 24877 7492 467 1301 2300 305 598 15612 878 1366 565 16671 15160 952 1945 717 312 1032 129 3821 4121 173 23779 1834 1104 2058 2479 972 626 1371 240 950 1850
internal_value=0.00014386 0.00345679 -0.00332003 -0.00516429 0.00217712 0.00770898 -0.003085 -0.00191153 -0.00123493 -0.00755605 -0.00495041 -0.000607808 -0.00115801 -0.0082378 -0.0044897 -0.00782581 0.00727445 -0.00295988 -0.000653221 -0.00308691 0.00410804 0.00236148 -0.00173707 -0.00586933 -0.0093191 0.00392889 -0.00810107 0.00592636 0.00178118 0.000406123 0.00331578 -0.0016323 0.00175218 -0.008547 -0.000436325 -0.000764613 0.00145256 -0.0018364 0.00317038 -0.00305393 -0.00275936 0.00211463 -0.00438056 0.00521064 -0.000646648 0.00448352 0.00166182 -0.00511848 0.00676668 0.00205266
internal_weight=4097.11 2094.19 2002.92 1062.84 1568.45 104.762 568.562 455.753 940.08 494.281 166.314 33.319 86.632 28.5676 27.4674 112.809 525.739 386.395 186.844 123.644 63.1998 61.8885 42.8001 32.2735 99.9844 69.3576 469 352.373 1463.69 585.359 158.625 40.8958 32.2697 61.7557 773.767 736.9 240.137 496.763 189.33 379.743 48.4672 117.019 31.2729 140.863 37.7519 85.7463 61.1519 23.3845 53.6916 31.0315
internal_count=227340 39753 187587 127863 36769 1088 61510 44460 59724 66353 15665 598 5808 2501 583 17050 2984 41684 16807 11474 5333 3670 3203 2898 16127 2776 64695 2396 35681 19010 3850 4028 2662 7804 44059 43027 9599 33428 5778 27900 2007 5528 2187 3771 1292 3341 2715 1611 4101 2800
is_linear=0
shrinkage=0.0118628


Tree=55
num_leaves=51
num_cat=0
split_feature=21 21 0 5 24 3 7 7 15 20 0 6 8 4 3 6 19 7 8 20 10 13 8 7 14 13 24 5 7 17 14 5 10 22 10 21 10 9 22 11 24 16 7 8 8 7 24 2 1 24
split_gain=321.981 71.336 51.8992 36.7472 24.9829 24.2586 22.3267 19.6229 19.2501 18.1141 17.7101 18.9472 16.6888 14.6592 15.0714 14.2105 14.1039 13.9691 15.1555 25.2845 16.8983 14.3804 18.7938 15.1353 14.5714 13.4201 12.9847 14.7452 12.796 12.4833 13.1393 12.4778 12.3289 12.2501 12.0926 11.6207 16.5337 25.5598 15.2515 20.4057 15.9969 20.2826 16.4283 14.7063 14.6246 19.3506 17.5152 16.6822 14.9589 14.6556
threshold=1.5000000000000002 8.5000000000000018 34.500000000000007 0.009848486261548153 3.8470775462962967 54.500000000000007 0.80089745372764254 0.8100637181409297 53.500000000000007 632.00000000000011 8.5000000000000018 68.485758307475052 6.070749337335223 3036.5000000000005 67.500000000000014 96.277825855412075 0.76599733636413714 0.42732927138867732 6.3148336146176307 213.50000000000003 341.50000000000006 781.50000000000011 6.8562684563121907 0.39192304903292158 796.50000000000011 303.50000000000006 263.93865740740745 0.0036074790158902004 0.73971743670622447 66.165075961774093 190.50000000000003 0.015677873271701153 1185.5000000000002 62.516666666666673 2165.0000000000005 3.5000000000000004 640.50000000000011 0.97688458656926824 60.81666666666667 198.50000000000003 50.503616898148159 0.027711749610680854 0.78658836662657339 6.8135876490674354 6.2963524488730407 0.88353841946951073 46.545283564814824 302.50000000000006 2292.0000000000005 74.556423611111128
decision_type=2 2 2 2 2 2 2 2 2 2 2 10 8 2 2 10 2 2 10 2 8 2 10 2 2 2 2 2 2 2 2 2 10 10 10 2 10 10 10 2 2 2 2 10 10 2 2 2 2 2
left_child=2 4 7 9 5 12 8 -1 17 15 11 -9 -2 -3 -15 -4 25 18 20 34 -5 22 -21 24 -23 -8 35 -28 -10 -14 -31 -12 -17 -16 -20 44 -37 38 39 -38 41 -40 -42 -41 45 47 -46 -6 -48 -50
right_child=1 13 3 6 26 -7 16 10 28 -11 31 -13 29 14 33 32 -18 -19 19 21 -22 23 -24 -25 -26 -27 27 -29 -30 30 -32 -33 -34 -35 -36 36 37 -39 40 43 42 -43 -44 -45 46 -47 48 -49 49 -51
leaf_value=-0.00043041762150295126 0.013697467036071038 0.0084750162711113436 -0.008618348431809926 -0.011035395148999736 -0.015951619540171279 -0.013628267931000825 0.0096691341935376211 -0.0062886770006837589 0.00050049301998290646 0.0022995092617333116 -0.011417446332310347 0.0069355495443844352 0.0084541585919056927 0.0053588895502256154 -0.021605903824674644 -0.0073215990271586423 0.0037519571914495066 -0.0050793561814461308 -0.0099671242053589945 -0.020899741101615559 0.0065306196926241487 -0.012244741986797895 0.015121422218273776 0.010544784237342784 0.0041913156962271577 -0.010306285805972855 0.0022597049788066776 -0.013751079278116557 0.011481208287846737 0.011766707347235594 -0.01213239108144875 -0.0031240674008793513 0.0056587220064421686 0.00066421963123696783 0.0098675971055974497 0.0058936463509809325 0.0035293269325650709 -0.0177605665094435 -0.0015240795738472412 -0.010043520946022667 0.0059407501488096173 0.010015338084416998 -0.015652413199704431 0.00089628591783836697 -0.002553887206158254 0.0055657144763337591 0.0054629616093913582 -0.0019280595979631479 0.0054903290543867186 -0.0026011847545157241
leaf_weight=770.87039621628355 53.703913214616477 369.05167903052643 423.93376988824457 8.9459087408613396 12.617915935814379 6.9806575356051317 4.9849653583951286 31.336584778735414 48.416538658551872 25.493610174627975 60.14588868629653 29.693944908911362 28.636940552853048 141.29581170203164 5.2993408329784861 22.34643242508173 13.222910699434577 197.15685898263473 56.096816945122555 2.3150171269662705 55.623451895778999 18.988996357657019 17.036937023047358 10.880727850366382 12.645120452158151 93.552315900567919 16.290474542183802 16.088915121508762 21.595342041924596 4.6611843295395365 10.595422812271861 44.358881116611883 19.097159555181861 10.100480468943713 4.6866676355712107 196.70815431745723 67.547006336972117 9.1792474901303631 124.70619920850731 42.221084688324481 220.0566136110574 25.883968008682132 5.0722835082560769 29.287628825753927 86.503295772708952 48.26009655976668 203.18375997804105 221.23836022918113 49.817577903158963 85.670754305552691
leaf_count=44059 262 1844 60667 1232 539 184 515 2346 2357 1658 7402 1267 282 922 123 2552 923 24877 7492 239 4101 2300 228 305 598 15612 634 1598 419 49 311 4650 1476 95 312 2528 1125 267 2651 1552 2702 234 252 658 3403 1272 4016 7294 945 4011
internal_value=0.000151264 0.00340373 -0.00325984 -0.00506144 0.00213361 0.00773464 -0.00300187 -0.00122619 -0.00183355 -0.00743685 -0.00493198 0.000145473 0.00926266 0.00718428 0.0041443 -0.00797021 -0.00775197 -0.00287561 -0.000554896 -0.00300382 0.00409685 0.00233497 0.010812 -0.00152369 -0.00567477 -0.00929571 0.00173251 -0.00569591 0.00388756 0.00383659 -0.00483066 -0.0078972 -0.00134028 -0.00699961 -0.00843774 0.00190095 0.00296113 0.00186017 0.00221005 -0.00114633 0.00345226 0.000459374 0.00545422 -0.00556295 0.000820732 -0.00127337 0.00221023 -0.00268473 0.00342708 0.000373982
internal_weight=4084.08 2090.66 1993.43 1057.02 1564.91 104.578 566.149 936.406 454.388 490.871 165.535 61.0305 97.5975 525.747 156.696 465.377 111.76 384.377 187.22 122.65 64.5694 61.8668 19.352 42.5148 31.6341 98.5373 1460.33 32.3794 70.0119 43.8935 15.2566 104.505 41.4436 15.3998 60.7835 1427.95 720.662 523.954 514.775 139.056 375.719 150.59 225.129 71.5087 707.292 282.116 425.175 233.856 338.672 135.488
internal_count=227340 39753 187587 127863 36769 1088 61510 59724 44460 66353 15665 3613 904 2984 1140 64695 17050 41684 16807 11474 5333 3670 467 3203 2898 16127 35681 2232 2776 642 360 12052 4028 218 7804 33449 11969 9441 9174 3335 5839 2885 2954 2210 21480 9105 12375 7833 8972 4956
is_linear=0
shrinkage=0.0118628


Tree=56
num_leaves=51
num_cat=0
split_feature=21 21 0 5 24 3 7 7 15 20 0 6 8 6 4 3 7 8 20 10 13 7 14 11 10 13 21 8 1 7 2 10 9 22 11 24 7 16 3 14 17 24 19 10 7 5 8 19 19 17
split_gain=318.226 68.5567 49.1072 35.9485 25.1994 22.2042 21.5877 19.3462 18.9891 18.0232 17.4623 17.8976 15.647 13.9892 13.9029 13.8222 13.5378 14.2673 25.4909 16.145 14.3749 14.5489 14.7976 13.4537 12.7538 12.726 12.6189 14.1969 16.9808 16.7005 16.7499 14.0215 20.3737 14.6647 21.9893 15.0595 17.3151 17.008 13.7775 12.8533 12.4574 15.3074 12.3794 12.0838 11.9915 11.9503 11.8678 11.849 16.6982 14.1547
threshold=1.5000000000000002 8.5000000000000018 34.500000000000007 0.009848486261548153 3.8470775462962967 54.500000000000007 0.80089745372764254 0.8100637181409297 53.500000000000007 632.00000000000011 8.5000000000000018 68.485758307475052 6.070749337335223 96.277825855412075 3036.5000000000005 67.500000000000014 0.42732927138867732 6.3148336146176307 213.50000000000003 341.50000000000006 781.50000000000011 0.39192304903292158 796.50000000000011 439.50000000000006 2165.0000000000005 1190.5000000000002 3.5000000000000004 6.2963524488730407 2313.5000000000005 0.88353841946951073 302.50000000000006 640.50000000000011 0.97688458656926824 60.035714285714292 195.50000000000003 50.503616898148159 0.78658836662657339 0.027711749610680854 117.50000000000001 247.50000000000003 70.771317628338196 25.298177083333332 0.1447378392716013 1185.5000000000002 0.73971743670622447 0.015677873271701153 6.7764322062665991 0.7719539232697129 0.62331962133249041 62.010464190392234
decision_type=2 2 2 2 2 2 2 2 2 2 2 10 8 10 2 2 2 8 2 10 2 2 2 2 8 2 2 10 2 2 2 10 10 10 2 2 2 2 2 2 2 2 2 10 2 2 10 2 2 2
left_child=2 4 7 9 5 12 8 -1 16 13 11 -9 -2 -4 -3 -16 17 19 24 -5 42 22 -22 -8 -19 -21 27 29 -29 30 -6 40 33 34 -33 37 -37 -35 47 -36 41 -28 -20 -15 -10 -12 -41 48 49 -32
right_child=1 14 3 6 26 -7 23 10 44 -11 45 -13 -14 43 15 -17 -18 18 20 25 21 -23 -24 -25 -26 -27 31 28 -30 -31 38 32 -34 35 39 36 -38 -39 -40 46 -42 -43 -44 -45 -46 -47 -48 -49 -50 -51
leaf_value=-0.000463194238981413 0.013531072920888558 0.0083738062974150432 -0.0085425455841009364 -0.010983732400561715 -0.015840220796302783 -0.013105618663539797 -0.0093076606372344325 -0.0061930055387288459 0.00056917698207685009 0.0022951922041219478 -0.011388513550486125 0.0066946008456877822 0.0039375617567777924 -0.0073102744369784225 0.005312966020678005 -0.0065623078411901591 -0.0050266496023390903 -0.010104353227946875 -0.008853480278174829 0.0090022484973616181 -0.012328569224773411 0.010211606147831585 0.0042046246413631411 0.0024564748434603417 0.0082470328963048737 -0.0055856919394778074 0.0088055943926079305 0.003971041508790742 -0.00074833404712874114 0.0048456949400203153 0.0053744181525343894 0.0035409156913519648 -0.016722122583856927 -0.0013892289253616165 -0.021017807243195651 0.0057138221627441354 -0.015991817698402088 0.0089706163326172313 -0.020980132845034083 -0.0092362837773769472 0.010809651337921007 0.00097300598173184099 0.015337476689135566 0.0055324921878468518 0.011134856347292572 -0.0032491579616874622 0.0016572293629758198 0.0090895884443880064 -0.0096836986431785635 -0.0025493249239477308
leaf_weight=772.25449813262094 53.69852686394006 368.244908394292 418.76400422176812 8.8043225044384581 12.821944709401576 6.6790734063833943 95.763325971551239 31.012254967354238 48.780686191515997 25.810103419935331 59.286702423123643 29.673889592289925 43.150192937348038 22.087780612986535 141.20307151367888 15.286036172416059 196.27347363100853 55.648274955805391 3.6595264938659993 45.454088904196396 18.621254242490981 11.131325792055575 12.892385238315908 15.960143882315604 5.8935410408303133 10.327251853421329 55.782000500708818 258.02171715232544 183.65898088761605 50.607652368489653 41.444606848061085 65.284392991568893 8.1794979525729996 126.89202035451308 7.3330750903114668 226.43706719856709 5.2924904050305477 27.055254719220102 5.2106852054130277 31.251008015824482 48.108221085742116 94.760956654325128 15.954587481915949 19.334577144589275 21.903979912400246 44.392226136755198 25.604158048052341 14.025022783549501 34.776396736502647 135.28599495999515
leaf_count=44059 262 1844 60667 1232 611 184 15706 2346 2357 1658 7402 1267 642 2552 922 218 24877 7492 301 2837 2327 305 601 1344 420 1123 466 6012 7407 1437 1052 1094 275 2720 370 2843 279 241 411 1237 460 1725 169 1476 419 4650 585 252 1563 4641
internal_value=0.000168226 0.00340546 -0.00322586 -0.00498347 0.00215875 0.00781404 -0.00295439 -0.00124975 -0.00180789 -0.00735102 -0.00494528 0.000108688 0.00925679 -0.00789204 0.00711505 0.00415296 -0.00284635 -0.000574772 -0.00293274 0.00394508 0.00241906 -0.00144673 -0.00556478 -0.0076271 -0.0083469 0.00630145 0.00175714 0.000663915 0.00200864 -0.0013551 -0.0026435 0.00287138 0.00185283 0.00214777 -0.00130667 0.00330744 0.00521806 0.000431463 -0.00191016 -0.00623703 0.00555464 0.0038753 0.0108239 -0.0013157 0.00384334 -0.00790351 -0.00433052 -0.00146954 -0.00216973 -0.000691143
internal_weight=4075.78 2086.09 1989.68 1053.06 1561.36 103.528 567.068 936.62 455.345 485.996 164.365 60.6861 96.8487 460.186 524.734 156.489 384.66 188.387 123.801 64.5857 62.2591 42.645 31.5136 111.723 61.5418 55.7813 1457.83 735.853 441.681 294.172 243.565 721.98 523.329 515.149 129.473 385.677 231.73 153.947 230.743 64.1882 198.651 150.543 19.6141 41.4224 70.6847 103.679 56.8552 225.532 211.507 176.731
internal_count=227340 39753 187587 127863 36769 1088 61510 59724 44460 66353 15665 3613 904 64695 2984 1140 41684 16807 11615 5192 3703 3233 2928 17050 7912 3960 35681 23386 13419 9967 8530 12295 9644 9369 3286 6083 3122 2961 7919 2192 2651 2191 470 4028 2776 12052 1822 7508 7256 5693
is_linear=0
shrinkage=0.0118628


Tree=57
num_leaves=51
num_cat=0
split_feature=21 21 0 5 7 24 16 7 24 20 0 25 6 20 13 17 17 19 13 0 21 10 11 22 6 0 25 8 20 24 7 24 15 10 7 14 24 24 1 19 8 24 3 0 11 0 9 17 18 18
split_gain=316.883 65.4353 46.221 35.8947 21.8187 20.1952 18.8632 18.143 18.1379 17.4887 17.1668 17.0766 14.1793 13.8816 15.0827 13.5548 14.6912 13.2197 14.8589 12.43 12.3424 13.4979 19.5281 20.5856 14.6671 14.97 18.6923 17.2922 12.4237 12.318 12.2646 15.3896 26.6498 18.4001 14.9325 14.2586 13.967 12.7525 12.4117 25.3897 18.869 16.1477 19.9578 16.0292 14.8774 20.2373 17.728 15.7001 16.3032 13.5896
threshold=1.5000000000000002 6.5000000000000009 34.500000000000007 0.009848486261548153 0.80089745372764254 6.4359085648148158 0.039731202002830257 0.8100637181409297 0.81901041666666674 632.00000000000011 13.500000000000002 0.67543859649122817 96.277825855412075 230.50000000000003 725.50000000000011 65.950624739531094 80.993735115516785 0.76599733636413714 303.50000000000006 38.500000000000007 20.500000000000004 1711.5000000000002 395.50000000000006 55.95454545454546 70.940842703000754 74.500000000000014 0.42261904761904762 6.4536257258013894 92.500000000000014 46.545283564814824 0.9174852625937836 49.347800925925931 39.500000000000007 252.50000000000003 0.6173062352364399 520.50000000000011 78.886863425925938 51.188657407407412 862.50000000000011 0.4712361267018963 5.8435583664112212 166.57392939814818 7.5000000000000009 76.500000000000014 451.50000000000006 66.500000000000014 0.9687029411207948 72.899675066571064 402.50000000000006 222.50000000000003
decision_type=2 2 2 2 2 2 2 2 2 2 2 10 10 2 2 2 2 2 2 2 2 8 2 10 10 2 10 10 2 2 2 2 2 8 2 2 2 2 2 2 8 2 2 2 2 2 10 2 2 2
left_child=2 8 7 9 6 11 13 -1 -2 12 15 -3 -4 -5 -15 -9 -17 18 -6 -16 21 22 28 -24 29 26 -26 -28 -7 -25 31 32 35 -33 38 -10 -32 -36 39 -35 -41 44 43 49 46 -46 -40 48 -47 -43
right_child=1 5 3 4 17 20 -8 10 30 -11 -12 -13 -14 14 19 16 -18 -19 -20 -21 -22 -23 23 24 25 -27 27 -29 -30 -31 36 33 -34 34 37 -37 -38 -39 41 40 -42 42 -44 -45 45 47 -48 -49 -50 -51
leaf_value=-0.00054731451450222893 0.0096897358433281015 -0.0027848931518729921 -0.0085148084028509926 -0.0043533428945209049 0.010023251037619113 -0.011565996103843471 0.0075998722078119843 0.0020616646462866908 -0.0010797278351052872 0.0021375232938776064 -0.008924696948382627 0.011111257600730824 -0.0012286006668325788 0.010386187194189199 0.0082138042914816668 -0.012584595861812643 0.0082038358991674692 0.0035154831455434356 -0.010243800264372617 -0.0021507046959933548 0.0085818218042513529 0.010919758466241746 -0.026024803688272653 -0.023626890789648459 -0.015918903805895945 0.011361271916331975 -0.013961509392078788 0.0071161626425818398 0.0054597395619156988 -0.0022836760721016377 0.0081301819023660224 -0.018146882118613841 0.0043230082340483204 -0.017281739232088381 0.012118832496149715 -0.0074560044072813376 -0.00086770045359750049 -0.0019326530852021525 0.0042187150197122115 0.0087272432269614852 -0.011797608694955476 0.0081837608855050113 -0.0063130446218237646 -0.022714437169033853 0.0036586486687292916 -0.015061724347825977 0.010660666308726034 0.0029425985747324342 0.019256472909662484 -0.01739351573842739
leaf_weight=773.37001703807618 41.332823673263192 13.530681820586322 414.2300110735232 229.94279744918458 5.3874541586264959 6.1743890792131415 28.448445207672194 57.578901319066063 211.90547251352109 26.064790906384587 77.927656672429293 155.03815941885114 41.336562554817647 17.710258418461308 18.132645338773727 21.758514023618776 6.131945250555872 13.213904644362627 92.342080782167614 159.64315006323159 119.94530668761581 38.222749763168395 4.5591921759769312 5.9921262497082379 9.5906159579753858 18.84123389609158 6.8709110096096984 27.002622194588184 259.74903500685468 10.426306951791046 80.490462348563597 6.1772397384047499 110.74084832938388 12.518758802441878 9.7239242568612081 64.337028829497285 34.761265087639913 139.17208326072432 193.88349542114884 21.723688489291821 8.8792603604961169 40.461908579338342 48.696356166386977 2.8470663549378505 248.23361661098897 20.800380847882483 87.135153860319406 18.037794007454067 2.1490318160504094 3.1506174919195464
leaf_count=44059 329 170 60667 29090 515 105 1037 3307 5908 1658 9857 493 4028 539 843 2186 315 923 15612 12951 472 216 181 108 225 91 140 196 2275 134 1003 329 2211 463 95 2382 1364 5246 3776 378 316 973 3368 237 4398 811 836 309 7 208
internal_value=0.000173682 0.00340489 -0.00322026 -0.00493373 -0.00290491 0.00643845 -0.00175218 -0.00130616 0.00194768 -0.00731298 -0.00489783 0.00999584 -0.00785368 -0.00237755 -5.35056e-05 -0.00122627 -0.00801404 -0.00762079 -0.00912652 -0.00109354 0.00525655 0.00422707 0.0034945 -0.00151824 -9.88662e-05 0.00252964 -0.00129883 0.00284067 0.00506441 -0.0100735 0.00171339 0.00137213 -0.000593734 0.00225305 0.00240003 -0.00256477 0.00541632 -0.00101497 0.0031177 -0.00304992 0.00277202 0.0035174 -0.0010065 0.00455554 0.0042723 0.00238355 0.00621617 -0.00533885 -0.0118479 0.00633591
internal_weight=4066.32 2083.1 1983.22 1046.45 564.821 675.943 453.877 936.767 1407.16 481.631 163.397 168.569 455.567 425.429 195.486 85.4694 27.8905 110.943 97.7295 177.776 507.374 387.429 349.206 83.283 78.7238 62.3054 43.4641 33.8735 265.923 16.4184 1365.83 1250.57 386.983 863.59 857.413 276.243 115.252 148.896 708.517 43.1217 30.6029 665.395 95.1559 46.4596 570.239 289.221 281.019 40.9872 22.9494 43.6125
internal_count=227340 39753 187587 127863 61510 4806 44460 59724 34947 66353 15665 663 64695 43423 14333 5808 2501 17050 16127 13794 4143 3671 3455 1075 894 652 561 336 2380 242 34618 32251 10501 21750 21421 8290 2367 5341 16080 1157 694 14923 4786 1418 10137 5525 4612 1127 818 1181
is_linear=0
shrinkage=0.0118628


Tree=58
num_leaves=51
num_cat=0
split_feature=21 21 0 5 7 24 25 16 24 8 6 7 20 0 8 6 11 20 13 17 17 1 18 20 20 22 9 21 9 6 16 14 20 14 19 22 0 1 15 13 6 19 15 14 6 24 0 8 24 22
split_gain=314.895 65.1432 45.0334 35.084 20.9777 19.9437 19.5712 18.3113 17.8576 17.8927 18.7452 17.3361 16.9101 16.5709 14.0802 13.9921 13.2518 13.2446 14.3099 12.6638 14.118 12.2196 14.4946 12.1466 13.2732 11.9039 13.4843 13.5024 13.6949 14.788 13.6594 11.7091 11.5448 16.2617 11.466 13.4344 11.4404 11.256 10.8963 11.5616 13.5303 12.8083 11.8181 11.5264 10.7474 14.981 11.7701 14.1641 21.4731 20.5641
threshold=1.5000000000000002 6.5000000000000009 34.500000000000007 0.009848486261548153 0.80089745372764254 9.5240162037037042 0.5590277777777779 0.039731202002830257 3.8470775462962967 6.3355377233555146 94.631590386161079 0.8100637181409297 632.00000000000011 13.500000000000002 6.7669926948523971 96.277825855412075 439.50000000000006 230.50000000000003 725.50000000000011 65.950624739531094 80.993735115516785 1147.5000000000002 177.50000000000003 122.50000000000001 266.50000000000006 59.023809523809533 0.96299082823244453 4.5000000000000009 0.95833086253374067 38.129563676986919 0.020334675769388102 184.50000000000003 136.50000000000003 265.50000000000006 0.76599733636413714 57.027777777777786 38.500000000000007 1750.5000000000002 47.500000000000007 921.50000000000011 65.414019049531205 0.35378664935626963 9.5000000000000018 239.50000000000003 51.753866353269565 15.086226851851853 93.500000000000014 6.0203806146159993 44.30150462962964 54.519230769230781
decision_type=2 2 2 2 2 2 10 2 2 8 10 2 2 2 10 10 2 2 2 2 2 2 2 2 2 10 10 2 10 10 2 2 2 2 2 10 2 2 2 2 10 2 2 2 10 2 2 10 2 8
left_child=2 8 11 12 7 6 14 17 9 -2 37 -1 15 19 -3 -4 -6 38 -19 -13 -21 -9 -23 -17 -25 34 27 28 -27 -30 -29 -31 -28 -34 35 -10 -20 -11 39 40 41 -5 43 -43 45 -7 47 -46 -49 -50
right_child=1 5 3 4 16 44 -8 21 25 10 -12 13 -14 -15 -16 23 -18 18 36 20 -22 22 -24 24 -26 26 32 30 29 31 -32 -33 33 -35 -36 -37 -38 -39 -40 -41 -42 42 -44 -45 46 -47 -48 48 49 -51
leaf_value=-0.0005847836471588254 0.010840873726873203 0.0032991462763780565 -0.008467068464321036 -0.015661140133635926 -0.0092345897379512969 -0.0047771882607092163 0.01049677485208673 0.013652348652027177 0.00016574091062684186 0.0066567667391994158 0.017379990647098505 0.0019252571760856754 0.0019460938775577932 -0.0088173066148104062 -0.02353692857134233 -0.013950357188495369 0.0024009467148996158 0.010001848545785126 0.0077063694045135895 -0.012395692416345116 0.0080106968897554441 0.0071045933881284714 -0.021237665916517275 0.0054302940506016388 -0.014706687339257797 0.00043702001688691086 -0.00042105245606294093 0.0012911796252370762 0.011455728495870211 0.0055166870397146198 0.0084557056905837473 -0.016661754406074602 0.01353367703674419 0.0043153941311910035 0.0067818218946918011 -0.010123648887728409 -0.0021668760090084978 -0.013142009399301552 0.0087357357498738467 -0.011050578134934689 -0.00099394645654444515 0.0062892709648847281 -0.0090924592649735212 -0.015331841263494878 0.0058102143396771624 0.0087777595967067669 0.011805743972216638 -0.0045945556863711086 -0.019040112405026968 0.0060305735899703521
leaf_weight=776.33109274948947 58.649686997290701 9.8510757763870043 410.90048456820659 19.998820283915848 94.282421294832602 12.496945680584757 191.58539664605632 17.370625690557066 480.02888526394963 5.874405899550772 5.83101488277316 57.674906887114048 26.488735378603451 77.412188640562817 3.8171880282461634 8.3996058763004822 16.131055087782443 17.853952325182036 18.431733557954431 21.420009484980259 6.1379624197725198 7.8417577650397998 3.7548728655092418 27.315897033317015 5.5404011285863808 254.85827294643968 60.463359108194709 102.97113291267306 4.341635485179725 4.1231596358120468 58.850613609421998 17.859136398648843 30.088982886169106 256.50164162833244 35.27056159125641 18.546759769786149 158.84433786035515 12.94541229167953 8.6459302501752955 35.404218858806416 109.67472160095349 17.924598504323516 32.908182721585035 4.3024113362189373 144.71613475168124 140.15147922071628 24.077256299555302 63.807269661687315 4.8917538542300463 78.224838266149163
leaf_count=44059 438 111 60667 3520 15706 122 667 345 16814 91 15 3307 1658 9857 95 1366 1344 539 843 2186 315 258 434 1945 717 6621 1227 1897 40 78 686 787 274 4041 829 692 12951 417 289 5663 12311 1704 4704 899 1121 909 97 787 178 719
internal_value=0.000178455 0.00340125 -0.00320675 -0.00490461 -0.00289823 0.00643496 0.00951836 -0.00176803 0.00194903 0.00727652 -0.0012039 -0.00132257 -0.00726615 -0.00484415 -0.00419586 -0.00780583 -0.00753467 -0.00239148 -0.000120824 -0.00123553 -0.00785055 0.0073571 -0.00207269 -0.00122001 0.00203457 0.00161382 0.00253848 0.00116676 -0.000404375 -0.00855035 0.00389675 -0.0125018 0.00428944 0.00528323 0.000245384 -0.000217026 -0.00114032 -0.00696202 -0.00432748 -0.00484038 -0.00365066 -0.00752869 -0.00457878 0.00210397 0.0050837 0.00766804 0.00383418 0.00317604 0.00058145 0.00455499
internal_weight=4061.81 2080.82 1980.99 1042.01 563.37 673.619 205.254 452.956 1407.2 83.3005 24.6508 938.976 478.645 162.645 13.6683 452.156 110.413 423.989 195.13 85.2329 27.558 28.9673 11.5966 41.2559 32.8563 1323.9 790.058 443.004 281.182 26.3239 161.822 21.9823 347.054 286.591 533.846 498.576 177.276 18.8198 228.859 220.213 184.809 75.134 55.1352 22.227 468.366 152.648 315.717 291.64 146.924 83.1166
internal_count=227340 39753 187587 127863 61510 4806 873 44460 34947 961 523 59724 66353 15665 206 64695 17050 43423 14333 5808 2501 1037 692 4028 2662 33986 15651 10109 7526 905 2583 865 5542 4315 18335 17506 13794 508 29090 28801 23138 10827 7307 2603 3933 1031 2902 2805 1684 897
is_linear=0
shrinkage=0.0118628


Tree=59
num_leaves=51
num_cat=0
split_feature=21 21 0 16 7 24 9 20 24 3 22 24 19 22 20 17 13 15 11 3 5 17 0 25 7 1 6 8 0 22 0 9 8 9 24 11 5 22 20 13 24 14 1 15 19 19 8 7 9 15
split_gain=305.035 63.179 42.878 39.4341 30.3936 19.6333 19.21 29.0758 18.1994 17.6963 16.856 19.296 17.7604 14.9865 18.1023 13.7361 13.6793 13.5345 15.6982 13.4442 13.4413 14.2928 12.971 12.8624 12.4347 12.9644 12.1826 12.9332 19.6596 19.0238 23.7194 22.2147 21.1389 17.39 14.578 13.7291 11.8354 11.7176 11.6506 13.2567 15.5136 13.2661 11.4004 11.3844 11.2823 14.7652 13.1169 13.2145 13.8974 11.2372
threshold=1.5000000000000002 6.5000000000000009 16.500000000000004 0.037308610061642405 0.80692269525861038 6.4359085648148158 0.97083698374720118 215.50000000000003 3.8470775462962967 57.500000000000007 7.8750000000000009 50.503616898148159 0.76599733636413714 75.7638888888889 404.50000000000006 72.622571233471987 231.50000000000003 20.500000000000004 195.50000000000003 229.50000000000003 0.047632444332354508 58.121471471471473 43.500000000000007 0.67543859649122817 0.58173410551237714 724.00000000000011 51.753866353269565 6.0203806146159993 78.500000000000014 78.038461538461561 42.500000000000007 0.97254455957594044 6.8135876490674354 0.95605914373137424 96.110532407407433 334.50000000000006 0.026022394737478503 49.026315789473692 618.50000000000011 1190.5000000000002 278.0750868055556 284.50000000000006 3063.5000000000005 17.500000000000004 0.20792413891261033 0.3513149704326175 7.3195358182995358 0.73126452494873562 0.9870064170484848 30.500000000000004
decision_type=2 2 2 2 2 2 8 2 2 2 10 2 2 10 2 2 2 2 2 2 2 2 2 10 2 2 10 10 2 10 2 10 10 8 2 2 2 8 2 2 2 2 2 2 2 2 10 2 10 2
left_child=2 8 13 4 6 23 7 36 9 24 12 -12 16 14 19 17 -6 -5 -19 20 21 -1 38 -3 25 -2 -7 34 29 31 -31 32 35 -34 -28 -29 -4 -24 39 41 -41 -8 -9 -30 -43 -46 47 48 -47 -14
right_child=1 5 3 15 10 26 22 42 -10 -11 11 -13 49 -15 -16 -17 -18 18 -20 -21 -22 -23 37 -25 -26 -27 27 28 43 30 -32 -33 33 -35 -36 -37 -38 -39 -40 40 -42 44 -44 -45 45 46 -48 -49 -50 -51
leaf_value=-0.0089465467817089629 0.014294182814462 -0.0015538604701088809 -0.0083555845736603303 -0.010322051272149035 0.0099093676211616764 0.0078363586650483062 -0.0026348529524899723 -0.0013359069430411432 0.0015811748937019086 -0.014519917184494696 0.014364969358004333 -0.0090875572541990919 -0.010155986815704525 0.012772880554778016 -0.0078131734155485588 0.013640501902031341 -0.010540349793304914 -0.0074927781245050073 0.0079766246650577414 -0.022037308167122117 0.0056006351519341186 0.00012280755352140116 -0.014374438091209455 0.010788264561351945 0.013000564135851482 -0.0011641743495631304 0.007315644081140606 -0.0045614692090593639 -0.002376861581064876 0.0090271822112329338 -0.01136116605004003 0.013175111151696334 0.0078424952372288196 -0.014476354845318267 -0.0053441159471453829 -0.017753674352008888 -0.0032802769619836689 -0.0030648016283725461 0.010825767256220307 -0.0085096285351013087 0.015628080401355139 -0.0066066562616816458 -0.0074292807283049293 0.011514579956873596 0.012298646582207704 -0.01127394570581736 0.015327883709727928 0.019562726595175828 0.010202069813191718 0.0076803727855234444
leaf_weight=26.139789043460041 10.967868523672221 12.865901293698697 294.33398785698228 11.226484292652456 4.7014762823237097 163.26266373228282 62.899293680675328 260.47466274932958 1323.6547207820695 4.9266334576532236 9.5650373914977553 10.202792099444194 7.8184232071507749 12.143576576374469 44.246766399010085 16.509327028179541 219.68048489943612 12.306273475056512 36.94563008309342 3.8200532854534677 58.941540248692036 378.94800771330483 13.749643265735356 155.47107755346224 42.545636761933565 25.121127343736589 153.46828730218112 20.991311877034605 10.826431799679993 40.376695954240859 10.023020481690763 9.0126739554107171 18.806651324033741 6.6495318985544136 13.964811620302497 23.563375368714333 82.863154421793297 206.57566395192407 14.068754278589038 38.530673849047162 4.1504278331995001 10.631032796110956 51.802189763868228 35.603795029222965 32.179149388335645 17.32559109595605 7.1018501124344757 3.2433170466683796 5.6140792365185908 13.645669636549426
leaf_count=2319 34 170 40498 1084 417 1079 4669 24744 33986 156 205 1246 1122 200 2967 256 36332 1308 1554 525 2262 18735 2007 493 261 510 919 299 108 276 135 42 167 142 296 529 11405 21490 242 2548 97 634 5518 151 601 1558 110 41 201 692
internal_value=0.000184267 0.00335119 -0.00315882 -0.00421119 -0.00467505 0.00633511 -0.00380934 -0.00502408 0.00192014 0.00728945 -0.00827831 0.00226044 -0.0091257 -0.000251798 -0.000560667 0.0040501 -0.0101119 0.00143207 0.00411135 0.000125243 0.000307708 -0.000462433 -0.00179636 0.00984496 0.00865591 0.00353389 0.0051687 0.00389999 0.00165323 -0.000722481 0.00497249 -0.00435463 -0.00661133 0.00201237 0.00625974 -0.0115384 -0.00724064 -0.00377061 0.000425815 -0.000379565 -0.00616231 0.00139616 -0.00234672 0.00827543 0.00472814 0.00656888 0.00102939 -0.00284907 -0.006018 0.00118331
internal_weight=4054.49 2082.1 1972.38 1448.15 1371.16 674.886 1105.54 689.474 1407.22 83.5613 265.614 19.7678 245.846 524.24 512.096 76.9877 224.382 60.4784 49.2519 467.849 464.029 405.088 416.069 168.337 78.6346 36.089 506.549 343.287 175.853 129.423 50.3997 79.0235 70.0109 25.4562 167.433 44.5547 377.197 220.325 195.744 181.675 42.6811 138.994 312.277 46.4302 76.095 65.464 33.2848 26.183 22.9397 21.4641
internal_count=227340 39753 187587 160579 156377 4806 116363 82165 34947 961 40014 1451 38563 27008 26808 4202 36749 3946 2862 23841 23316 21054 34198 663 805 544 4143 3064 1849 1590 411 1179 1137 309 1215 828 51903 23497 10701 10459 2645 7814 30262 259 3145 2511 1910 1800 1759 1814
is_linear=0
shrinkage=0.0118628


Tree=60
num_leaves=51
num_cat=0
split_feature=21 25 9 5 24 22 11 0 24 1 17 25 24 11 9 20 0 22 7 11 22 13 6 14 13 5 17 5 14 14 6 18 1 2 19 10 16 1 11 21 24 11 7 15 13 2 16 16 22 16
split_gain=269.049 47.4761 36.0436 34.2735 32.8956 24.829 26.1016 17.9596 15.1007 23.5616 21.927 20.5838 18.2004 16.9817 26.9146 15.8594 15.8824 14.9141 14.6601 13.9637 13.7918 15.0222 23.4591 12.9247 18.4318 17.6131 16.8344 13.9349 14.3946 13.9603 14.9753 13.3335 13.1065 12.8423 14.0725 12.754 17.3643 12.72 12.5209 12.5062 12.3808 12.2682 12.1006 13.6674 12.4648 12.0648 12.0295 17.7254 17.2218 14.6394
threshold=2.5000000000000004 0.73798627002288331 0.96357285680355786 0.014858387799564251 6.4359085648148158 3.0714285714285716 185.50000000000003 13.500000000000002 49.347800925925931 2588.5000000000005 58.90347962382446 0.65108695652173931 68.369212962962976 389.50000000000006 0.967726163197835 85.500000000000014 3.5000000000000004 42.062500000000007 0.36837074075750037 579.50000000000011 46.757352941176478 383.50000000000006 58.178732743813221 342.50000000000006 768.50000000000011 0.011980034604559152 52.272160482100652 0.19304515322588908 142.50000000000003 315.50000000000006 95.838233154129114 222.50000000000003 3354.5000000000005 191.50000000000003 0.65913502070787178 1562.5000000000002 0.0078201443248532027 1064.0000000000002 703.50000000000011 8.5000000000000018 96.110532407407433 924.50000000000011 0.12810324476962778 10.500000000000002 713.50000000000011 867.50000000000011 0.022863082863082803 0.0271558284927545 50.035714285714292 0.0098772417868511018
decision_type=2 10 8 2 2 10 2 2 2 2 2 10 2 2 10 2 2 10 2 2 10 2 10 2 2 2 2 2 2 2 10 2 2 2 2 10 2 2 2 2 2 2 2 2 2 2 2 2 8 2
left_child=2 8 3 5 -3 6 7 33 9 11 39 15 17 -14 45 -2 41 -12 -16 -7 21 22 -5 25 31 -4 -27 28 -28 30 32 42 46 -1 -35 -26 -37 -8 -24 -10 -6 -17 -25 44 -44 -15 48 -48 -30 -50
right_child=1 4 23 20 40 19 37 -9 10 -11 12 -13 13 14 18 16 -18 -19 -20 -21 -22 -23 38 24 35 26 27 -29 29 -31 -32 -33 -34 34 -36 36 -38 -39 -40 -41 -42 -43 43 -45 -46 -47 47 -49 49 -51
leaf_value=0.0034568385977144455 0.0142041985463215 0.009828348240893521 -0.0046874281894338076 -0.014777564613752297 0.0050546217884100087 -0.00098069803483371459 0.0004130500885780997 -0.011674463112627122 -0.011797308996379768 0.0021067767279198228 -0.0090746542034571259 0.0061255242495762601 0.0045916673286216713 -0.017857724492215551 0.0061608405696978322 -0.0043563188997317826 -0.010122966530400335 0.0070319773201111104 -0.018687354380487874 -0.010166240347500334 0.0020696089798811694 -0.003512421651959243 0.0092183215241197648 -0.0055674961579417377 -0.00026729992360726963 0.012728876948013992 -0.016403667929997173 -0.020096489830369491 -0.017010306757533702 -0.012956841371298534 -0.019586471107433275 -0.021966487240512266 -0.018184523583067026 -0.013407198796103699 0.0035135179189978577 0.0076795587751426917 -0.012080103644549737 -0.0058886038194060257 -0.011389984322214834 0.009966655818380344 0.00072067294175909128 0.016852825077424562 -0.010939719499610149 0.014140243099005056 0.0080175201575165469 -0.0037714378497722971 -0.016156104487255525 0.0020105608469722872 -0.0040506418129469934 0.0088446138172559186
leaf_weight=20.552373853512108 4.8185048429295412 194.23261668160558 258.47561762633268 8.3926517220679653 463.40656359307468 175.07342337223236 54.638259236002341 190.40666124562267 21.01178340846673 183.63814769405872 8.4853681372478587 20.881628601811826 134.76779864868149 9.5303014060482365 60.333169169491157 12.32110784808174 79.2596074991161 173.59719472099096 3.5368935796432188 26.862895104219206 100.73505688318983 416.08736395952292 37.511898300843313 9.3064842354506236 496.24850170104764 13.857856173533944 7.4077355493791393 5.1486735991202286 4.6012709883507341 10.060838058823718 4.5778500931337467 2.3301031312439582 4.2844649404287329 23.653606474050321 9.7751274229958636 8.090314210392533 27.63768796925433 257.58035318052862 4.6644405340775839 4.5134073905646792 115.9717903828714 5.5740820970386258 7.1244892575778094 31.416457699611783 15.498066178523002 83.723480900516734 9.9965411527082306 30.982948209159076 15.065367356874047 69.731537078972906
leaf_count=934 40 823 23061 1546 4610 9111 5186 29073 893 3505 273 274 2645 438 826 311 2768 1429 143 2143 3536 45728 2249 463 27597 384 1008 741 709 1111 334 303 672 2335 553 311 2456 31339 542 29 2977 26 405 383 372 2452 1109 1849 1683 3730
internal_value=-0.000284293 0.00350428 -0.00282246 -0.00411635 0.00560348 -0.00576586 -0.00705859 -0.00996218 0.00148941 -0.000583474 0.00276134 -0.00460474 0.00333813 0.00150213 -0.00114783 -0.00680205 -0.00784392 0.00628136 0.00478475 -0.00220263 -0.00191112 -0.00277042 0.00333483 -0.0011598 -2.817e-05 -0.00271747 0.000180337 -0.000894065 -0.000263126 0.000537741 0.00151283 0.00590093 0.00223015 -0.00392245 -0.00845931 -0.000760155 -0.00760566 -0.00478582 0.0069391 -0.00794889 0.00418711 0.0022502 0.00692612 0.00907776 0.00204727 -0.00521108 0.00290106 -0.00242111 0.0053407 0.00655358
internal_weight=3937.38 1579.6 2357.78 1325.93 773.611 758.543 556.606 244.388 805.992 306.493 499.499 122.855 473.974 291.892 157.124 101.973 97.1548 182.083 63.8701 201.936 567.391 466.656 50.569 1031.84 597.652 434.191 175.715 161.857 156.709 149.301 139.24 65.6756 134.662 53.9811 33.4287 531.977 35.728 312.219 42.1763 25.5252 579.378 17.8952 63.3455 54.039 22.6226 93.2538 130.378 40.9795 89.3982 84.7969
internal_count=227418 24462 202956 134275 8410 80674 69420 32895 16052 6924 9128 3419 8206 6504 3859 3145 3105 1702 969 11254 53601 50065 4337 68681 32290 36391 13330 12946 12205 11197 10086 1926 9752 3822 2888 30364 2767 36525 2791 922 7587 337 1623 1160 777 2890 9080 2958 6122 5413
is_linear=0
shrinkage=0.0118628


Tree=61
num_leaves=51
num_cat=0
split_feature=21 25 9 5 24 22 11 0 24 24 4 25 17 15 3 22 13 6 0 14 13 5 17 6 5 14 14 11 2 19 21 1 24 10 16 5 11 5 6 16 7 4 6 18 1 3 15 6 24 3
split_gain=266.999 43.5642 35.6347 34.1208 31.8539 24.0212 25.8326 17.5418 14.2702 14.1379 17.1329 18.9722 16.7668 16.7885 13.6343 13.5628 14.8617 22.8201 12.8271 12.5731 21.2227 18.2378 15.1647 13.6729 13.0161 13.7308 13.8348 12.4874 12.3031 13.7065 12.1687 12.087 12.0607 12.0505 16.687 12.0456 15.5425 12.4481 16.3792 11.9906 13.1702 12.5991 11.9463 11.929 11.8976 11.8961 11.783 11.5667 11.5161 12.6743
threshold=2.5000000000000004 0.73798627002288331 0.96357285680355786 0.014858387799564251 6.4359085648148158 3.0714285714285716 185.50000000000003 13.500000000000002 154.72656250000003 43.622395833333336 2753.5000000000005 0.65108695652173931 58.90347962382446 108.00000000000001 110.50000000000001 46.757352941176478 383.50000000000006 58.178732743813221 1.0000000180025095e-35 342.50000000000006 768.50000000000011 0.011980034604559152 52.272160482100652 95.838233154129114 0.19304515322588908 142.50000000000003 315.50000000000006 703.50000000000011 191.50000000000003 0.65913502070787178 8.5000000000000018 3354.5000000000005 96.110532407407433 1562.5000000000002 0.0078201443248532027 0.0014637724357020501 158.50000000000003 0.0017219116406563004 80.890736456525943 0.035007002801120457 0.58450253441583477 3036.5000000000005 85.475422904609317 222.50000000000003 972.50000000000011 23.500000000000004 88.500000000000014 90.40073975051142 99.126012731481495 96.500000000000014
decision_type=2 10 8 2 2 10 2 2 2 2 2 10 2 2 2 10 2 10 2 2 2 2 2 8 2 2 2 2 2 2 2 2 2 10 2 2 2 2 10 2 2 2 10 2 2 2 2 10 2 2
left_child=2 9 3 5 -3 6 7 28 42 10 11 35 30 -14 -12 16 17 -5 -8 21 43 -4 -23 24 25 -24 31 -19 -1 -30 -11 -27 47 -22 -35 -2 -37 -38 -39 40 41 -20 -7 -21 -13 -17 -42 -6 -34 -50
right_child=1 4 19 15 32 8 18 -9 -10 12 14 44 13 -15 -16 45 -18 27 39 20 33 22 23 -25 -26 26 -28 -29 29 -31 -32 -33 48 34 -36 36 37 38 -40 -41 46 -43 -44 -45 -46 -47 -48 -49 49 -51
leaf_value=0.0032760785208873979 -0.013767653066677368 0.0096787820442273947 -0.0046960939366494439 -0.014668296732105924 0.0045000995171107843 0.00075272965439752678 0.009506041239169781 -0.011613150033103927 -0.0071073671509668031 -0.0097421862797204516 0.0026430433912875266 0.015362708124132613 0.0034204384226861691 -0.014213443909675074 -0.021176241611555013 -0.013455299567515403 -0.0034840177762220288 0.0090244564085317381 -0.001901221885978814 0.0072265711254046261 -0.00034012947781560446 0.011920239036714225 -0.015845428872370948 -0.018309743422408511 -0.020662388496836982 0.0027790360428344599 -0.012818233858896057 -0.011572522418857313 -0.013349961781186517 0.003407971752876421 0.010475540654286859 -0.017854722105665403 -0.025299223279937617 0.0072359628369782318 -0.011970402213823032 -0.017983824704164406 0.015180745695161006 -0.00066829099043655405 -0.017848332707947938 0.0036598699752242261 -0.01011368144140396 -0.0087387161387795197 -0.013005464546975464 -0.021402385685403428 -0.002765063899076456 0.0031105353927197597 0.010091877703988544 0.012240011288677195 -0.0004491525487347733 0.0105348733863977
leaf_weight=20.576825326075777 23.004843347705901 194.37473550625145 257.80427015549503 8.3322612131014449 433.74122432945296 131.9961079491768 8.6342522953636927 188.8476438857615 59.246589169371873 23.62772110383958 138.42608777526766 10.213274954818191 506.73660881933756 7.7131278309971085 3.4661552063189438 6.5191557426005593 415.5198703922797 38.163445788668469 129.7377512314124 63.972275141160935 498.18982478382532 14.374636718537657 6.9505548547022036 6.0353826726786783 4.2232320504263035 133.52772683696821 9.2594629193190467 4.6462970846332601 23.296135678538121 9.7399397133849543 5.0920296572148791 4.1180575666949144 2.3477554190903893 8.3043368686921877 27.268850180320442 9.6133928033523244 5.5450450610369435 48.705103673040867 9.3003021497279388 20.256773527944461 95.575661903480068 53.588892906322144 9.5218243622221035 2.1155898235738269 10.16621384443715 94.879047956317663 4.2414890278596422 28.986959411762655 95.987976775271818 17.474381175357848
leaf_count=934 962 823 23061 1546 4442 5667 181 29073 4970 957 2579 57 8591 239 201 352 45728 2249 14203 1623 27597 384 981 470 660 9080 1083 542 2335 553 31 672 67 311 2456 386 25 1421 398 1170 14488 6296 617 303 205 3184 187 168 2600 310
internal_value=-0.000268695 0.00351448 -0.00279329 -0.0040833 0.005524 -0.00573531 -0.00700831 -0.00991302 -0.00221937 0.00157689 -0.000707044 -0.00407718 0.00266359 0.00315605 0.00206113 -0.00188689 -0.00274132 0.00329295 -0.00475126 -0.00114574 -3.12798e-05 -0.00267799 0.000236899 -0.000786457 -0.000117388 0.000446601 0.00121746 0.00678892 -0.0039244 -0.00840928 -0.00615749 0.00216168 0.00412809 -0.000816429 -0.00748677 -0.00628047 -0.00392622 -0.00179962 -0.00342294 -0.00515701 -0.00578779 -0.00389993 -0.000172999 0.00631 0.00631986 0.00204543 -0.00925506 0.00498496 0.000704389 0.00124253
internal_weight=3933.99 1574.52 2359.46 1323.32 772.913 755.26 554.495 242.461 200.765 801.61 258.44 116.548 543.169 514.45 141.892 568.06 466.662 51.142 312.035 1036.14 599.851 436.293 178.489 164.114 158.079 153.856 146.905 42.8097 53.6129 33.0361 28.7198 137.646 578.538 533.763 35.5732 96.1687 73.1638 63.5505 58.0054 303.401 283.144 183.327 141.518 66.0879 20.3795 101.398 99.8172 462.728 115.81 113.462
internal_count=227418 24462 202956 134275 8410 80674 69420 32895 11254 16052 6234 3454 9818 8830 2780 53601 50065 4337 36525 68681 32290 36391 13330 12946 12476 11816 10835 2791 3822 2888 988 9752 7587 30364 2767 3192 2230 1844 1819 36344 35174 20499 6284 1926 262 3536 14675 4610 2977 2910
is_linear=0
shrinkage=0.0118628


Tree=62
num_leaves=51
num_cat=0
split_feature=21 25 9 5 24 22 11 0 24 22 13 6 3 16 7 24 17 5 15 20 9 19 21 22 22 6 18 17 0 16 18 7 2 18 16 5 0 6 4 4 15 0 1 4 13 25 0 2 0 10
split_gain=263.871 43.3178 35.4061 33.4373 30.5533 23.0051 25.392 17.1123 13.6682 12.9797 15.0971 21.9101 12.8853 27.5116 13.9838 16.3603 17.5067 15.2697 13.7023 17.4482 17.1964 21.9056 22.8557 13.9662 13.6419 16.1281 13.5043 13.1548 12.6831 21.0525 22.0194 16.5586 14.9771 14.544 18.0161 15.5348 14.8107 13.7895 12.9893 13.445 12.6398 12.5755 12.4986 12.3259 12.2506 12.6608 12.9657 12.9583 12.7367 12.4565
threshold=2.5000000000000004 0.73798627002288331 0.96357285680355786 0.014858387799564251 6.4359085648148158 3.0714285714285716 185.50000000000003 13.500000000000002 154.72656250000003 46.757352941176478 383.50000000000006 58.178732743813221 1.5000000000000002 0.017826756457703152 0.065635437364085822 39.79600694444445 88.247173580414838 0.0072059865187049507 95.500000000000014 364.50000000000006 0.95223731097953646 0.3513149704326175 4.5000000000000009 77.75500000000001 83.514705882352956 28.533247294767737 262.50000000000006 79.426443683949998 23.500000000000004 0.020519306228825352 162.50000000000003 0.12810324476962778 1040.0000000000002 342.50000000000006 0.023540068201193452 0.033503306354176109 30.500000000000004 75.388584194989775 1088.5000000000002 639.50000000000011 37.500000000000007 1.0000000180025095e-35 254.50000000000003 2319.5000000000005 267.50000000000006 0.12916666666666668 31.500000000000004 617.00000000000011 7.5000000000000009 690.50000000000011
decision_type=2 10 8 2 2 10 2 2 2 10 2 10 2 2 2 2 2 2 2 2 8 2 2 10 10 10 2 2 2 2 2 2 2 2 2 2 2 10 2 2 2 2 2 2 2 10 2 2 2 8
left_child=2 12 3 5 -3 6 7 -1 -7 10 11 -5 13 26 -14 44 17 -17 19 20 23 22 -22 40 25 -23 27 -2 32 -30 31 -31 42 34 36 -36 -32 -35 39 -38 -19 -8 -4 -40 -16 47 -47 -46 -49 -50
right_child=1 4 28 9 -6 8 41 -9 -10 -11 -12 -13 14 -15 15 16 -18 18 -20 -21 21 24 -24 -25 -26 -27 -28 -29 29 30 33 -33 -34 37 35 -37 38 -39 43 -41 -42 -43 -44 -45 45 46 -48 48 49 -51
leaf_value=-0.0039287105789878839 -0.0026793048740854472 0.0095736102096784358 -0.013198510680375633 -0.01471626748835874 0.0041363033783342329 -0.0002578025556816306 0.0092758611090263659 -0.011530550964625134 -0.0070613497723450947 0.0019319821685453271 -0.0034844184605219999 0.0066359729401052813 0.008165155531528653 -0.012932467206930802 0.012436136033406984 0.0054460594481305783 -0.018084120213304106 0.0057457309100650261 -0.017418395652841975 0.0064328689781190142 0.0064572215124875714 0.0090893898358495682 -0.025941295422664896 -0.012437471826635158 0.01195217856401865 -0.020443500426297855 0.01622066251160266 0.0068463221697970273 -0.0039801148234839918 -0.011278452634076066 -0.016749882981637015 0.0083798014098834736 -0.0045102313523286688 -0.020969510251500855 -0.0034252361029981884 -0.015009412951977896 0.0034902906884210177 0.014524863575196738 0.010131832632967068 -0.016326717806389186 -0.011534200082987984 -0.0051196750657525195 0.0018689945385633607 -0.0080876371970051986 -0.024409937524771184 -0.0044318325010800335 0.0049839085702622138 0.0037322247680058513 0.01130762719538028 -0.0085786393225419297
leaf_weight=53.584437081124634 81.849345853552222 194.44978075521067 7.9320691325701764 8.0051327629480493 576.93381623155437 141.44965457415674 8.7869295338168723 187.45549186086282 58.83893335191533 102.50681027537212 414.16580150020309 43.569300062721595 52.054789723828435 25.146183711010963 8.7622304139658791 220.99330496112816 5.4579236451536408 63.128033604472876 5.5742732663638881 65.402966433437541 20.694178382400427 2.973188588395721 3.5964329005219033 7.9957785522565237 2.5813764152117065 20.846307768020779 7.4328445573337367 27.175253647379577 374.07720158121083 6.7174381334334603 5.3707832742948076 58.884986116550863 69.941852416843176 1.7632052985718463 83.575031204149127 20.235226827207953 12.780047490145082 12.168247351073658 36.378987908246927 7.7327549546025685 6.5774195631965986 303.10873194166925 332.07692867272999 6.1015856205485752 4.6682563051581374 34.046512577100657 52.033991797827184 21.498154777567834 4.8300746427848926 53.835750873200595
leaf_count=3822 1700 823 455 1546 7587 6284 181 29073 4970 3536 45728 2791 622 706 88 3188 218 1411 231 1055 346 28 105 251 18 817 41 431 36294 554 361 2091 3960 252 7041 2324 1002 261 1422 940 297 36344 11033 691 268 842 878 480 83 1948
internal_value=-0.000265246 0.00350166 -0.00277502 -0.00406215 0.00550694 -0.00570115 -0.0069489 -0.00984063 -0.00225649 -0.00188962 -0.00273073 0.00332171 0.00156606 -0.00167992 0.00226508 0.00175785 0.0030245 0.00329858 0.000918184 0.00144564 -0.00109485 -0.00646987 0.00166005 0.00241177 -0.0139499 -0.0167571 0.000749832 -0.000304952 -0.00113281 -0.0021953 0.000457207 0.00636682 0.000489081 -0.00162594 -0.00256928 -0.00568332 0.00215938 0.0100322 0.00377165 -0.00398031 0.00411515 -0.0047141 0.00151747 0.00751488 -0.00124405 -0.00194542 0.0012598 -0.0051978 -0.0040789 -0.00694131
internal_weight=3927.75 1570.54 2357.21 1321.47 771.384 753.224 552.936 241.04 200.289 568.247 465.74 51.5744 799.155 141.604 657.551 605.496 425.821 420.363 199.37 193.796 128.393 50.6915 24.2906 77.7012 26.4009 23.8195 116.457 109.025 1035.74 625.785 251.708 65.6024 409.951 186.106 172.174 103.81 68.3642 13.9315 62.9934 20.5128 69.7055 311.896 340.009 42.4806 179.675 170.913 86.0805 84.8322 80.164 58.6658
internal_count=227418 24462 202956 134275 8410 80674 69420 32895 11254 53601 50065 4337 16052 2878 13174 12552 7965 7747 4559 4328 3273 1314 451 1959 863 845 2172 2131 68681 53233 16939 2645 15448 14294 13781 9365 4416 513 4055 1942 1708 36525 11488 2113 4587 4499 1720 2779 2511 2031
is_linear=0
shrinkage=0.0118628


Tree=63
num_leaves=51
num_cat=0
split_feature=21 21 9 5 22 11 0 11 24 24 11 0 22 18 20 18 6 5 17 1 0 10 19 6 9 0 16 19 1 13 11 22 8 4 7 16 24 11 22 14 13 5 17 22 18 11 7 17 24 14
split_gain=266.436 40.0024 36.4564 33.2203 21.8101 24.6988 16.6484 13.5548 13.1412 13.0816 12.84 19.2077 15.0474 13.5399 15.8756 12.7979 14.2 16.2404 15.5784 12.7785 12.5493 12.3737 12.2772 12.1137 14.613 12.0913 25.7161 12.582 12.0789 12.0132 11.9819 13.2756 22.5096 15.9149 11.7905 11.7238 11.2856 13.0688 13.2919 11.1905 26.5641 17.2697 16.3617 15.497 11.4541 11.0438 16.2916 18.9261 11.9604 11.0322
threshold=2.5000000000000004 13.500000000000002 0.96357285680355786 0.014858387799564251 3.0714285714285716 185.50000000000003 15.500000000000002 579.50000000000011 4.2200520833333339 6.4359085648148158 360.50000000000006 74.500000000000014 67.357142857142875 197.50000000000003 168.50000000000003 167.50000000000003 64.091128331417494 0.016180306869500952 63.721390374331556 1064.0000000000002 33.500000000000007 215.50000000000003 0.65913502070787178 68.059817570114049 0.9229693060453612 1.5000000000000002 0.0081008166439821023 0.54204871338314509 1448.5000000000002 914.50000000000011 53.500000000000007 66.414285714285725 7.2571485566914635 456.50000000000006 0.29710487317712247 0.045766830044824257 143.83651620370372 334.50000000000006 10.088235294117647 342.50000000000006 768.50000000000011 0.011980034604559152 52.272160482100652 49.585714285714296 222.50000000000003 392.50000000000006 0.50477089048755253 62.468034131020879 51.188657407407412 431.50000000000006
decision_type=2 2 8 2 10 2 2 2 2 2 2 2 10 2 2 2 10 2 2 2 2 10 2 10 10 2 2 2 2 2 2 10 10 2 2 2 2 2 10 2 2 2 2 10 2 2 2 2 2 2
left_child=2 8 3 4 5 6 21 36 -2 -3 11 12 35 15 20 16 -12 -18 -19 -7 28 -1 -23 24 29 26 -4 -28 -15 -17 -10 32 33 -32 -20 -5 -6 38 -38 41 44 -27 -43 -44 -41 -35 47 -47 -49 -42
right_child=1 9 25 10 7 19 -8 -9 30 -11 13 -13 -14 14 -16 23 17 18 34 -21 -22 22 -24 -25 -26 39 27 -29 -30 -31 31 -33 -34 45 -36 -37 37 -39 -40 40 49 42 43 -45 -46 46 -48 48 -50 -51
leaf_value=0.00273749220010485 0.0066366007600202536 0.011021797113666588 -0.019462215491479955 -0.003098490863193578 0.00084425193449277111 0.00046315878298819292 -0.011602956586080067 -0.010349635673653986 0.0067765423125430496 0.0056725369960189155 0.0065355109375219295 -0.0089720692967619666 0.0085843863228790805 0.007533211827765251 -0.011278211099032764 0.017299742591167375 0.010828869239626298 0.0037289805355620754 0.0026236577232667041 -0.0058449924974492556 0.0043585204121910697 -0.01270207615058973 0.0023234086224251829 0.0091675455580573651 -0.016567489651131379 -0.004870333857224283 0.010146364126561939 -0.0083741651430341082 -0.020553333016350501 -0.021116492823320929 -0.027611669243000844 0.0029370170666047032 -0.022108380821118635 0.001925655859343393 -0.017339369658342343 0.0092864645079987658 0.0016588696517434332 0.0021704587825613912 -0.014778900436437774 0.007713700825167499 -0.0053992438143838223 0.012036776338351226 -0.0028145222528553702 0.00700520969726899 -0.021112119795020888 -0.016406701766302073 -0.011388555029173089 -0.0054025971876645205 0.0060692057113184957 -0.00049362515434177865
leaf_weight=21.841620522085577 107.14944288972765 101.11981166433543 5.5481867939233771 274.03284572833218 120.50712034862954 54.856052282033488 179.79821130668279 25.98404432577081 78.518529816530645 176.85563553962857 23.758493812056258 66.900103828404099 17.953577434062026 3.2452490674331766 25.117667744867504 5.1028076922520977 7.6805686200968912 10.876043145544825 5.2422962612472501 256.47847383108456 31.233295032288879 27.203381725819781 10.648054406512527 50.665886386530474 6.3322448576800525 247.55185081658419 38.094086387194693 5.9708085795864454 6.411414350150153 1.4767795316874979 2.7968761164229354 718.17428658250719 6.2534144637174895 288.67745583620854 20.229020044207573 11.195102636702357 9.6637536842608807 18.963188011082821 24.405091169988737 62.980867362581193 75.958989299018867 14.612846260424702 128.76086861267686 27.434818777255714 2.0011916558723888 8.5303546763025206 23.218748747603968 18.598171229008585 40.947685030056164 428.12824296497274
leaf_count=1051 1017 253 302 27695 4918 5186 28459 2143 922 1026 1451 9928 418 124 2762 150 378 610 353 31339 2334 2738 647 2363 921 22761 526 314 797 169 127 11872 278 6102 2819 329 778 1185 2230 1572 6343 383 12081 678 299 453 966 580 866 23422
internal_value=-0.000248039 0.00353587 -0.00277216 -0.00408154 -0.00571947 -0.0069367 -0.00980078 -0.00235904 0.00265808 0.00761846 -0.00191568 -0.00321884 -0.00194932 0.000527808 -0.0038554 0.00273028 -0.000855623 -0.00484407 -0.00815599 -0.00473352 0.000704305 -0.00437253 -0.00847525 0.00655354 -0.00370375 -0.00110829 0.00460621 0.00763678 -0.0111145 0.00867663 0.00229855 0.00198098 0.000216047 0.000580787 -0.0132308 -0.00261237 -0.00116259 -0.00572281 -0.0101163 -0.00139542 -0.000312609 -0.00286829 3.32732e-05 -0.00108973 0.00682587 0.000788329 -0.00280793 0.000118707 0.00248617 -0.00123284
internal_weight=3925.69 1570.84 2354.85 1317.8 750.349 550.826 239.491 199.523 1292.86 277.975 567.453 370.082 303.182 197.372 66.0076 131.364 67.7864 44.0279 36.3474 311.335 40.89 59.6931 37.8514 63.5777 12.9118 1037.04 49.6131 44.0649 9.65666 6.57959 1185.72 1107.2 389.023 382.769 25.4713 285.228 173.539 53.032 34.0688 987.43 569.069 418.36 170.809 156.196 64.9821 379.972 91.295 68.0762 59.5459 504.087
internal_count=227418 24462 202956 134275 80674 69420 32895 11254 23183 1279 53601 38370 28442 15231 6017 9214 5611 4160 3782 36525 3255 4436 3385 3603 1240 68681 1142 840 921 319 22166 21244 9372 9094 3172 28024 9111 4193 3008 67539 31636 35903 13142 12759 1871 8967 2865 1899 1446 29765
is_linear=0
shrinkage=0.0118628


Tree=64
num_leaves=51
num_cat=0
split_feature=21 21 9 5 22 11 0 24 0 11 0 22 18 20 24 25 24 6 11 13 13 18 3 24 24 1 25 22 4 9 11 9 13 0 16 17 17 5 15 19 0 15 22 8 0 11 2 20 18 15
split_gain=259.032 39.2918 34.4227 32.9533 22.1977 24.3187 17.0155 13.4328 12.9762 12.9532 18.5508 15.44 13.2694 15.5112 12.8565 12.6537 14.0847 14.1781 13.1971 15.739 22.8002 15.5782 14.0052 12.8231 20.912 17.8395 17.1054 15.1934 13.7464 13.1525 13.6334 18.1293 12.6613 12.6245 20.3815 12.5875 24.6176 12.5384 14.0139 12.4709 14.3719 14.4674 17.6038 12.3297 12.1337 13.1848 19.1305 11.8595 13.0012 11.7701
threshold=2.5000000000000004 13.500000000000002 0.96357285680355786 0.014858387799564251 3.0714285714285716 185.50000000000003 13.500000000000002 154.72656250000003 1.0000000180025095e-35 360.50000000000006 74.500000000000014 67.357142857142875 197.50000000000003 168.50000000000003 6.4359085648148158 0.73798627002288331 10.88151041666667 90.40073975051142 312.50000000000006 479.50000000000006 540.50000000000011 267.50000000000006 117.50000000000001 49.347800925925931 68.369212962962976 2689.0000000000005 0.65108695652173931 42.062500000000007 4547.0000000000009 0.97985439156917631 389.50000000000006 0.967726163197835 267.50000000000006 1.5000000000000002 0.0081008166439821023 65.133726755249896 64.062232899865805 0.013023099390691002 38.500000000000007 0.23200956026256084 15.500000000000002 9.5000000000000018 83.759615384615401 7.2798353088724221 3.5000000000000004 561.50000000000011 569.50000000000011 381.50000000000006 187.50000000000003 41.500000000000007
decision_type=2 2 8 2 10 2 2 2 2 2 2 10 2 2 2 10 2 10 2 2 2 2 2 2 2 2 10 10 2 10 2 10 2 2 2 2 2 2 2 2 2 2 10 10 2 2 2 2 2 2
left_child=2 15 3 4 5 6 -1 -6 -7 10 11 -5 -11 -14 -3 23 -17 18 35 -20 -21 22 37 25 27 26 32 -25 43 30 -26 -32 -2 34 -4 36 -18 38 -22 -33 -41 -42 -43 47 -34 46 -46 -27 -49 -37
right_child=1 14 33 9 7 8 -8 -9 -10 12 -12 -13 13 -15 -16 16 17 -19 19 20 21 -23 -24 24 29 28 -28 -29 -30 -31 31 39 44 -35 -36 49 -38 -39 -40 40 41 42 -44 -45 45 -47 -48 48 -50 -51
leaf_value=-0.0038283744150025677 0.012114520780779438 0.010939032830629636 -0.018762020438807057 -0.002596844944325106 -0.00026858910799495278 0.0093919323408681293 -0.01143329940890845 -0.0070676816345238841 -0.0050995773569246106 0.0027417443204733349 -0.0088501682420123011 0.0086402112140372411 0.00070399686584530043 -0.011213361969144204 0.005624321677582156 0.0075158264522633958 0.0028114108252773901 0.011200222838643659 -0.023600937649757632 0.014622786896896016 0.0006167403458743648 0.0084850578454554078 0.0068597585735029392 -0.0091156388826024275 0.0030150578649192385 0.0032290732490063943 0.0062001620033420406 0.006760773181892582 -0.01712570327027953 0.010341297062189666 -0.0052782301902037062 -0.015815712954302685 0.0025048198737929427 -0.0013997498544522954 0.00721054239835499 0.003772580614829719 -0.016930286899940625 -0.014456829887158063 -0.015104438101575917 0.011084771960638862 0.011027262992306889 -0.014779326857736145 0.016560105516287293 0.011186267451789017 -0.02120955442281721 -0.017238491237135591 -0.0031815218714875289 -0.011655337287571755 0.0058773463047995444 0.011730322867498276
leaf_weight=53.403906869003549 5.438271998660638 100.57493266183883 4.697940975893288 284.87163430894725 141.04964660352562 8.953582860529421 184.24129257630557 57.586568380473182 301.29167625878472 133.40085437055677 66.185150875709951 18.313320875633508 40.866326412418857 24.633637236431241 176.39205938531086 127.06639749370515 118.2401380832307 27.172667445149273 4.2088057063519946 12.81252139713615 33.203310697339475 15.74700001394376 12.797383744269608 8.9082055836915952 137.538821042981 115.70868309005164 20.964143028482795 177.38132170261815 4.9861958385445169 19.691912965849042 95.250084569212049 4.4076329800300291 17.552575631765649 985.50793289556168 44.749762256396934 69.094875420443714 9.6111266077496094 20.230422305874527 10.503036548383532 26.077503345441073 8.2587498552165943 12.38895913492888 3.1667783856391898 21.74622783344239 9.7253960445523244 18.319504352752119 55.850340740988031 17.216297064675022 9.0965711125172657 42.089200510177761
leaf_count=3822 65 253 302 28024 6284 181 29073 4970 36344 9214 9928 418 3255 2762 1026 899 2051 259 179 87 634 189 154 320 2993 2125 278 1531 147 185 3141 169 355 67539 840 1146 292 663 293 216 117 414 10 212 405 781 1742 595 163 373
internal_value=-0.000232163 0.00349954 -0.0027246 -0.00399848 -0.00563704 -0.00686872 -0.00972432 -0.00223972 -0.00468135 -0.00184594 -0.00316021 -0.00191808 0.000594729 -0.00377799 0.00755426 0.00263063 0.00410167 0.00294699 0.00230354 -0.00110696 -0.000207762 -0.00226246 -0.00446804 0.00169404 0.00286648 -0.000255023 -0.00359747 0.00600156 0.00227726 0.000962731 0.000319427 -0.00215971 -0.00551915 -0.00110627 0.00474282 0.0038659 0.0013273 -0.0067354 -0.00316129 0.00331067 0.00500046 -0.0016621 -0.00839914 0.00286805 -0.00646447 -0.00834102 -0.00585532 0.00159435 -0.00559415 0.00678504
internal_weight=3919.17 1569.42 2349.75 1314.8 746.527 547.89 237.645 198.636 310.245 568.271 369.37 303.185 198.901 65.5 276.967 1292.45 502.777 375.71 348.538 109.502 105.294 92.4812 76.7342 789.674 493.07 296.604 127.85 186.29 168.754 306.78 287.089 149.55 106.886 1034.96 49.4477 239.035 127.851 63.9368 43.7063 54.2996 49.892 23.8145 15.5557 163.768 101.448 83.8952 65.5757 142.022 26.3129 111.184
internal_count=227418 24462 202956 134275 80674 69420 32895 11254 36525 53601 38370 28442 15231 6017 1279 23183 7219 6320 6061 2199 2020 1933 1744 15964 9096 6868 3626 1851 3242 7245 7060 4067 3348 68681 1142 3862 2343 1590 927 926 757 541 424 3095 3283 2928 2147 2883 758 1519
is_linear=0
shrinkage=0.0118628


Tree=65
num_leaves=51
num_cat=0
split_feature=21 21 9 5 22 11 0 11 11 0 22 18 20 0 24 25 17 18 22 14 20 6 19 24 25 17 24 6 11 13 13 18 7 7 21 22 0 19 17 17 0 16 17 15 13 18 14 13 22 6
split_gain=256.205 38.086 34.0057 33.1527 21.2463 23.5281 16.9199 13.1914 12.8607 17.7382 14.8112 12.8257 14.7263 12.626 12.511 12.3269 13.1981 13.8441 18.4647 14.4748 14.5181 18.7895 21.8004 14.5723 13.137 13.0268 13.024 13.5471 13.1955 15.5088 21.3254 15.6525 14.2022 16.4413 12.7241 12.7191 12.4314 12.8472 12.3513 21.1597 12.1472 16.9929 11.8693 11.5736 16.2687 11.5064 12.6144 26.8817 15.5459 21.2045
threshold=2.5000000000000004 13.500000000000002 0.96357285680355786 0.014858387799564251 3.0714285714285716 185.50000000000003 13.500000000000002 579.50000000000011 360.50000000000006 74.500000000000014 67.357142857142875 197.50000000000003 168.50000000000003 1.0000000180025095e-35 6.4359085648148158 0.73798627002288331 58.778279440378029 177.50000000000003 84.178571428571445 900.50000000000011 443.50000000000006 76.85053517092912 0.065245771370189568 49.88353587962964 0.087121212121212113 87.913657761277349 10.88151041666667 90.40073975051142 312.50000000000006 479.50000000000006 540.50000000000011 267.50000000000006 0.62150267176425877 0.40147202863639991 5.5000000000000009 40.033333333333339 47.500000000000007 0.49016860720243888 65.133726755249896 64.062232899865805 1.5000000000000002 0.0081008166439821023 63.361053000375755 41.500000000000007 664.50000000000011 342.50000000000006 342.50000000000006 768.50000000000011 51.486842105263165 88.141145668364672
decision_type=2 2 8 2 10 2 2 2 2 2 10 2 2 2 2 10 2 2 10 2 2 10 2 2 10 2 2 10 2 2 2 2 2 2 2 10 2 2 2 2 2 2 2 2 2 2 2 2 10 10
left_child=2 15 3 4 5 6 -1 -6 9 10 -5 -10 -13 -7 -3 16 34 18 19 20 21 25 -23 -22 -21 35 -17 28 38 -30 -31 32 33 -32 -2 -18 37 -34 39 -28 41 -4 -26 44 -40 46 48 -48 -42 -50
right_child=1 14 40 8 7 13 -8 -9 11 -11 -12 12 -14 -15 -16 26 17 -19 -20 24 23 22 -24 -25 42 -27 27 -29 29 30 31 -33 36 -35 -36 -37 -38 -39 43 -41 45 -43 -44 -45 -46 -47 47 -49 49 -51
leaf_value=-0.0037770703642345145 -0.0095906366832747905 0.010830242946149394 -0.018091905806314999 -0.0025909264944530071 -0.0011205969113199422 0.0092346199035888178 -0.011367968333250001 -0.010208320138098692 0.0026833525153539036 -0.0087298424633599717 0.0083783963726017426 0.00060516015751626011 -0.011065733204721127 -0.0050922745804227358 0.005577911727576235 0.0073573561802070444 -0.0065627589239177263 0.0038703120293655472 0.011999836073445902 -0.011473825144404174 -0.0082429144164062901 0.0093563526004720073 -0.0065763103262793006 0.012158857283010535 -0.022429092991332798 -0.014816916760050654 0.0026868642556231201 0.011022156261584882 -0.023471816991127298 0.014132017387947733 -0.0018142069467861517 0.0085437669373371258 0.0050558838140378386 -0.018117368990925597 0.0029901877031847709 0.003730936414630666 0.0070643294690629962 -0.013755298101919096 0.010299902431814122 -0.016274204711627757 -0.0040009025120662095 0.0067239496079196286 0.0022329320153531809 0.011555863657900295 -0.001312051141270604 0.0079054006874536772 0.0067291726187844918 -0.0013550436853352233 0.005654281758285265 -0.021207460420748368
leaf_weight=53.39775651996024 27.480960559099913 100.06982859782875 4.2440504208207122 284.93671721988358 172.98819640406873 8.912593968678264 182.73293730034493 25.83424961194396 135.25118599657435 65.53368914918974 18.443133559310809 41.042270533042029 24.17660122551024 300.68395943322685 176.18669520760886 127.43094303039834 18.661616063676775 336.47082258481532 19.123445867560804 26.905791432596743 6.0173078239895395 14.226019973400978 80.305780863855034 27.179718552622944 3.0419632494449642 6.1215762007050207 118.60921579762362 27.26049138000235 4.1900194589979938 12.820609102956949 17.311763982288539 15.776860108599065 8.6693583438172954 17.50893176952377 19.228754377923906 178.13265392254107 19.747035596054047 12.440429789014159 30.052443448454142 8.9038474573753756 360.07824796822388 45.623483289498836 28.220602717250586 43.407998711336404 39.030302974628285 18.394977574469522 65.549139072420076 494.93079747958109 44.161157463211566 4.5625015471596262
leaf_count=3822 1240 253 302 28024 9111 181 29073 2143 9214 9928 418 3255 2762 36344 1026 899 725 5992 152 922 223 211 2167 256 123 258 2051 259 179 87 299 189 153 552 251 2931 336 404 316 292 34070 840 513 373 830 775 1871 29372 1168 283
internal_value=-0.000228037 0.00348195 -0.00270591 -0.00397359 -0.00562142 -0.00683098 -0.0096514 -0.00230144 -0.0018188 -0.00313305 -0.00192407 0.000599736 -0.00372127 -0.00467983 0.0074805 0.00262848 0.0017052 0.00208902 0.000619779 6.00508e-05 0.00102008 0.000189646 -0.00417859 0.00846078 -0.00539701 0.00222467 0.00408014 0.00296865 0.00233862 -0.00109522 -0.000196006 -0.00220464 -0.00444544 -0.010012 -0.00441157 0.0027548 0.000298808 -0.00602997 0.00389048 0.00136283 -0.00110054 0.00461185 -0.000166989 0.00675566 0.00373942 -0.00138896 -0.00156535 -0.000409576 -0.00314994 0.00313881
internal_weight=3922.01 1570.53 2351.48 1313.93 744.55 545.727 236.131 198.822 569.384 368.914 303.38 200.47 65.2189 309.597 276.257 1294.28 791.117 744.407 407.936 388.813 330.645 297.448 94.5318 33.197 58.1684 202.916 503.16 375.729 348.469 108.465 104.275 91.4544 75.6775 34.8207 46.7097 196.794 40.8568 21.1098 240.004 127.513 1037.54 49.8675 31.2626 112.491 69.0827 987.677 969.282 560.48 408.802 48.7237
internal_count=227418 24462 202956 134275 80674 69420 32895 11254 53601 38370 28442 15231 6017 36525 1279 23183 15964 14473 8481 8329 6771 6292 2378 479 1558 3914 7219 6320 6061 2199 2020 1933 1744 851 1491 3656 893 557 3862 2343 68681 1142 636 1519 1146 67539 66764 31243 35521 1451
is_linear=0
shrinkage=0.0118628


Tree=66
num_leaves=51
num_cat=0
split_feature=21 25 9 5 24 22 11 0 16 22 11 0 16 1 16 17 16 7 18 19 17 24 1 24 16 13 20 16 9 21 5 22 15 19 5 14 17 22 11 7 24 3 0 10 19 0 18 6 14 13
split_gain=256.034 39.8578 34.6636 32.7253 26.3713 20.787 23.5343 16.3106 12.5702 12.764 12.4191 12.4182 14.9999 12.2577 13.9575 15.7524 13.5668 13.151 12.2029 11.9086 11.8884 13.0555 17.6704 16.5357 14.2652 18.1685 15.6836 13.3411 13.0831 12.4384 12.3965 12.2689 12.2321 11.8742 11.9451 11.8216 11.6459 11.6041 11.5136 15.6893 11.1917 12.2036 13.696 11.1415 14.1835 11.1239 11.0808 13.4821 11.7899 26.0123
threshold=2.5000000000000004 0.73798627002288331 0.96357285680355786 0.014858387799564251 6.4359085648148158 3.0714285714285716 185.50000000000003 13.500000000000002 0.036663123773868204 33.775000000000006 579.50000000000011 1.5000000000000002 0.0081008166439821023 772.50000000000011 0.0052840250729432004 64.48810831378519 0.030329062402297352 0.69807549912242217 182.50000000000003 0.54204871338314509 58.778279440378029 49.347800925925931 2588.5000000000005 68.369212962962976 0.019798060566151601 1763.5000000000002 146.50000000000003 0.0030018765952749007 0.97985439156917631 5.5000000000000009 0.034958716485088706 42.062500000000007 30.500000000000004 0.3797898154151253 0.072987983792091607 545.50000000000011 65.5014821956362 84.607692307692318 533.50000000000011 0.034490816359286462 96.110532407407433 96.500000000000014 64.500000000000014 215.50000000000003 0.65913502070787178 90.500000000000014 342.50000000000006 63.301884899084833 342.50000000000006 768.50000000000011
decision_type=2 10 8 2 2 10 2 2 2 10 2 2 2 2 2 2 2 2 2 2 2 2 2 2 2 2 2 2 10 2 2 10 2 2 2 2 2 10 2 2 2 2 2 10 2 2 2 10 2 2
left_child=2 20 3 5 -3 6 7 43 9 -5 -7 12 -4 14 -8 -16 17 -15 -10 -14 29 22 24 31 32 26 -26 -25 30 -2 38 -23 -22 -11 -35 -31 -20 -24 -29 -40 45 42 -42 -1 -45 -6 48 -48 -13 -50
right_child=1 4 11 8 40 10 13 -9 18 33 -12 46 19 16 15 -17 -18 -19 36 -21 21 23 37 27 25 -27 -28 28 -30 35 -32 -33 -34 34 -36 -37 -38 -39 39 -41 41 -43 -44 44 -46 -47 47 -49 49 -51
leaf_value=0.0031044213712226542 -0.0094615673253524765 0.0092433753003269472 -0.017696072114729382 -0.0033058269925933912 0.0044355027909484552 -0.0011770665314769233 -0.020400333480631038 -0.011332806795244505 0.0084578635022443203 -0.0063344764861435971 -0.010048327790667283 -0.003072081643052788 0.0088178888303041113 -0.0049284175844074973 -0.015888090954752854 0.0092888835238028669 0.0015722760227865392 -0.011514118876487168 -0.011407513778330112 -0.0085656716763855573 -0.0051364940460500268 -0.0085689338103222719 0.0017331043647715689 -0.010527683391848135 0.0010537438262151768 0.0091793029042566993 -0.021783140221984732 0.0037311593562152127 0.011391602402729288 0.0077698867024995162 -0.010295454681530859 0.0066478492193027018 -0.019938128300856301 0.0040295965408171028 -0.023184481633684442 -0.013981181287630077 0.0098397115207155272 0.017825345523642382 -0.025299434050677347 -0.00054096491394000051 0.0010041808968963689 0.009466255623786236 -0.011616043224240414 -0.013271764763389732 0.0034356229653324443 0.011058451150212424 -0.021877845445486446 0.010976546017887633 0.0065373434255338618 -0.0013603406197165286
leaf_weight=20.081964742275886 26.656488088192418 192.23329290561378 3.9138538313563904 413.90842016693205 418.06436973041855 172.63579165167175 3.3188709993846741 181.48452930746134 30.667935376986861 22.852011861745268 25.485160889918916 407.95659281290136 40.992326888721436 190.06433436938096 4.1372477607801583 22.593338104896247 34.166761359549128 55.023593546589836 10.784386007348077 6.4130109339021137 58.193471196573228 7.7868354506790629 163.27969272411428 12.501613938249646 12.37734390795231 21.67705837264657 6.4304122447501859 163.21754410862923 19.417477472685277 15.64966816082597 12.362208846025167 175.58786538569257 9.0831320281140489 83.403305862098932 2.332893173210322 4.5350276613607994 5.472059416351839 6.5589243536815038 3.7645195680670431 83.201530964812264 82.406418173341081 19.377113664057106 14.183903799392281 23.001727057620883 10.375980451353824 39.019311795011163 1.9588702925248096 17.090641355258413 66.61507227551192 493.18815243861172
leaf_count=919 1240 823 302 47253 4361 9111 420 29073 916 1181 2143 35521 526 23044 688 962 2420 8991 1052 314 1834 274 3176 491 232 298 307 3113 155 147 522 1430 441 2742 259 109 198 29 143 2111 2042 321 614 2337 566 249 232 543 1871 29372
internal_value=-0.000208673 0.0035045 -0.00268562 -0.00396733 0.00544128 -0.00560831 -0.00680599 -0.00963639 -0.00182795 -0.00235615 -0.00231823 -0.00106604 0.00462335 -0.00465603 0.00254307 0.00539195 -0.0054307 -0.00640696 0.00405347 0.00646619 0.00165702 0.0020166 -2.94404e-05 0.00320525 -0.00378683 0.00177706 -0.00675448 0.0014638 0.00199549 -0.00414219 0.00130056 0.00600167 -0.00713498 0.00126377 0.00328901 0.00288278 -0.00425546 0.0023546 0.00187356 -0.00161278 0.00416584 0.00087454 -0.000849082 -0.00387738 -0.00807803 0.00500088 -0.00136192 0.00759779 -0.00153829 -0.000420534
internal_weight=3917.48 1567.57 2349.92 1311.79 765.284 742.369 544.248 234.944 569.421 522.497 198.121 1038.13 51.3192 309.304 30.0495 26.7306 279.255 245.088 46.9244 47.4053 802.281 755.44 277.6 477.84 107.761 40.4848 18.8078 294.465 281.963 46.8412 262.546 183.375 67.2766 108.588 85.7362 20.1847 16.2564 169.839 250.184 86.9661 573.051 115.967 96.5903 53.4597 33.3777 457.084 986.809 19.0495 967.76 559.803
internal_count=227418 24462 202956 134275 8410 80674 69420 32895 53601 51435 11254 68681 1142 36525 2070 1650 34455 32035 2166 840 16052 14556 6317 8239 3112 837 539 6535 6044 1496 5889 1704 2275 4182 3001 256 1250 3205 5367 2254 7587 2977 2656 3822 2903 4610 67539 775 66764 31243
is_linear=0
shrinkage=0.0118628


end of trees

feature_importances:
days_before_test=297
elsa_rank=243
item_like_rate=203
user_avg_played_ratio=199
user_organic_ratio=196
entropy_norm=195
mean_played_ratio=176
user_like_rate=168
ui_n_events=167
matrix_popularity=162
matrix_n_positive=145
item_avg_played_ratio=138
item_organic_ratio=133
item_n_events=120
item_n_likes=108
n_listens=89
n_unique_users=87
entropy=83
user_n_likes=82
n_items=80
avg_track_length=80
user_n_events=77
organic_ratio_ui=76
n_unique_items=46

parameters:
[boosting: gbdt]
[objective: lambdarank]
[metric: ndcg]
[tree_learner: serial]
[device_type: cpu]
[data_sample_strategy: bagging]
[data: ]
[valid: ]
[num_iterations: 500]
[learning_rate: 0.0118628]
[num_leaves: 51]
[num_threads: 0]
[seed: 42]
[deterministic: 0]
[force_col_wise: 0]
[force_row_wise: 0]
[histogram_pool_size: -1]
[max_depth: -1]
[min_data_in_leaf: 53]
[min_sum_hessian_in_leaf: 0.001]
[bagging_fraction: 0.642]
[pos_bagging_fraction: 1]
[neg_bagging_fraction: 1]
[bagging_freq: 10]
[bagging_seed: 400]
[bagging_by_query: 0]
[feature_fraction: 0.997794]
[feature_fraction_bynode: 1]
[feature_fraction_seed: 30056]
[extra_trees: 0]
[extra_seed: 12879]
[early_stopping_round: 0]
[early_stopping_min_delta: 0]
[first_metric_only: 0]
[max_delta_step: 0]
[lambda_l1: 2.27317e-06]
[lambda_l2: 0.000336558]
[linear_lambda: 0]
[min_gain_to_split: 0]
[drop_rate: 0.1]
[max_drop: 50]
[skip_drop: 0.5]
[xgboost_dart_mode: 0]
[uniform_drop: 0]
[drop_seed: 17869]
[top_rate: 0.2]
[other_rate: 0.1]
[min_data_per_group: 100]
[max_cat_threshold: 32]
[cat_l2: 10]
[cat_smooth: 10]
[max_cat_to_onehot: 4]
[top_k: 20]
[monotone_constraints: ]
[monotone_constraints_method: basic]
[monotone_penalty: 0]
[feature_contri: ]
[forcedsplits_filename: ]
[refit_decay_rate: 0.9]
[cegb_tradeoff: 1]
[cegb_penalty_split: 0]
[cegb_penalty_feature_lazy: ]
[cegb_penalty_feature_coupled: ]
[path_smooth: 0]
[interaction_constraints: ]
[verbosity: -1]
[saved_feature_importance_type: 0]
[use_quantized_grad: 0]
[num_grad_quant_bins: 4]
[quant_train_renew_leaf: 0]
[stochastic_rounding: 1]
[linear_tree: 0]
[max_bin: 255]
[max_bin_by_feature: ]
[min_data_in_bin: 3]
[bin_construct_sample_cnt: 200000]
[data_random_seed: 175]
[is_enable_sparse: 1]
[enable_bundle: 1]
[use_missing: 1]
[zero_as_missing: 0]
[feature_pre_filter: 1]
[pre_partition: 0]
[two_round: 0]
[header: 0]
[label_column: ]
[weight_column: ]
[group_column: ]
[ignore_column: ]
[categorical_feature: ]
[forcedbins_filename: ]
[precise_float_parser: 0]
[parser_config_file: ]
[objective_seed: 16083]
[num_class: 1]
[is_unbalance: 0]
[scale_pos_weight: 1]
[sigmoid: 1]
[boost_from_average: 1]
[reg_sqrt: 0]
[alpha: 0.9]
[fair_c: 1]
[poisson_max_delta_step: 0.7]
[tweedie_variance_power: 1.5]
[lambdarank_truncation_level: 30]
[lambdarank_norm: 1]
[label_gain: ]
[lambdarank_position_bias_regularization: 0]
[eval_at: 10,20,50,100]
[multi_error_top_k: 1]
[auc_mu_weights: ]
[num_machines: 1]
[local_listen_port: 12400]
[time_out: 120]
[machine_list_filename: ]
[machines: ]
[gpu_platform_id: -1]
[gpu_device_id: -1]
[gpu_use_dp: 0]
[num_gpu: 1]

end of parameters

pandas_categorical:[]
