,uid,entropy,n_items,entropy_norm
0,100,5.907141755404972,491,0.9533115499110424
1,300,4.944389053015727,174,0.958390396351928
2,600,6.611230943624968,949,0.9643817222053233
3,700,6.730655226404071,1162,0.9536345362444012
4,800,6.874831307112027,1321,0.9566787161211909
5,900,4.399949866072568,128,0.9068265502775646
6,1000,6.55550295897005,745,0.9912478607777468
7,1100,7.033843527932234,1345,0.9763600451351035
8,1400,6.755846788276406,1046,0.9716827929850719
9,1500,5.494515133874037,266,0.9840635383303267
10,1600,6.974625054281142,1390,0.9637374835694656
11,1700,6.807469507994443,1036,0.980462260844034
12,1900,7.22486404836553,1724,0.9694677784315382
13,2000,6.019662129382458,460,0.9818039081916076
14,2100,6.2298976802616455,563,0.9836763961252075
15,2200,6.508641255856048,827,0.9688643167428515
16,2300,6.248291935347439,883,0.9211252225960088
17,2500,6.671217157751621,900,0.9807159669297723
18,2600,5.3665845831549674,271,0.9579562224123358
19,2700,4.832723931722732,260,0.8690884054155334
20,2800,6.722431031190877,1243,0.9434616063465878
21,2900,5.231513709497885,340,0.8975060075517977
22,3000,5.287990829225523,329,0.912342674385403
23,3200,4.477360905611474,113,0.9471109791096068
24,3400,5.624765823894483,367,0.9524845333139873
25,3600,5.240004690030627,337,0.9003316194522653
26,3700,6.381324458114368,1103,0.9108644922901669
27,3900,5.921514410596974,905,0.8697959747803926
28,4100,6.467192207068381,942,0.9443906579742609
29,4200,5.3073380826863845,434,0.8739172013123655
30,4300,5.926652754359431,543,0.941170377271076
31,4400,5.571608111951635,308,0.9723405041753581
32,4600,6.660926221088161,1042,0.9585587479549331
33,4800,5.167549041380596,191,0.9838690068545148
34,4900,6.033587875861443,701,0.9208058929314787
35,5000,6.994830527812859,1434,0.9623852360403918
36,5100,4.841907469986346,195,0.918245377457452
37,5200,5.771565908684721,450,0.9447261435217776
38,5500,5.732317573732152,434,0.9438951981242593
39,5700,2.963768079110427,80,0.6763464319588729
40,5900,5.346650048790632,481,0.8657326679721651
41,6300,5.968411323019658,596,0.9339885043422922
42,6500,5.132415590306043,338,0.8813970699230272
43,6600,5.73295343444013,446,0.9397792934321435
44,6700,3.9605425942517187,113,0.837786690267883
45,6800,5.629468450802971,341,0.9652918200479873
46,6900,4.374631378355772,148,0.8754143587862063
47,7000,5.092075588180399,187,0.9734218807412592
48,7100,6.523926131857522,1133,0.9276659593504111
49,7200,7.051296404334082,1429,0.9706205504721711
50,7300,6.060917750150223,447,0.9931764941183685
51,7400,6.013556759013474,1042,0.8653972805503
52,7500,6.393000064937792,885,0.9421439084411563
53,7700,6.7400206101981155,1239,0.9463583179893684
54,7800,7.118931101566885,1336,0.9890927464204282
55,7900,6.678355217527997,1028,0.9629413842436078
56,8000,7.072735757872613,1538,0.9638193273693901
57,8200,5.8069958507636,461,0.9467828127336775
58,8300,6.328524260294039,772,0.9518031231205758
59,8700,4.914202079540799,530,0.7834048195768066
60,8900,6.408969374122346,722,0.973707823789991
61,9000,4.327526495672967,401,0.7219810384428138
62,9100,6.460112327196436,733,0.9792283843828057
63,9200,5.732244597309414,395,0.9587479712290862
64,9300,4.655105732747815,158,0.9195097973231505
65,9600,6.8987772406315955,1685,0.9285628759396805
66,9800,6.044653417709679,597,0.945671433230052
67,9900,6.481026630199947,711,0.9869575038927502
68,10000,7.021386101349934,1291,0.9802062156597141
69,10300,6.457377868068403,680,0.9900775821343871
70,10400,5.999848890012159,509,0.962679331472852
71,10500,6.531858407941165,757,0.9852919742411572
72,10600,5.544722678115974,278,0.985269364461479
73,10700,5.707376839892698,457,0.9318647962077627
74,10800,6.766070246329514,1210,0.9531857132983113
75,10900,5.9643133232629,986,0.8651886628031221
76,11100,6.268680202580377,635,0.971342494126317
77,11200,4.588183808474824,239,0.837800482915038
78,11300,4.363761019165685,111,0.9265809608673284
79,11400,5.378514852597132,376,0.907063663692942
80,11500,6.156562250875183,480,0.9972101636278153
81,11600,5.765941021562298,320,0.9995874060695982
82,11700,6.51473198052226,778,0.9786690134947887
83,11800,6.166249059928236,566,0.9728102137242709
84,11900,5.910013501696271,827,0.8797536948453112
85,12000,6.624425954320058,953,0.9657139719011258
86,12100,5.527727395770656,398,0.9233728744323264
87,12300,5.749991241035119,339,0.9869535075618961
88,12400,5.780276493536915,617,0.8996722691201798
89,12600,6.488889172826466,811,0.9687413403588254
90,12800,6.816943301714678,1277,0.9531161983606038
91,12900,5.409337587385547,538,0.8602829620974118
92,13000,6.775838546399823,1008,0.9797729184415008
93,13100,4.411490886719541,147,0.8839896762471057
94,13200,6.264928092964604,701,0.9561114921144898
95,13300,5.434146841102755,440,0.8927793593339347
96,13500,7.174860863927199,1454,0.9852771615339119
97,13700,5.617873595476002,531,0.8953126152765358
98,14000,6.2063676720680006,868,0.9172615754621058
99,14100,5.238447483893654,265,0.938835328459251
100,14200,6.582448341691238,871,0.9723480745656362
101,14400,7.23341664048842,1797,0.9652439779171503
102,14500,5.651936219319506,453,0.924139292086208
103,14600,5.108741452302079,383,0.8588956624489895
104,14700,4.101852593345269,170,0.798678656030193
105,14800,5.572154032177764,263,0.9999999999999999
106,15100,5.75254546815514,365,0.9750246696516037
107,15200,6.436224745294632,1050,0.9252041545463962
108,15400,6.498993622196206,706,0.9907583580587872
109,15500,5.50751935000403,1043,0.7924651948805491
110,15600,4.9672240332991695,198,0.9392914549261705
111,15700,6.327837150807771,981,0.9185992000448563
112,15900,5.840423461559135,544,0.9272059882803985
113,16000,6.6346105966923785,919,0.9723482905040234
114,16100,6.571307807328984,923,0.9624582093768993
115,16200,5.669023982502216,305,0.9910340911285759
116,16300,5.58140811346613,359,0.9486830305929019
117,16500,5.3081520007016225,307,0.9268889683575092
118,16600,6.536257863773094,924,0.9571728600063406
119,16700,4.991362702768002,308,0.8710777982609209
120,16800,5.667158303855441,459,0.9246389097209661
121,16900,5.114325280318406,551,0.8102883652370669
122,17000,6.848282335172966,1110,0.9766357294115742
123,17100,5.829722684725661,530,0.929353895930361
124,17200,5.6715459987373915,326,0.9800668000437095
125,17300,5.907085220557193,748,0.8926591353463703
126,17600,6.536687563110732,765,0.9844593071770836
127,17700,4.403069003805219,181,0.8469888464537755
128,17800,4.178469848325817,118,0.8758637757979698
129,18000,5.897344416171646,1224,0.8294577210206777
130,18100,6.7955828245848515,1223,0.9559042662563506
131,18200,6.137063812243831,554,0.9714902359786053
132,18300,6.788631521933948,1069,0.9733532223034878
133,18500,6.875681591978528,1254,0.9637778617280163
134,18600,7.154881418879809,1909,0.9471226237429424
135,18700,5.124033205517595,243,0.932819204440114
136,18800,7.579090665787258,2244,0.9822544932684008
137,18900,5.425151282940479,269,0.969692789286759
138,19200,5.350877390121821,247,0.9712289392540492
139,19300,5.12722227396641,251,0.9279279600148133
140,19400,5.049764618379523,280,0.8961762504032657
141,19800,4.8876658706088545,160,0.963053887127542
142,19900,4.168896956602955,110,0.8869087055318768
143,20000,4.5405137844868095,166,0.8882090436187333
144,20200,6.497840517321628,1647,0.8772909803061508
145,20300,7.301525459080679,1878,0.9686338057961672
146,20400,6.056054317775602,804,0.9052940354256643
147,20500,6.560574717316416,1099,0.9369363893117095
148,20600,4.238393921778768,491,0.6840042182849998
149,20700,5.641529778356032,358,0.9593568799635362
150,20800,6.884869626111819,1597,0.9334299935605642
151,20900,5.939394600097253,517,0.9506008072271016
152,21000,5.797589769336138,435,0.9542814087738847
153,21100,5.906224947827754,616,0.9195076853434039
154,21300,6.837222910953936,1209,0.9633217121656997
155,21400,7.015798903678398,1306,0.9778492664951467
156,21500,4.807591303384621,235,0.8805780751907969
157,21700,6.9321081965563875,1547,0.9439051514876337
158,21900,5.8492218489512435,378,0.9855646379118979
159,22100,7.258012007101618,1821,0.9668143877968749
160,22300,7.067023301559779,1240,0.9921599884265856
161,22600,6.42233904070779,937,0.9385702619582407
162,22800,6.643154882429651,895,0.977391081155742
163,22900,6.209007461868729,534,0.9886331405022895
164,23000,7.010576436647831,1366,0.9710421095227709
165,23100,7.460647547554286,2189,0.9700238523188557
166,23200,6.5915190318550145,882,0.9718862246044915
167,23300,6.962582475301344,1552,0.9476382832997943
168,23400,5.876868432988534,658,0.9056376698197874
169,23500,5.6674760617804445,771,0.8525483962694439
170,23800,5.60081298254542,383,0.9416240813534528
171,24100,6.916367079482081,1622,0.9357297432074059
172,24300,5.5823361015114585,438,0.9178124273014618
173,24400,4.810315631472612,190,0.9167702616412703
174,24600,6.532921660928767,877,0.9640544410685915
175,24700,5.364396189914273,334,0.923122704542471
176,24800,5.439234468512887,257,0.9802054225420831
177,24900,5.83985384699327,369,0.9879977604848267
178,25100,4.828917808753505,167,0.9435177113809861
179,25200,5.346709337827194,361,0.9079334595925007
180,25300,5.750343495985201,375,0.9702067261829377
181,25500,4.572132514220842,225,0.8441742535570291
182,25800,4.4993566614559715,296,0.79069814439173
183,25900,6.302221314891652,557,0.9967823305472343
184,26000,4.9747581161527705,186,0.9519707759997311
185,26200,4.890537792052047,291,0.8620234669776339
186,26300,5.143436817560678,210,0.9619101145831152
187,26400,7.308234577135354,1686,0.9835965425088291
188,26500,5.918979637219717,691,0.9053002530938294
189,26600,6.774505805758317,981,0.9834411767493779
190,26800,5.49173861118435,274,0.9783740023560887
191,26900,4.374713364511138,174,0.8479679148190545
192,27000,6.343093057492087,612,0.988523874492796
193,27100,6.58037518460376,922,0.9639392941976908
194,27200,6.85680513738782,1600,0.9293886155240081
195,27500,6.286184705910534,706,0.9583160716470316
196,27600,6.964102961311099,1661,0.9391690497345895
197,27900,5.944173623062323,411,0.9876350521157227
198,28100,6.002763342720797,478,0.9729565774884339
199,28200,5.002072606119186,202,0.9423173229503997
200,28400,5.662466065760751,465,0.9219198275493498
201,28600,6.208525799344359,733,0.9410927209882367
202,28700,6.717627577848608,1184,0.9492661013300084
203,28800,1.4268385643641888,156,0.28255034644865706
204,28900,5.384293235326748,405,0.8968012181351052
205,29000,5.995705550544383,473,0.9734717799219609
206,29100,3.351628817344563,114,0.7076622430127939
207,29200,4.310292143539502,138,0.8747859190858732
208,29300,6.100365347295352,465,0.9932152711648914
209,29400,5.111598739707209,373,0.8632155782570339
210,29600,5.756272865237627,354,0.9807431708484142
211,29700,7.065103762073699,1674,0.9517891856411099
212,29800,6.3918206844611385,718,0.9719227949512418
213,29900,6.80862601280281,1082,0.9745310593354415
214,30000,5.691413850914471,393,0.9527276931635547
215,30100,5.623336730871994,325,0.9722521953208313
216,30200,5.894642360370698,548,0.9347264577191441
217,30300,6.15809519769377,570,0.9704456491877613
218,30500,6.089234785454707,612,0.9489619509372152
219,30600,5.815381734374788,496,0.9369710131691623
220,30700,5.410430589979211,320,0.9379558790026539
221,30800,5.342183631939551,372,0.9025645269990372
222,30900,6.480655242188247,847,0.9612789911200172
223,31000,7.0485559286191,1374,0.9755136671750311
224,31200,5.322749736430946,582,0.8360597571496777
225,31400,6.920487575009574,1536,0.9432393458474488
226,31500,5.548585989378789,258,0.9992123847696093
227,31600,5.431922541370875,514,0.8701903649347913
228,31700,5.2826068761490745,237,0.9660842675099842
229,31800,6.824730462116131,1213,0.96111432115911
230,31900,5.540012468577029,293,0.975324668793068
231,32000,6.707702790856439,988,0.9727394784344089
232,32100,5.2904496574364,287,0.9347939362198898
233,32200,6.096804228065232,909,0.8949640900130235
234,32300,6.427208381700668,752,0.9704762604632041
235,32400,5.279816499953847,223,0.9764469713763353
236,32500,6.591545492183275,791,0.9877493143601188
237,32600,4.981894592342323,279,0.8846931682492989
238,32700,6.393569554678982,783,0.9595440832997343
239,32800,6.6561991350641305,878,0.9820811756864045
240,32900,7.099459871947962,1637,0.9593060200459362
241,33100,6.359983128994861,655,0.9807773140491565
242,33400,6.046290080403199,596,0.9461756443016556
243,33600,6.194677770988635,612,0.9653944559711707
244,33700,6.673417807962695,925,0.9771038576625176
245,34000,6.304262129332482,584,0.9896954672179847
246,34100,6.338409151529232,692,0.9692370731948831
247,34200,6.777592360211342,971,0.9853548521512665
248,34300,6.7886257385394,1289,0.9479173482980942
249,34400,6.433619771933603,841,0.9553095565053822
250,34500,6.515517853131204,882,0.9606802342556192
251,34600,6.140649391358036,637,0.95104049221559
252,34700,4.6644384297966255,308,0.814023944863324
253,34800,7.013455063566878,1313,0.9767948204331234
254,34900,5.99655702084728,454,0.980134317376818
255,35200,6.456571339565414,761,0.9731617395126623
256,35400,6.578410082295061,891,0.9685036076335416
257,35600,5.723934278446894,316,0.9944737040055524
258,35700,5.170506043228065,277,0.9193616551761554
259,35900,4.695106489320485,167,0.9173724434620643
260,36200,4.962413617395454,258,0.8936520321290076
261,36300,7.000182019445497,1322,0.974019539098169
262,36400,5.354132554091088,256,0.9655475605061715
263,36600,4.876302674096112,214,0.9087447764293175
264,36800,6.852159459289483,1067,0.9827257143640108
265,37000,5.82653784272644,375,0.9830623525915301
266,37100,4.714675520660547,267,0.8438277601216447
267,37200,6.114967891148814,868,0.9037532705287488
268,37400,7.319724892123726,1775,0.9783693637749049
269,37800,5.136284153828857,504,0.8254272720100869
270,38100,5.607509478367145,626,0.8708191285154684
271,38300,6.103551239776448,732,0.9253720961237325
272,38400,6.017163291745119,550,0.9536039971402482
273,38600,5.961377677474443,742,0.9019613668678808
274,38800,5.164362044163812,546,0.8193993741392938
275,38900,5.662112884912928,379,0.9536131973504868
276,39000,7.086855691000762,1482,0.9706495306555235
277,39100,7.2574485591018805,1825,0.9664568569664719
278,39300,5.977969347897327,432,0.9850939524541559
279,39400,7.016995180773202,1518,0.9579320804326172
280,39500,5.798110747030668,419,0.9602906097080721
281,40200,6.150416187919586,832,0.9147188366235389
282,40300,5.569227324604654,487,0.8999660023933219
283,40400,7.083211386359395,1713,0.9512771905772006
284,40500,6.5022223021248955,1228,0.9141139320365363
285,40600,5.411453656412565,278,0.9615881288183761
286,40700,6.160993728163504,719,0.9366256588749432
287,40900,6.114436828093028,456,0.9986841991208485
288,41000,7.262592815955826,1586,0.9855641181287302
289,41300,5.714553197812727,632,0.8861298199654921
290,41400,5.482822244098709,334,0.9435018442548898
291,41500,5.298792306233711,230,0.9743867283323853
292,41700,5.769196907501252,531,0.9194287987290676
293,41800,5.582834805990967,584,0.8764398098245157
294,41900,7.048511215509528,1563,0.9584122863179056
295,42100,6.673173916977289,909,0.9795707388166317
296,42200,5.5137372114605325,317,0.9574285910676879
297,42300,6.267898579293004,800,0.9376608297756283
298,42400,5.214276194216873,339,0.8950010467063607
299,42500,4.855663868139267,206,0.9113695052793251
300,42700,6.0539169655751115,554,0.9583281845216989
301,42800,5.969847317035722,485,0.9653466341640305
302,43100,6.263841097496314,672,0.9621493909860674
303,43200,5.492026304145177,392,0.9197430043258491
304,43300,6.159710526224986,813,0.9192594696790729
305,43500,6.357450363735583,969,0.9245499879021489
306,43600,6.498983765822906,1194,0.9172794340582217
307,43700,5.592460825474038,289,0.9869466479124196
308,43800,5.39983181938868,269,0.9651671825424839
309,43900,6.0692734722113855,613,0.9456105305308717
310,44000,5.636861262115824,389,0.9452144320252502
311,44100,6.382851903628264,702,0.973896362710604
312,44200,6.029007470086134,505,0.9685839627965398
313,44300,6.139693517775234,645,0.949057961451124
314,44400,6.387460955673137,649,0.9864145355407646
315,44500,6.5171309585251755,736,0.987260077486907
316,44600,6.55121145132128,899,0.9632317046823552
317,44700,3.881909352580516,114,0.8196255699328706
318,44800,5.91192612746243,511,0.9479755877119725
319,44900,6.504634724587636,678,0.9977738555808356
320,45000,6.443429645960775,742,0.9748962278883764
321,45100,6.283984996320297,828,0.9352541588966773
322,45200,6.233406307348129,643,0.9640066180366956
323,45500,7.470855770788459,2375,0.9611595844235943
324,45600,6.169989883195205,698,0.9422393762897135
325,45800,6.113397051887016,559,0.966369365414002
326,45900,5.978551814010187,561,0.9445206041855474
327,46000,6.621244150714203,1040,0.9531117076278984
328,46100,6.853704560682978,1379,0.9480698017133853
329,46200,7.6541205832624994,2490,0.9787830434558109
330,46300,5.5535801194385295,295,0.9765437286882943
331,46400,6.7266651809502935,1092,0.9615337377862418
332,46500,6.031928753908224,434,0.993229791093855
333,46800,5.866243790882297,395,0.9811600391029235
334,46900,4.880235065670883,176,0.9438642630659324
335,47000,6.781717038556041,1117,0.9662765445340348
336,47100,5.907304586531102,944,0.8623643482255867
337,47200,5.00171243274014,331,0.862049360103773
338,47300,6.524914569363684,1331,0.9070335755668811
339,47500,3.607055498707639,192,0.6860786826173508
340,47600,4.606789430993401,279,0.818081366761059
341,47700,5.702438140399126,548,0.9042482100648792
342,47800,6.619791333012987,756,0.9987552818852042
343,48000,5.5642851699512885,304,0.9732828771465699
344,48400,5.661645588595711,326,0.9783559678845704
345,48900,6.902529723023003,1452,0.9480588929585672
346,49100,3.217648158750249,47,0.8357207285562552
347,49400,4.7878687786595675,290,0.8444390356160603
348,49500,6.219218476192607,533,0.9905546315817316
349,49600,6.876246068171726,1216,0.9680324230894252
350,49800,5.144007196176246,198,0.9727207734252136
351,49900,6.38269511480866,983,0.9262889540703394
352,50000,7.195332227632738,1590,0.9761029202476216
353,50100,5.815632333725836,482,0.9413539886997759
354,50300,5.376627353416529,546,0.8530782796973804
355,50400,6.028266095912038,693,0.9216080795621836
356,50800,4.786390709204032,166,0.9363071484845648
357,50900,6.492066913631474,729,0.9848889944455986
358,51200,5.7975902215925545,348,0.9906680846449413
359,51300,5.553550838640313,387,0.9320501852002773
360,51600,5.653364274851686,309,0.9860505422259924
361,51700,6.830631421218678,1204,0.9629552776826255
362,51900,6.702139998067171,910,0.9836639749809202
363,52000,6.387325014031342,625,0.9921670424010339
364,52100,5.699640461450062,482,0.9225788314412355
365,52200,6.471611150489068,819,0.9647480666002365
366,52400,6.403833304978884,679,0.9820894635196298
367,52700,6.17755177404416,542,0.9813011511557149
368,52800,6.576697539157783,1008,0.9509775207190178
369,52900,7.1221804216447335,1464,0.9771232093574121
370,53300,6.442036665345668,822,0.9598161260961205
371,53500,6.458357585429686,925,0.9456153192383194
372,53700,5.141616689661215,376,0.8671117956617476
373,54000,6.258106160777077,927,0.9160053710433482
374,54100,7.416639167477381,1678,0.9988258182726785
375,54200,6.752690392369789,1016,0.9753108889933921
376,54300,5.907325576177872,430,0.9741976954781354
377,54400,6.441247191454332,863,0.9527887690011002
378,54500,6.801151520301399,1099,0.9712939221275397
379,54600,6.399341356524534,701,0.9766247468678174
380,54900,4.93254261666535,185,0.9448671282079404
381,55000,6.131117557980797,624,0.9526063263083908
382,55100,6.9570083190936245,1380,0.9622632720549557
383,55200,6.40477864070786,879,0.9448269472151223
384,55300,6.5783071376367435,1327,0.9148384805862925
385,55400,6.183315367900422,782,0.9281672460174779
386,55500,6.1834654310637625,525,0.9872381049109933
387,55700,6.083681507491432,608,0.949066385787186
388,55800,6.88223598349842,1186,0.9722949798543763
389,55900,6.501059216677248,763,0.979479656513994
390,56300,7.2800291908545205,2063,0.9538926661980578
391,56400,6.485451761503122,917,0.9507916108757182
392,56500,7.5875706691644815,2500,0.9697758242520956
393,56600,5.855152605491821,700,0.8937690130543983
394,56700,5.988902161259897,419,0.9918897307823084
395,56900,5.097341949280315,238,0.9314857128330585
396,57100,5.843021546779436,611,0.9108235750709474
397,57400,5.531225479172791,442,0.9080518946256817
398,57600,6.5531893566825286,1308,0.9131768288659794
399,57700,6.391494173267716,807,0.9549058868267388
400,57800,6.9462377254689915,1559,0.9448349858793473
401,57900,5.511698250622969,514,0.8829703803010435
402,58000,6.71185587125924,1127,0.9551096450642296
403,58300,6.881543397133617,1281,0.9617277795374486
404,58400,7.491715113086557,2226,0.9719450573467718
405,58600,5.527609237732789,422,0.914409326472903
406,58700,6.337943830644222,730,0.9613076019466936
407,58800,4.586395416821492,294,0.8069554056719183
408,58900,5.7835140669183005,429,0.9541458669545619
409,59000,5.697291583397886,555,0.901617397151263
410,59100,6.438147464075022,987,0.9337861605055183
411,59200,6.298038198033595,571,0.9922249904657903
412,59400,6.633009578994807,1170,0.9388868824685243
413,59600,6.137282744541547,1015,0.8865518493734186
414,59700,7.0590782994848915,1543,0.9615329055328011
415,59800,5.980749461590035,515,0.9578138375760422
416,60000,6.090265255046627,487,0.9841637547966932
417,60200,7.26863836199489,1813,0.9687980784902785
418,60300,7.142143839086948,1867,0.9482289244332428
419,60700,4.594352066708897,175,0.8895532341330926
420,60800,6.159496990390513,686,0.9431346507307486
421,60900,4.8556053529608985,277,0.8633695303435558
422,61100,4.056765590245528,91,0.8993331723997853
423,61400,4.494099339067801,211,0.8397269185737654
424,61500,5.615496916687994,692,0.8586930357363284
425,61700,6.1505228602449,480,0.9962319323563326
426,61900,7.152066144429281,1631,0.9668941246793358
427,62000,4.361538733699767,104,0.9390981139219144
428,62200,5.699425447705146,468,0.9269667132364252
429,62300,5.752775001633921,400,0.9601617361502583
430,62400,5.4723510605682,272,0.9761941281283991
431,62500,6.8532232995932905,1797,0.9145100922608077
432,62600,5.198128088128671,214,0.9687199632604961
433,62800,5.641221889965784,363,0.957047227443076
434,62900,6.763317332039513,1060,0.9709006386394977
435,63000,6.528973903579304,1042,0.9395697899537772
436,63100,6.8926906553880265,1500,0.9424973254676398
437,63300,5.366400063054641,423,0.8873937148516909
438,63500,5.984084932029262,400,0.9987683119843742
439,63600,6.753269916847925,1165,0.9564892744870235
440,63700,4.9859723817803,204,0.9375441674034469
441,64000,5.250217919481566,205,0.9863250191259973
442,64100,5.58561845697536,694,0.8537474047565772
443,64200,6.59942467622848,855,0.9775330302164504
444,64500,5.970540230834696,460,0.9737921508976924
445,64600,5.639022488319251,478,0.9139997210232517
446,64700,5.939028096214635,819,0.8853538539432417
447,64900,6.373218461475133,951,0.9293773812706562
448,65200,7.497446311311391,2298,0.9686880383710943
449,65300,6.547099296133361,728,0.9934446466485554
450,65400,6.5549993467182315,745,0.9911717103175303
451,65500,3.9031751496929026,140,0.7898538210362728
452,65600,6.24989651120795,541,0.9930844004331921
453,65800,5.792386860245621,685,0.8871213508777204
454,66100,5.833688772643725,342,0.9998077119431222
455,66200,6.309002436793067,661,0.9715493676516019
456,66300,6.236913482944244,625,0.9688030576947807
457,66400,5.478792478908069,618,0.8525328435858534
458,66600,5.224629685658121,305,0.9133470149343382
459,66900,3.8898434053119253,104,0.8375357479128333
460,67200,7.246783368174206,1991,0.9539769772418227
461,67400,4.486713884579238,122,0.9339496731593446
462,67500,5.774531018024302,525,0.9219485614563104
463,67600,7.581376221163037,2350,0.9767082694872866
464,67700,6.3942489831364355,859,0.946487225507169
465,67800,5.081602243733586,525,0.8113171206250196
466,67900,5.419091231062907,334,0.9325348047160409
467,68000,7.504849531154607,2539,0.9573091449141878
468,68100,5.920039828566984,793,0.8867879858444215
469,68200,5.510727596506411,364,0.9344724116406363
470,68300,6.8394301750572275,1212,0.9632963388088344
471,68700,5.909982971233154,533,0.941301712929704
472,68800,5.1899563393757555,219,0.9630520059068641
473,69000,6.173373209940838,946,0.9009274186852125
474,69100,5.793830502121121,628,0.89930840203008
475,69200,5.549076084895219,257,0.9999999999999999
476,69300,4.8427924259446,277,0.8610912787196584
477,69400,6.458007547415878,807,0.9648431582698445
478,69500,6.445479943863667,802,0.9638664962434432
479,69600,4.097824426613175,122,0.8529988500166337
480,70000,6.043176155325282,586,0.948199110486869
481,70100,4.014198735714887,150,0.801135684420015
482,70200,6.103789729893071,481,0.9883291630049142
483,70300,6.215624513602683,574,0.9784333581939695
484,70400,4.733535605731241,287,0.836390225337231
485,70500,5.5562534014818805,273,0.9905127620485121
486,70600,6.374279387234509,1064,0.9145582255090181
487,70900,5.930082609502086,882,0.8743607613190463
488,71200,6.3168499938413145,686,0.9672283502946147
489,71300,6.221177731300271,635,0.9639819066598534
490,71500,4.573009712350571,194,0.8680965914928304
491,71600,6.516375891545399,1157,0.9238387599689654
492,71800,7.0254868662397465,1546,0.9567042204842118
493,71900,5.3676688360386615,265,0.961994398194705
494,72100,4.3895056717394985,207,0.8231271593174867
495,72200,4.7601974582726925,145,0.9564902815068899
496,72300,6.490740389961024,841,0.9637912315513865
497,72400,5.635075558766275,794,0.8439426572202474
498,72500,6.410946533938806,647,0.9905135235711566
499,72600,6.78711161327622,1122,0.9664301721295856
500,72700,5.954368207327949,529,0.9495103159620205
501,72800,3.729066738860599,102,0.8062894398318692
502,72900,6.563964377458426,1206,0.925145147163305
503,73000,5.505234999575473,380,0.9267805195101454
504,73100,6.882230740562061,1192,0.9716015681492477
505,73400,6.0407425079064225,648,0.9330930643160364
506,73500,6.365349444161128,738,0.9638709251961605
507,73600,6.9906191927473795,1317,0.9732020721675281
508,73700,5.582134614590365,312,0.9719887717352154
509,73800,5.538195411568255,475,0.8985741581693719
510,73900,6.559517681063909,850,0.9724666922257438
511,74100,4.416527320230804,249,0.8004648889817766
512,74200,6.809844046761727,1004,0.9852565134309472
513,74300,3.3557211478364377,29,0.9965626179776182
514,74500,6.2541168159803675,642,0.9674423988315765
515,74600,5.986397424177844,874,0.8838515257687973
516,74700,4.849993947118158,202,0.9136679277672061
517,74800,5.593467612649375,307,0.9767096768036104
518,74900,5.863004251615186,500,0.9434230057248061
519,75200,6.209814966868305,736,0.9407057253238217
520,75500,5.8858339143243175,380,0.9908525636577853
521,75700,6.058564798012524,430,0.9991390838403041
522,75900,7.161437194675296,1402,0.9883767758562099
523,76000,5.711868840442806,308,0.9968183900418385
524,76300,6.708272194683502,1108,0.9569149449638187
525,76700,6.0493737157042435,602,0.9451766225651183
526,76800,6.192790917084262,848,0.9184191818867876
527,76900,6.829715010220507,1114,0.9734884500505502
528,77000,6.016607599062536,459,0.9816541540460152
529,77200,5.5516596197866335,288,0.9803458172205644
530,77400,6.406783066872135,929,0.9374716311558321
531,77500,5.513428746164981,248,0.9999999999999997
532,77700,5.795305034591801,557,0.9166066010666349
533,77800,6.239097224043509,991,0.904385475438354
534,77900,4.063573659033417,61,0.9884938806923461
535,78000,5.3886393928927045,254,0.9731468488345577
536,78100,5.584865168157522,586,0.8762882379275968
537,78500,5.002324707514969,397,0.8359588860696401
538,78600,5.275459599857702,222,0.9764528264372339
539,79000,6.371175696228236,697,0.9731761920524156
540,79300,6.198515710049212,688,0.9486862621060494
541,79400,6.775414630329692,1010,0.9794308998487433
542,79500,7.116601404848955,1547,0.9690265265129606
543,79700,6.742576706890523,975,0.9796786001040054
544,79900,6.842472741754959,1305,0.9537932110521276
545,80000,6.6210795060605525,1357,0.9179329605510329
546,80100,6.482226051311097,1206,0.9136246983272112
547,80300,4.6043041713531405,213,0.858804935273264
548,80400,6.7178389940806555,988,0.974209413126666
549,80500,5.336124258752253,238,0.9751206723793364
550,80700,4.578948929804281,128,0.9437181305017804
551,80800,6.243740123504043,1049,0.8976575361770102
552,80900,6.982984310852322,1174,0.9879477056400093
553,81100,5.676445906714046,531,0.904647202156446
554,81200,6.376094924928045,621,0.9914113958212166
555,81400,7.287977206839913,2109,0.9521827217997803
556,81500,7.317062674316046,1966,0.9648335711465044
557,81600,6.007155875887017,437,0.9880299146597072
558,81800,6.189638692107346,589,0.9704021829039712
559,82000,5.871422414358411,405,0.9779368513651995
560,82100,6.11150635364824,561,0.9655254070232285
561,82200,7.0522386891604505,1864,0.9364925866097474
562,82400,5.807875980760679,680,0.8904926931414017
563,82600,5.994573651417237,640,0.9277417280108072
564,82700,4.290622003659053,118,0.8993723839247956
565,82900,7.09627132684581,1804,0.9464519692932597
566,83100,5.385056350547005,734,0.8161019901912148
567,83200,5.496387638124796,309,0.9586709342198511
568,83400,6.346397303654057,595,0.9934000631417627
569,83500,5.10184918334026,186,0.9762909497706468
570,83600,6.357127886213641,634,0.9852882287636232
571,83800,6.690106042251481,960,0.974249459709982
572,83900,6.023754423579321,869,0.8901210286042781
573,84000,6.230899901854987,535,0.9918235173528092
574,84400,6.975303234091293,1307,0.9721013495214367
575,84500,5.504381712143309,490,0.8886053405622669
576,84600,4.972999437525275,269,0.8888750643432103
577,84700,6.030116082197241,418,0.9991110319222254
578,84800,5.874808425895618,564,0.9273493474039932
579,85000,5.433644595232558,502,0.8737729538238771
580,85100,5.452400060627344,281,0.9670197035107096
581,85200,6.250263341315866,640,0.9673131818847652
582,85300,5.74397861573326,382,0.9661181258426513
583,85400,5.69192851001943,430,0.9386758129005927
584,85600,6.085275754281399,620,0.9464294321184316
585,85900,7.244324982797678,2002,0.9529621693406632
586,86100,6.389350825233841,668,0.982328988932188
587,86200,7.197752859189144,1878,0.9548671417019827
588,86300,5.723558571030171,400,0.9552853940849695
589,86400,5.372069624644242,243,0.9779737001043399
590,86500,5.681811643471818,736,0.8607201296242494
591,86600,5.557892479148856,547,0.881582617819607
592,86800,5.820231077394379,1009,0.8414733092613127
593,86900,6.25829291971001,587,0.9816891849965795
594,87000,4.199463811565226,132,0.8600520517000233
595,87100,6.616672136307155,832,0.9840626152633623
596,87200,4.626797957176029,150,0.9233954749465642
597,87300,5.206308395566084,327,0.8991958911453578
598,87400,6.076528713615896,631,0.9424911495079629
599,87500,5.532972822726212,480,0.8962041654195437
600,87600,6.422574490956228,999,0.9298975708260101
601,87700,5.475030897119939,303,0.9582231237415817
602,87900,5.489657575747645,654,0.8467633309378632
603,88000,4.086169295758161,149,0.8165893568648334
604,88100,6.416932702911536,893,0.9444184170045199
605,88300,5.9921426758963605,429,0.9885647553123392
606,88400,6.773080659327102,1150,0.9610591143788166
607,88500,5.595289921917294,309,0.9759213086552646
608,88600,7.080124754772575,1438,0.9737472755665961
609,88800,6.032213086506778,855,0.893515393637951
610,88900,6.427341169355912,790,0.9633257542183424
611,89000,5.140705846472663,364,0.871726592498218
612,89200,6.475463207394073,696,0.9893227319292249
613,89300,6.905543411751491,1182,0.9760536159024462
614,89400,6.227021781514043,553,0.9860124762543948
615,89600,6.931667933397098,1087,0.9914879919811876
616,89800,4.598974096836242,135,0.9375568759270002
617,89900,6.172198806367117,756,0.9312251472281592
618,90200,6.946814659828089,1222,0.9772898233754885
619,90400,5.764816152122549,821,0.8590710527473249
620,90700,6.190074658561924,509,0.9932011694480124
621,90800,5.636101914290643,288,0.9952571511068257
622,90900,6.100426448353619,584,0.957695647828585
623,91000,5.556675670601958,443,0.9118916957212093
624,91100,5.93687610570141,760,0.8950084584987194
625,91300,6.213159401846058,1141,0.8825936327976092
626,91400,6.6705121775121885,1005,0.9649588232527785
627,91500,6.622326296543564,874,0.9777421688876119
628,91700,5.971278889067659,610,0.9310543544360661
629,91800,6.18608556344617,560,0.9775833379613144
630,91900,6.421326591904915,895,0.9447540289502686
631,92000,5.519953653614966,283,0.9777708928445221
632,92100,5.475913274125505,341,0.9389615266520559
633,92200,7.675775002416636,2692,0.9718582462167311
634,92300,6.326809026951547,683,0.969403816762927
635,92800,2.9450589897420074,32,0.8497643999252509
636,92900,6.756487062555733,1350,0.9373776936666448
637,93000,4.100839873186317,89,0.9136048312666136
638,93100,5.832255821426642,391,0.9771388131873798
639,93200,6.0883876871177876,461,0.9926614324452241
640,93300,6.654384359452592,912,0.9763403538249414
641,93400,5.775393957334705,412,0.9592047102688354
642,93500,6.6448505122091746,842,0.9865005237936976
643,93700,6.352374560890817,652,0.9802979748340068
644,93800,5.7577498112132535,419,0.9536059792559302
645,93900,5.070743668114039,302,0.8879797697589876
646,94100,6.5783751551525365,1181,0.929921759291599
647,94200,4.891546225172341,186,0.9360473307628991
648,94300,4.671976088429014,154,0.9275402127449592
649,94400,7.294308929917471,1794,0.9735866591474408
650,94500,6.073815665389571,622,0.944174137770232
651,94600,6.383689983298081,679,0.979000291294047
652,94700,4.59201168319318,135,0.9361375031176182
653,94800,4.872958772270424,246,0.8851344810871882
654,94900,5.526200099254623,296,0.9711513206877127
655,95000,6.464759028423064,754,0.9757548941009829
656,95100,6.126251780470459,770,0.9217411716607226
657,95200,5.051817833787425,264,0.906001425109289
658,95300,7.137074431487232,1696,0.9597966290272318
659,95400,5.92972011552503,758,0.8942849131304988
660,95500,6.643906844855394,1045,0.9557141240732625
661,95600,5.392140621891064,348,0.9213865447285174
662,95700,6.244393366339071,700,0.9531852834922835
663,95800,6.20161281634009,806,0.9267087883178783
664,95900,4.8993199168283335,189,0.9346730971091299
665,96000,6.175806808771654,529,0.9848219105933768
666,96200,6.4704143532706535,931,0.9464846330181712
667,96300,5.705196677368681,320,0.9890567257836169
668,96400,4.232148231103133,331,0.7294143203047108
669,96500,4.660472697308875,201,0.8787864884454726
670,96600,6.160499035265155,512,0.9875246008420314
671,97000,5.7881597570740215,628,0.8984281987406051
672,97400,5.456697971767335,392,0.9138266112207225
673,97700,7.0676592072469555,1356,0.9799460127584808
674,97900,5.798795507052757,483,0.9383138965532557
675,98000,6.8820629175700185,1275,0.9624318618787713
676,98100,6.097012437758313,667,0.9375994603405383
677,98200,7.044200477171815,1479,0.9650751139241475
678,98400,5.828684303201034,557,0.9218859880468501
679,98500,6.800569580251243,1054,0.9770445162988006
680,98600,6.2488503879349295,1003,0.9042216366447489
681,98700,6.368120707229416,802,0.9522980828721922
682,98900,5.163642280070457,199,0.9755044251280609
683,99000,5.911427215611194,393,0.9895573511191049
684,99300,6.53853357277905,904,0.960584322977994
685,99400,7.311243698371432,1960,0.9644549892938236
686,99500,5.786269136328349,343,0.9911847058881293
687,99600,6.422726819073226,980,0.932512202592299
688,99700,5.519949191437531,303,0.9660845859146607
689,100000,6.494907226958885,823,0.9675181891256505
690,100200,4.9918704821401345,301,0.8746756678197433
691,100600,5.4977314860966695,260,0.9886794193417324
692,100800,5.261057190455977,211,0.9830337537439331
693,100900,6.258830340812917,529,0.998061216157948
694,101000,5.2545304981799985,268,0.9398216301515845
695,101200,6.192429836453235,563,0.9777603706205172
696,101400,4.362604714219019,278,0.775212940971783
697,101800,4.882753410023656,190,0.9305757593014358
698,101900,6.95264101247529,1484,0.9520909849246508
699,102100,5.980308383526705,640,0.925533983965462
700,102200,6.972619743662018,1428,0.9598830960906239
701,102500,6.58277180142984,1291,0.9189743653023821
702,102600,5.239303943019788,264,0.9396254962340724
703,102700,5.306769941715919,231,0.9750758254840257
704,103100,6.537718846507838,924,0.9573868070463413
705,103200,6.173279902943468,523,0.9862128863380251
706,103400,6.66362185726809,1338,0.9256404366811384
707,103500,5.085002464805468,188,0.9710796951251536
708,103600,6.54467467101333,742,0.9902146838100726
709,103800,5.948063428612178,569,0.9376064839770796
710,103900,5.446028125769611,254,0.983510812812446
711,104000,6.375505582191671,690,0.9753413461545243
712,104100,5.670796203867789,403,0.945300245353418
713,104300,4.681451059513046,134,0.9558195552986372
714,104400,7.107574112117849,1499,0.971968836051875
715,104500,5.732839304927429,435,0.9436235031867183
716,104600,6.031353974534477,791,0.9038040866249646
717,104700,6.97342365072192,1458,0.957253957841376
718,104900,6.068220010508728,496,0.9777081730974317
719,105000,5.958424693029784,387,1.0000000000000002
720,105100,5.198791452258421,635,0.8055614407639777
721,105200,6.60309142178779,868,0.9758948165008138
722,105300,5.373099511364414,449,0.8798230512856045
723,105400,6.653852924254266,1012,0.961583371240435
724,105500,6.0291750459143625,441,0.9901676156512002
725,105700,6.323902639551536,658,0.9745265724348112
726,105800,7.194502093603452,1507,0.9831407225710924
727,106000,5.74404955287614,549,0.9105833724911856
728,106100,6.468865842564048,739,0.9793450530139648
729,106300,5.931097318188392,723,0.9009157896831342
730,106400,6.228088681778409,615,0.9698621971276091
731,106500,6.383307604691029,627,0.9910511699517649
732,106600,6.358342965114113,1051,0.913883631739365
733,106700,5.996177446587941,600,0.9373524127623591
734,106800,6.6181318837682035,885,0.9753218483055155
735,106900,5.48063892334199,240,0.9999999999999999
736,107100,6.95372396124109,1763,0.930292427857028
737,107200,6.687754509828368,1025,0.9647031776406708
738,107300,7.1885730058224535,1582,0.9758537342064473
739,107500,5.550279942901268,403,0.9252106411840729
740,107700,6.783163673285065,1156,0.9617796629037811
741,107900,7.002163381697435,1350,0.97146219635175
742,108100,6.273006421181995,922,0.9189137720109897
743,108300,6.308117920607377,568,0.994638466237275
744,108500,5.833689176042036,477,0.9458733000001719
745,108700,6.132989945028757,896,0.9021835397855192
746,108800,6.217160385071814,835,0.9241506475800981
747,109100,6.872914867878897,1095,0.9820540685386103
748,109200,6.275595321954254,845,0.9311888794038805
749,109500,7.414761572710046,2003,0.975318356046861
750,109600,5.9868600733863175,690,0.9158853502576757
751,109700,5.425944365768936,354,0.9244624093947702
752,109900,6.768633619003276,1111,0.9651530556943303
753,110000,6.721787503505671,899,0.9883116861093658
754,110100,6.1514568068159825,483,0.9953786780138028
755,110200,5.262278292120415,222,0.9740130531904518
756,110300,5.904581752900691,468,0.96033377236752
757,110500,5.847472300474223,461,0.9533821642557657
758,110600,5.435666851100132,577,0.8549546565088895
759,110700,6.1235527370046565,476,0.9932096869641964
760,110800,5.711516523439259,717,0.8686616948464569
761,111000,6.491471308063089,1111,0.9256319253769509
762,111200,6.905070156672185,1284,0.9647003821063668
763,111300,6.647581917430926,1125,0.9462025000390248
764,111400,6.82727110353715,1375,0.9447929189418832
765,111500,5.9956975975743445,556,0.9485710151767587
766,111600,6.926682726517699,1354,0.9605959117140577
767,111700,6.512999898481515,863,0.9634024236814588
768,111800,5.427365076330663,431,0.894702995019965
769,111900,5.840968540653085,724,0.8870392686102788
770,112100,5.687571277393221,620,0.8845753375118866
771,112200,4.789348070464241,150,0.9558364936492695
772,112400,5.799254756833227,536,0.9228406982076663
773,112500,6.6162022990384095,1116,0.9428138948896384
774,112600,4.494219357440971,120,0.9387419548486465
775,112800,6.6274737168959135,975,0.9629544394444068
776,113000,6.05703190889974,494,0.9765412696332046
777,113200,6.37474191500162,1105,0.9096896735681201
778,113300,4.483085233320239,165,0.8780127512594605
779,113400,5.499375193663791,310,0.9586517712119428
780,113500,5.868401637730685,548,0.9305654083760678
781,113700,6.808990812185334,1005,0.9849911951012752
782,113800,5.9067798236037845,463,0.9623725153550621
783,114000,5.5355131719904165,313,0.9633340465759042
784,114100,6.02562912760527,497,0.9705310066017698
785,114200,6.697225155780317,1762,0.8960451752619216
786,114500,5.220769210106694,214,0.9729393488698689
787,114600,4.818252397227017,206,0.9043476696121592
788,114800,5.578942732857072,463,0.908959079427107
789,115000,5.697194066925153,332,0.981405961692656
790,115200,5.769960524324295,782,0.8661192339135259
791,115300,5.955672230966854,559,0.941437165884183
792,115400,5.1221578726279535,661,0.7887822666134418
793,115500,5.374024863175761,269,0.9605544412477299
794,115600,6.314882448771612,593,0.9889882835458932
795,115700,7.1894376403349725,2209,0.9336574053864526
796,115800,6.31352811103026,586,0.9906184405426296
797,115900,5.404042622845336,233,0.9913785545413603
798,116100,5.390447324959625,305,0.9423345327090857
799,116200,7.379598167238268,2264,0.9553015846381513
800,116300,6.554683089714906,1141,0.9311078608846987
801,116400,6.019285368993636,524,0.9613181127535635
802,116500,6.148293631025634,685,0.9416295360004772
803,116600,4.731823845626417,219,0.8780406130885804
804,116800,6.1807717764476315,860,0.914730445769033
805,116900,7.144957615607982,1469,0.9797898044199841
806,117100,6.005910742838319,540,0.9545966371212674
807,117200,6.36194709876413,624,0.9884708614065372
808,117500,5.362595814702999,287,0.9475417733039428
809,117600,6.755894806763811,1413,0.9314017222558008
810,117700,4.811740647396164,165,0.9423799513707566
811,117800,4.982897335490456,182,0.9575117087886486
812,118100,6.874275076235357,1408,0.9481856112066102
813,118200,5.72849690635844,548,0.9083804061352359
814,118300,5.529732369375855,373,0.9338274320630325
815,118600,6.390097148557599,634,0.9903981190599893
816,118700,5.475418915903489,384,0.9201391055697709
817,118800,6.401102219435608,701,0.9768934780073187
818,118900,6.287112432201427,1005,0.9094960705847416
819,119000,6.1780785095202875,627,0.9591879812300379
820,119100,6.718459190190185,1042,0.9668381867293737
821,119200,3.3124942447920906,35,0.9316933778360968
822,119300,7.488084804977085,2203,0.972784866352457
823,119400,4.9400827041231326,340,0.8475087997387257
824,119600,5.123829536418787,214,0.9548737307201554
825,119700,7.550730446314223,2663,0.9573387547902683
826,119800,7.353921657612659,2215,0.95468185425018
827,119900,5.948383959290643,929,0.8703964462121032
828,120000,5.489804094386805,418,0.9095884323001415
829,120200,7.2110590668076835,1898,0.9552898708980224
830,120400,6.988778458889478,1418,0.9630392520123403
831,120600,6.3706835450304595,805,0.9521497116336709
832,120700,6.646196092941194,964,0.9672693620232129
833,120800,7.043805337837435,1467,0.9660992599992918
834,120900,4.807489269883696,150,0.9594570324342075
835,121000,4.958979736302384,223,0.9171115595914002
836,121500,5.194055458429414,468,0.8447722600892441
837,121900,6.769608565058125,1011,0.9784516228504347
838,122100,6.3661139749706965,675,0.9771902886661404
839,122200,6.034887580787166,465,0.9825546772634898
840,122300,6.733244847024964,1167,0.9534214302883357
841,122400,4.978918525682432,233,0.9133889933257691
842,122500,4.7440842826388,368,0.8029820048716371
843,122900,7.086131582231186,1679,0.9542385947261499
844,123000,4.585437203230656,308,0.8002368853777783
845,123100,6.037709983447954,640,0.9344176615375833
846,123200,6.8146894463952306,1774,0.9109339106407088
847,123300,5.364265380439007,519,0.858021089364958
848,123500,5.60847937872953,403,0.9349122666684031
849,123600,6.8880953159818255,1442,0.9469752086452076
850,123800,6.109150368862163,721,0.9283521313680005
851,123900,6.679835461024053,1139,0.9491225793179332
852,124000,5.781888990852128,433,0.9524194998874701
853,124100,5.466044851722747,270,0.9763545677254896
854,124200,6.652266953439666,779,0.9991372660105986
855,124400,5.846311518296721,458,0.9542086410878663
856,124500,5.860786223465864,351,0.9999999999999997
857,124700,6.620412904637671,864,0.9791232204410112
858,124800,4.545099288713124,335,0.7817332727282972
859,125000,4.936574452685105,199,0.9326072493741271
860,125100,7.319365283372679,2085,0.9577156911533052
861,125200,6.764770914137028,1284,0.9450993165397674
862,125300,4.335967672942006,172,0.8423452793340692
863,125400,6.599274420976705,926,0.9660951430645874
864,125500,4.4990207459874965,139,0.9117528650380528
865,125600,4.907538641858997,217,0.912199307785936
866,125700,5.765401407616768,333,0.9926411787525171
867,125800,4.828120020310347,173,0.936900218389617
868,126000,5.763930150494696,346,0.9858873704595985
869,126200,7.240539472941068,1824,0.9642754959492946
870,126300,7.190255940757021,1713,0.9656533029674169
871,126400,5.385219120441065,322,0.9325778942256133
872,126500,5.907276871960162,680,0.9057333366396622
873,126600,7.248716313007887,2019,0.9524803795770738
874,126700,6.370954099540971,585,0.9998967690269501
875,126800,5.386245527193594,239,0.9835262256596052
876,127000,6.203774355929901,657,0.9562386728845305
877,127100,5.995152402648229,438,0.9856850749683344
878,127200,5.8326193661291015,555,0.9230335176784136
879,127400,4.9186208698919955,191,0.9364746404151463
880,127500,7.510802364856294,2589,0.9556911287119346
881,127600,5.8827998377953135,416,0.9754778410605459
882,127700,4.405270163297454,216,0.8195426969884857
883,127800,5.48535311048207,541,0.8716014089383026
884,127900,6.026208979818556,527,0.9615471745548504
885,128000,4.969277403375584,176,0.9610855401823786
886,128100,6.3221476119258275,840,0.9389232535770545
887,128200,6.584437218568365,1000,0.9531949168208789
888,128400,5.890248902956002,721,0.8950876624707628
889,128500,5.42730852024458,270,0.9694354159070194
890,128600,6.851456388677662,1062,0.9832872659858846
891,128700,6.717532065189503,1390,0.9282129717251418
892,128800,5.221163090245676,266,0.9351063923932129
893,128900,5.60010558570563,324,0.9687517826049163
894,129000,5.178554327071613,489,0.8362808759780416
895,129100,6.908942058549487,1491,0.9454975736184918
896,129200,5.658751691339336,368,0.9577982825496911
897,129300,4.847380627921098,157,0.9586916488106095
898,129400,5.870819862567366,388,0.984870760565095
899,129600,4.843210212697499,646,0.7484716857424385
900,129800,6.929505600343404,1290,0.9674840865648277
901,129900,6.7549210507774635,1044,0.9718171575288558
902,130100,6.663508541564944,824,0.9924544680360969
903,130200,6.966001647177318,1432,0.9586028832175415
904,130300,5.308256070316579,250,0.9613861529190696
905,130400,5.985641355791914,517,0.958002605938078
906,130500,6.286470211535791,675,0.9649650736468365
907,130700,4.627537222471172,217,0.8601534412967626
908,130800,5.020916861477362,187,0.9598188891165462
909,130900,4.873277412622315,273,0.8687586978876376
910,131000,4.515002270782285,135,0.9204381965773617
911,131200,5.3699530324007805,272,0.9579276915049815
912,131300,4.306283672148912,138,0.8739723885378796
913,131400,5.609298323089826,392,0.9393824075359358
914,131500,4.414321348920593,154,0.8763873114083541
915,131600,4.792810977623762,221,0.887859674232533
916,131700,4.990726023530111,270,0.8914522806750014
917,131800,4.997688266400727,347,0.8544043038154108
918,131900,6.18886426021171,530,0.9866069833273018
919,132000,5.861137675614382,386,0.9840996843977022
920,132100,5.969889776518711,468,0.9709556086484977
921,132200,4.424341543818614,156,0.8761322179220677
922,132400,6.910022633844973,1369,0.9568235558122755
923,132500,4.845353839881264,152,0.9644643856030758
924,132600,4.915037171958099,180,0.9464814195626393
925,132700,6.496890243854782,720,0.9874817109878745
926,132800,5.778816280866035,340,0.9913999306164869
927,132900,7.066318544802415,1747,0.9465101523251988
928,133200,5.041503715622798,433,0.8304598125476341
929,133300,5.368635268526535,426,0.8867270710762978
930,133400,7.0412774499470485,1794,0.9398140186395587
931,133500,6.370862437918427,1236,0.8948298426817114
932,133600,6.507454272366354,1063,0.9337916469824725
933,133700,5.252802488125459,345,0.8989069156068792
934,133900,6.651201627111366,1316,0.9260478355140852
935,134000,6.293549036768799,1050,0.9046945913311811
936,134100,6.306929282300522,976,0.9162437077452038
937,134200,5.764335096082094,406,0.9597063214418637
938,134300,6.535951897393321,926,0.9568250963021669
939,134400,4.866979087350201,433,0.8017113084790812
940,134500,6.242591848815645,1029,0.8999831880517672
941,134800,6.079753460829309,961,0.8852323987824584
942,135100,4.262186633772343,177,0.8234280022755408
943,135200,4.859998286270151,183,0.9329131787056102
944,135400,6.232554339676924,632,0.9664539052776617
945,135500,7.137522946220033,1621,0.965730959277163
946,135600,6.364048388731444,893,0.9366351157615956
947,135700,6.001705252136393,467,0.9764698571343124
948,135900,5.587047380688517,299,0.9801074791387295
949,136000,4.888099999049265,375,0.8247276881187227
950,136200,5.482358565071421,480,0.8880059128719212
951,136400,4.623753350870908,139,0.937030656870317
952,136600,5.090201361229269,224,0.9406013091865859
953,136700,5.720195066666275,419,0.9473861138356433
954,136800,6.474383719388719,788,0.970745269308066
955,136900,6.592641973559096,928,0.964819458093006
956,137000,5.316770684856494,295,0.9349030638807634
957,137100,7.363479297379749,1960,0.9713455931583268
958,137200,6.046602286004208,455,0.9879588967819518
959,137300,4.819938768931395,156,0.9544705357958574
960,137500,5.561118059674877,338,0.9550187581363009
961,137700,5.523174706436275,262,0.9918881101386037
962,137800,6.199273675313931,582,0.9737379174551757
963,137900,5.679083352513673,353,0.9680583440323752
964,138100,6.604303690792622,948,0.9635194223788491
965,138300,5.259700810540432,214,0.9801946180557076
966,138700,5.6594467980178145,385,0.9506493318393614
967,138800,5.60762487886003,358,0.9535912632117196
968,139000,4.15878418395722,64,0.9999762197204227
969,139100,5.07053868724756,284,0.8976034362121764
970,139200,5.344802826819416,504,0.8589372948699895
971,139400,6.537667932431456,1065,0.9378742053045607
972,139600,4.964016056867532,265,0.8896516877481855
973,139700,6.1800477259147275,583,0.9704563551713711
974,139800,6.531221456835228,814,0.9745240347834001
975,139900,6.564470318826264,1077,0.9402079255058069
976,140000,5.766176240988333,688,0.8825164669405189
977,140100,6.501176614647797,836,0.9661963809394094
978,140200,6.2503363240750645,567,0.9858015965120842
979,140400,7.237213577328358,1642,0.9775170008706943
980,140600,7.225962406422344,1868,0.9592889240341794
981,140700,5.014654385072781,206,0.9412107613251905
982,140900,6.252789091961198,578,0.98320881572943
983,141000,5.713392194102954,527,0.9116338546773802
984,141500,6.499746465289936,879,0.9588365117632621
985,141600,6.14385000175313,535,0.9779670697346198
986,141700,5.8371991883506915,617,0.9085320131246071
987,141800,5.756916464758014,694,0.8799298643554387
988,141900,6.28295093228434,878,0.9270107028278304
989,142000,5.419852438233747,369,0.9169411104166868
990,142100,6.456800278188197,1108,0.9210432289467252
991,142300,6.463918654809643,890,0.9518050162679933
992,142500,5.412252108755382,382,0.9103228291234131
993,142600,6.3975206410280325,683,0.9802383635752623
994,142700,6.071167374843157,441,0.9970639893498278
995,143000,5.779787635322069,446,0.9474566298550908
996,143100,5.842466253037311,363,0.9911888307114631
997,143600,5.6519058768060795,302,0.9897518801324786
998,143700,6.183225700132297,577,0.9725352471709389
999,143800,5.352122656037549,411,0.8892647277019087
1000,143900,5.285231931740023,309,0.921841501575467
1001,144000,6.429649013554297,690,0.9836243484278114
1002,144100,5.414811098636807,285,0.9579516078577355
1003,144200,5.886470237716937,433,0.969646606633065
1004,144400,7.31970635322639,1895,0.9698862403989637
1005,144600,5.835288821952934,533,0.9294049391140212
1006,144700,6.99746199162478,1522,0.9549224290950176
1007,144900,5.479447384467921,276,0.9749210982246828
1008,145000,7.143156712728865,1951,0.9428544000388149
1009,145300,6.083011950603916,442,0.9986377426802409
1010,145400,6.692562731047497,1077,0.958554188847446
1011,145500,5.062159196112636,252,0.9154940077893128
1012,145600,5.379172682045335,294,0.9464409583828391
1013,145800,6.166211991901301,898,0.9067732027238579
1014,146000,6.736152990412572,1135,0.9576032851082023
1015,146100,5.833376859938142,460,0.9514208731228738
1016,146300,5.286470472619047,208,0.9904323666979573
1017,146500,6.001794634762233,750,0.9066054781451324
1018,146700,6.821818139651706,1204,0.9617128162650389
1019,147000,6.319538058140193,619,0.9831105419188224
1020,147100,6.693389619709483,1062,0.960602302047591
1021,147200,4.734811309832859,233,0.8686072112985491
1022,147300,5.703782474656201,300,1.0
1023,147400,5.609754878579654,543,0.8908460364220749
1024,147500,5.747303175200851,370,0.9718948599030127
1025,147600,5.736622437645181,585,0.9003408517638207
1026,147800,6.832189197651876,1426,0.9407322848280271
1027,147900,5.796802880315755,835,0.8616665493464027
1028,148100,4.105430600240531,191,0.7816483007754186
1029,148300,4.6722619196627315,440,0.7676088124314192
1030,148500,6.413194282830716,708,0.9772569779289354
1031,148600,6.087621032924606,1111,0.8680461039197835
1032,148700,6.709399675688127,931,0.9814431260659456
1033,149000,5.954287151724199,498,0.9587297648984594
1034,149100,6.284335481870743,564,0.9919939486524014
1035,149200,5.487160608659316,274,0.9775584138930669
1036,149300,6.251983720839634,725,0.9492591521253914
1037,149400,5.404668838182018,525,0.8628972023799926
1038,149500,5.5461471728710725,348,0.9477025431090011
1039,149600,6.922273107386858,1168,0.9800687956892278
1040,149700,6.912274336507242,1837,0.9196881776907427
1041,149800,6.8961221439051315,1141,0.9796100665624079
1042,149900,6.64832489132152,915,0.974981511405479
1043,150100,6.391826471296566,719,0.9717180286559074
1044,150200,6.895999570417392,1371,0.9546888119129641
1045,150300,6.266147559967059,626,0.9731024402849119
1046,150500,5.352318742349789,271,0.9554097143389961
1047,150600,5.2277659889134815,338,0.8977717302500912
1048,150700,6.104914284699271,713,0.929284047554894
1049,150800,5.323239340576512,227,0.9812513153896095
1050,150900,6.718942053845497,1199,0.9477657779421195
1051,151000,6.355916608308673,744,0.9612639387482441
1052,151300,4.5483829933193105,137,0.9244716721241623
1053,151500,6.280163544765436,663,0.9666586197386176
1054,151900,7.117612154590423,1406,0.9819422164251639
1055,152000,7.19667234494635,1551,0.9795848838826757
1056,152100,5.7745515455444085,322,1.0
1057,152200,6.689328326315357,955,0.9748775479451608
1058,152300,5.710095840451607,387,0.9583230693729045
1059,152400,5.640221398049242,287,0.996596717336306
1060,152600,5.748917786077776,494,0.926865758389755
1061,152700,6.942223855584798,1532,0.9465383300928978
1062,153200,6.217610720542373,559,0.9828428409614239
1063,153300,6.473759481180581,675,0.993713735104646
1064,153500,7.011279222891387,1293,0.9785837900478159
1065,153600,6.421910278937208,768,0.9666034803745448
1066,153700,7.744899443696999,2988,0.9678269763976964
1067,153800,4.74230277582915,171,0.9223284883802949
1068,153900,6.126433154864593,507,0.9836111955702197
1069,154000,4.0943881285655355,145,0.8227058831108202
1070,154100,5.757785593301324,444,0.9445458172772571
1071,154200,5.474841185065633,317,0.9506745209476982
1072,154300,6.88611662572638,1162,0.9756611227296285
1073,154400,5.415026007986736,350,0.9243919084058279
1074,154500,5.6001322441412515,273,0.9983350391294016
1075,154600,4.824700851229805,378,0.8129379719676904
1076,154700,4.326166370972709,145,0.8692782445035038
1077,154800,4.3142466330695,241,0.7865827459766702
1078,154900,5.945505117244437,480,0.963024150364843
1079,155100,6.331170513861873,667,0.9736083233747422
1080,155200,5.8406416573734,344,1.0000000000000002
1081,155300,5.85980915598686,815,0.8741824124571308
1082,155400,6.531810205288517,796,0.9778745735419178
1083,155500,6.347584829386937,924,0.929543486794124
1084,155600,6.8005281649126745,1094,0.9718377827830417
1085,155800,7.114965463076591,1663,0.9593584635732968
1086,155900,6.090412292039489,515,0.9753762814046653
1087,156100,7.460711486527583,2095,0.9755996063557484
1088,156200,5.005329094533482,300,0.8775455790563229
1089,156300,5.730131923625143,330,0.9881083585063363
1090,156400,5.16450120328084,267,0.9243370966703223
1091,156500,6.499455395403704,881,0.9584722257107203
1092,156600,6.002881768077295,546,0.9524424356253925
1093,156800,5.83754337849218,437,0.9601328158015067
1094,156900,6.714902434196152,1174,0.9500196704080637
1095,157200,5.424953881938415,236,0.9928844948976219
1096,157300,5.456312047231041,245,0.9918298393579247
1097,157400,5.267376752391758,346,0.9009547444272605
1098,157500,5.437792751610259,449,0.8904163045671166
1099,157600,6.816038418326758,1111,0.9719126011945006
1100,157700,5.044671755048959,397,0.8430356739142336
1101,157800,6.051075062121464,986,0.8777743987893143
1102,157900,5.304909753567536,341,0.9096393444537578
1103,158000,7.02378330279692,1573,0.954222455255978
1104,158100,4.271292608669473,291,0.7528731234804076
1105,158300,5.582936984088431,660,0.8599400401034056
1106,158400,6.0630645037288105,468,0.9861097450489349
1107,158600,6.362858048455899,780,0.9554853900724326
1108,158700,7.181887352176545,1700,0.9655172152885435
1109,159000,5.469893374232811,494,0.8818802180294045
1110,159100,6.2730726504246,543,0.9961829042044347
1111,159200,6.811197660182351,1040,0.9804550451726363
1112,159500,7.172690202553808,1730,0.9620183518575223
1113,159600,6.357415769046476,706,0.969175102330539
1114,159700,6.049733455231955,424,0.9999999999999996
1115,159800,4.333961141447765,128,0.8932263208817375
1116,159900,5.81538846976302,400,0.9706121807179929
1117,160300,6.384295974494826,622,0.9924382758827092
1118,160400,4.9549756293548475,158,0.9787422452378592
1119,160700,5.789258075154724,658,0.8921367311437889
1120,160800,6.237709480216989,701,0.9519575691865261
1121,160900,6.178017653324783,515,0.9894062333068129
1122,161000,4.712330099294582,244,0.8572286504918158
1123,161100,6.074672898850249,561,0.9597062792373804
1124,161200,5.9852043471310035,579,0.9408771817142889
1125,161300,5.508503812174807,285,0.9745270864743166
1126,161600,5.212054737779605,207,0.9773728823582167
1127,161700,6.064805341703963,1064,0.8701560246126581
1128,161900,6.321053018492394,654,0.9750036017946888
1129,162000,5.38960089105206,544,0.8556349130360473
1130,162100,6.40828023017178,1126,0.9120254724972713
1131,162200,6.178315191755608,533,0.984039835872098
1132,162300,5.0066797095376625,176,0.9683193516008011
1133,162500,5.3546816765714595,225,0.9886599728454143
1134,162700,5.169181376604323,219,0.9591969889738942
1135,162900,6.504302469391705,724,0.9877765417007616
1136,163100,6.455597366464683,725,0.9801744784022224
1137,163200,5.396890338792296,461,0.8799184890592051
1138,163500,5.625581541145484,449,0.921165950177934
1139,163600,5.424188416160348,387,0.9103393422938804
1140,163700,6.399433842468936,1118,0.9116916064634426
1141,163800,6.245310065763621,527,0.9965071354254276
1142,163900,5.849202498336545,689,0.8950247214712695
1143,164100,7.270690326958274,1904,0.9627869971234115
1144,164300,4.309146883812987,100,0.9357193566752866
1145,164500,5.99149215000447,665,0.921798223930719
1146,164600,6.38710362280597,725,0.9697748491110202
1147,164700,4.997904428972055,168,0.9753980412551838
1148,164900,5.291622121002794,219,0.9819171809730161
1149,165100,5.441929408434262,383,0.9149121379300931
1150,165200,6.21519877613899,642,0.9614222103813448
1151,165400,6.184985700826871,1052,0.8888455229163186
1152,165500,4.948888012306579,201,0.9331705602644281
1153,165600,6.634761674310601,1508,0.9065690812054021
1154,165700,6.229007996890294,784,0.9346677219044367
1155,165800,6.055132156187175,590,0.949062047189064
1156,166100,4.453929447980714,127,0.9194379507825368
1157,166200,7.148140383982068,1771,0.9557232267941421
1158,166300,5.466157727257362,287,0.9658406050002383
1159,166400,6.892153949674968,1141,0.9790463754135528
1160,166600,5.462126801424446,593,0.8554362577092137
1161,166700,3.7306046876340484,54,0.935226775561369
1162,166900,6.481406729669459,947,0.9457352789569078
1163,167000,6.608980777281623,932,0.9666021760834135
1164,167400,6.7966881279526365,1098,0.9707826999424175
1165,167500,7.185707436034532,1501,0.9824745175103697
1166,167600,5.197722573481232,208,0.9738052442657402
1167,167700,6.4639646276538025,746,0.977208280182429
1168,167800,6.142448114610878,626,0.9538925140924585
1169,168000,5.0403776132228675,385,0.846660774672647
1170,168200,6.777480367671269,1168,0.9595687599587435
1171,168300,5.554976850545889,776,0.8348135744855056
1172,168400,5.468722781975581,314,0.9511826370852376
1173,168500,7.319359547578905,1916,0.9684260955106156
1174,168700,6.158260123552394,705,0.9390171368286003
1175,168800,6.397172910841185,1216,0.900588887077182
1176,169100,6.625771195890548,861,0.98042002690988
1177,169200,4.638863179560931,293,0.8166764460989978
1178,169300,5.056590166194296,324,0.8747300675735346
1179,169400,5.434263633258231,250,0.9842075700795189
1180,169700,6.336877937184541,776,0.9523193100794837
1181,169900,6.187278396735752,653,0.9545945798883777
1182,170100,5.989694587274007,693,0.9157112240756917
1183,170200,5.314523732105164,317,0.9228363220592091
1184,170400,6.011308426113963,496,0.9685386108352979
1185,170500,6.710354710701477,1038,0.9662066771185914
1186,170800,5.161540580950209,383,0.8677723971595571
1187,170900,7.136355722283275,1609,0.9665447503373201
1188,171100,4.848464753943119,223,0.8966729667317135
1189,171200,5.873993482926217,638,0.9095208744445112
1190,171300,5.860402625860319,352,0.9994493941311975
1191,171400,5.966177287458485,580,0.9376317675131487
1192,171500,5.476059809598777,257,0.9868417238871177
1193,171800,6.185393252833378,593,0.9687086823549631
1194,171900,6.7948300033325815,1289,0.9487836694737489
1195,172000,6.052834718275134,573,0.9530693809124651
1196,172200,5.706145782515646,538,0.9074863449805126
1197,172400,5.968896874339535,640,0.9237678978569006
1198,172500,5.586183138291297,280,0.9913738633913476
1199,172600,6.460262544275272,1019,0.9326774990430604
1200,172700,6.589655789059741,802,0.9854267629671614
1201,172900,7.3138387780629905,1861,0.9714392067056348
1202,173100,5.889569312847737,418,0.9758242782604367
1203,173300,5.3398151765306885,243,0.9721018473231087
1204,173400,6.097141430682005,548,0.9668371825285124
1205,173700,6.527400160960687,730,0.9900433899935293
1206,174000,5.7506056956928475,487,0.9292760588939231
1207,174100,6.470686913466959,945,0.9444624516702433
1208,174200,6.94325726647796,1280,0.9704584970830803
1209,174300,5.976473196392316,955,0.870988722759883
1210,174500,5.499547028804565,264,0.9862979247248437
1211,174900,5.2115216144739485,230,0.9583386556945768
1212,175000,5.874427094095138,879,0.8665899837153913
1213,175100,5.991110439726436,492,0.9665452950230954
1214,175200,6.503435212694941,771,0.9783002522437638
1215,175300,5.52932576468703,272,0.98635765217813
1216,175500,5.85041965658084,794,0.8761938787400011
1217,175600,5.745235647952962,689,0.8791160738678953
1218,175900,6.034963173719293,599,0.9436616596727914
1219,176000,5.161387395817701,195,0.9788332690897386
1220,176100,7.249358168920841,1930,0.9582411609351519
1221,176200,5.984256734597185,664,0.9208982615627634
1222,176300,3.639297824617263,98,0.7937456135833902
1223,176400,5.542363497450257,603,0.8657349551918051
1224,176500,6.327595671053919,663,0.9739594923038725
1225,176700,6.1400025492869466,865,0.9079178078900495
1226,176800,6.632328074826251,875,0.979053569248409
1227,176900,5.229638115138419,208,0.9797846941882733
1228,177100,6.699839458934626,947,0.9776079181479136
1229,177200,5.5241649219176345,363,0.9371882236831559
1230,177300,6.4122025134831695,672,0.9849382586817437
1231,177400,5.479609499681244,311,0.9546702439480163
1232,177500,5.730099782973575,308,1.0000000000000002
1233,177700,6.204803976879537,1032,0.8941600963341402
1234,177800,6.461065298347824,744,0.9771665457473862
1235,177900,4.6432753187335765,145,0.9329965312701638
1236,178000,6.18741330559492,1203,0.8723791325085483
1237,178100,4.614889870387572,130,0.9480959852180678
1238,178200,6.276911591571626,733,0.9514586876225206
1239,178300,6.854201034493005,1101,0.9786159829682414
1240,178500,5.66734283854578,323,0.9809075592462532
1241,178600,6.653260833765083,946,0.9709610783212062
1242,178700,6.298253783529626,622,0.979063024485247
1243,178800,6.06056448225597,612,0.9444938974270395
1244,178900,5.727642127947833,358,0.9740005100207002
1245,179000,6.918885143779818,1488,0.9471193540504234
1246,179500,6.3714237865315635,720,0.968411690208886
1247,179700,3.825160440908773,69,0.9034162075884331
1248,179800,6.639802906325489,946,0.9689970603659199
1249,179900,5.569168911793838,392,0.9326619835497393
1250,180000,6.596175282764721,1283,0.9216453121576308
1251,180100,5.453369523147957,423,0.9017750787761173
1252,180200,6.908561955263111,1210,0.9732595606386705
1253,180300,6.997691887313289,1393,0.9666368401351106
1254,180400,6.55748275896761,840,0.9738736621256768
1255,180500,5.920273808369126,388,0.9931670030584603
1256,180600,5.08562452953804,272,0.9072072951192046
1257,180700,6.433475829830918,710,0.9799263029282224
1258,180800,6.001634295479031,472,0.9747693324160744
1259,181200,6.648881819538561,800,0.9946549014983954
1260,181300,6.398956843164102,775,0.9618350498020212
1261,181400,5.510579924507893,327,0.9517474666244439
1262,181500,6.669172700479779,1582,0.9053447851972235
1263,181600,5.60899014769437,485,0.9069946805313863
1264,181800,6.350625780404141,735,0.9622349076639576
1265,181900,4.874066961021377,346,0.8336813483475252
1266,182000,6.629387774183638,910,0.9729862299987776
1267,182100,6.579925941864214,873,0.9716462727100507
1268,182500,6.780959885823867,1545,0.923486831209056
1269,182600,5.468392061667533,402,0.9119379227670774
1270,182700,6.806397571480298,1346,0.9446910640013066
1271,182800,6.683294347188709,1133,0.9503272319303131
1272,183000,6.338082211379051,695,0.9685463925793493
1273,183100,6.032976697213293,503,0.969839923904931
1274,183200,5.592007489514879,275,0.9955911309681144
1275,183400,6.97596520215844,1561,0.9487131079955985
1276,183500,7.336544510421435,1755,0.9821050047432845
1277,183600,6.612288462789679,1331,0.9191794901413778
1278,183700,5.335929663895737,303,0.9338780523217078
1279,183900,6.262500196783034,760,0.9440976277217612
1280,184300,5.698424502728745,356,0.9699560324692225
1281,184400,6.3742663426103325,608,0.9943981966144392
1282,184600,4.796284500369417,145,0.9637414313502353
1283,184700,6.854173703476942,1303,0.9556285506768649
1284,184800,5.491486691026318,243,0.9997133197342732
1285,185000,5.557085883603323,386,0.9330486275689999
1286,185300,5.618470105681714,466,0.9144369067360147
1287,185400,5.941286512951814,430,0.9797983121895067
1288,185500,6.3833531509154735,718,0.9706352449281235
1289,185600,6.233016276640176,626,0.9679573120627272
1290,185700,5.911590591205664,414,0.9810358572334615
1291,186000,6.439397434959397,818,0.9601207109644017
1292,186300,5.73468893168503,587,0.8995555458621205
1293,186400,5.6943478609917175,681,0.8728893193254051
1294,186500,6.785633746431317,1038,0.9770459114221409
1295,186600,6.723672228887819,1163,0.9525290544893817
1296,186800,6.003728367124036,733,0.9100493817208084
1297,187300,5.847603126567225,383,0.9831151190609833
1298,187500,5.432699230675441,713,0.8269601332296385
1299,187600,6.386595361289681,638,0.9888914270347026
1300,187700,6.31662769795905,604,0.9864221921557799
1301,187800,5.361723190037964,257,0.9662371010973813
1302,187900,5.1248345435566955,210,0.958431173137274
1303,188000,6.8396294442743075,1184,0.9665061514451412
1304,188100,5.308759142516671,321,0.9198325044399969
1305,188200,6.051745370601892,680,0.9278839718900931
1306,188400,5.3382793021672885,348,0.9121829466114113
1307,188700,5.8986021594018165,511,0.945839093415428
1308,188900,6.937517426771354,1408,0.9569087836330993
1309,189000,5.543056154402032,286,0.9800325636607577
1310,189200,4.13932876107091,157,0.818656552791101
1311,189300,4.947909596057228,295,0.8700423838730574
1312,189400,6.822464755229303,1155,0.9674708502284343
1313,189500,5.360780037309514,370,0.9065320559063286
1314,189700,5.65728246784213,486,0.9144991402302776
1315,189800,7.108545496957211,1291,0.992373924441741
1316,189900,6.413058177102998,845,0.9515859693178548
1317,190000,5.238249034036198,560,0.8277973078847953
1318,190200,4.752813918800676,171,0.9243727961915739
1319,190300,4.167502829278168,159,0.8221703672073264
1320,190400,5.26103526888241,386,0.8833409884318495
1321,190500,6.904307726337347,1630,0.9334768438802591
1322,190800,6.4987989507709845,760,0.9797206354764325
1323,191100,6.0948139048933,967,0.8866217507283952
1324,191300,6.343108704727358,809,0.9473266421677322
1325,191600,6.920993666004545,1284,0.9669250395231431
1326,191900,7.26923671633601,2043,0.9536959073698499
1327,192000,7.542364578459578,2464,0.9657884202046028
1328,192200,6.392416286350652,789,0.9582731546710924
1329,192300,5.864789724182503,472,0.952543404470421
1330,192400,4.946225952897203,326,0.8547284713953298
1331,192500,5.138402804517987,349,0.8775985799650331
1332,192600,6.297589479249377,728,0.9555844919971594
1333,192900,5.807791712877533,343,0.9948715113588464
1334,193000,6.589814655461726,1074,0.944215143221353
1335,193300,5.954568426454724,729,0.9033469598987887
1336,193400,6.232275615403156,645,0.9633690629071237
1337,193500,4.778649943588016,177,0.9232055080469713
1338,193700,6.8863401186780235,1404,0.9502226501144457
1339,193800,5.2872095552322005,251,0.9568825603033697
1340,193900,6.057922768212702,541,0.9625805146297287
1341,194000,5.076730553361635,306,0.8869843748160404
1342,194300,6.143411897549324,533,0.9784806776167893
1343,194400,6.329729679897452,668,0.9731625523067378
1344,194500,5.063393855915566,254,0.9144100052030714
1345,194600,6.445291545325272,1150,0.9145478248414922
1346,194700,5.752497690322948,372,0.971887287042651
1347,194800,7.134548565822205,1595,0.9674450811150922
1348,195100,5.532816160373129,400,0.9234497036361106
1349,195200,4.950285457175061,371,0.8367336687944923
1350,195400,6.464289858386706,838,0.9603732692270915
1351,195500,6.315435257941319,778,0.9487298651976399
1352,195600,6.855731775236561,1359,0.950270646697387
1353,195700,7.343594364788399,1811,0.9789325787623615
1354,195800,6.5586157845490405,1122,0.9338942016505167
1355,196300,5.99526209059238,426,0.9902258074955438
1356,196600,5.978025500896308,494,0.9638035097631489
1357,196800,6.467800218876691,777,0.9718065039106555
1358,196900,6.164974679556012,580,0.9688743439818766
1359,197000,5.629831013685079,495,0.9073702315496417
1360,197100,6.406418857310289,1107,0.9139741908073645
1361,197200,7.115525059442408,1785,0.9503619590048312
1362,197500,6.1012172818248995,654,0.9410945941614768
1363,197600,6.421442880571199,647,0.9921352456105522
1364,197800,6.6889202229369324,1228,0.9403608307992509
1365,197900,5.719790077793566,346,0.9783374628321652
1366,198000,6.846919998203225,1035,0.9862813947403325
1367,198100,7.1288620033518875,1692,0.9589967433745733
1368,198200,3.751845388845053,224,0.6932909789173981
1369,198300,5.29859557953089,330,0.9136938992439334
1370,198400,5.869563760464913,515,0.9400075068206449
1371,198500,4.976151433093422,288,0.8787190817503222
1372,198600,6.163792557618441,567,0.9721519337231409
1373,198800,7.118352793077092,1360,0.9865718692741169
1374,199100,6.287058642685536,909,0.9228919785727082
1375,199200,6.272156422099579,840,0.9314988950389357
1376,199300,6.976061080517253,1443,0.9589773432112142
1377,199400,6.634723889725815,1068,0.9514136316581238
1378,199500,6.666649968473478,917,0.9773559492485329
1379,199600,5.560122002630818,283,0.9848860689756839
1380,199700,5.5254529391317835,251,1.0
1381,199800,6.30855859633227,847,0.9357518053770348
1382,199900,5.34912731427507,261,0.9612917057929782
1383,200100,6.021486098682555,651,0.9294554505949286
1384,200200,5.893077720651862,418,0.9764055753522011
1385,200600,5.731998655739851,330,0.9884302592287316
1386,200700,4.890192924524692,240,0.8922669405746482
1387,200800,5.614397249948179,290,0.9902143142358668
1388,200900,5.166678554195388,267,0.9247267966904341
1389,201000,6.396877960050508,745,0.9672624104120022
1390,201100,6.135069788620756,547,0.9731334143381171
1391,201200,5.8109681194255725,542,0.9230695125665347
1392,201300,7.630243499233144,2570,0.9717998938518073
1393,201400,7.290621190279412,1753,0.9761064814117153
1394,201500,6.130112292803528,461,0.9994642855118668
1395,201700,7.23927204598688,1720,0.9717039902936143
1396,201800,5.924255797414533,374,1.0000000000000002
1397,202000,6.322445194129646,661,0.9736194734283379
1398,202100,4.908113474913427,236,0.8982914646821603
1399,202200,4.8890310351480135,277,0.8693129119476033
1400,202300,6.746563279954821,1248,0.9463152903427311
1401,202400,6.242635243971025,559,0.986798568459619
1402,202500,7.083806572210628,1423,0.9756607016241895
1403,202600,6.029669111183432,542,0.9578100607352453
1404,202700,6.109333751959172,624,0.9492217245239636
1405,203000,5.4773526712757175,513,0.8777420753786929
1406,203100,5.37951506435358,470,0.8743293965921739
1407,203300,6.574080158563339,975,0.9551964963381205
1408,203400,7.456298249867737,1850,0.9911414074721047
1409,203700,5.394218808762378,270,0.9635248733068825
1410,203800,6.510891645030844,735,0.9865180908939645
1411,203900,5.732529221882938,592,0.8980219728379908
1412,204000,6.491076272682868,726,0.985355140845258
1413,204500,5.523909282978691,646,0.853667198272734
1414,204600,6.569320169089683,820,0.9791358143751717
1415,204700,6.0821400185764745,563,0.960346041181039
1416,204800,5.818387382061671,416,0.9647970555521256
1417,204900,6.83089961673805,1309,0.9517739662579843
1418,205000,4.134081350991388,190,0.7878906774843824
1419,205100,5.85793315448346,350,1.0000000000000002
1420,205300,6.268654980796893,848,0.9296701690850389
1421,205400,4.8931485088843605,403,0.8156693204464411
1422,205500,5.8070957155224585,362,0.9856494225952059
1423,205800,5.8368953947473035,358,0.9925793135155754
1424,205900,6.04773132581841,942,0.883137655905579
1425,206000,5.242431694661493,392,0.8779436968795619
1426,206200,5.092701725282552,234,0.9335292309275229
1427,206300,6.351386349646261,1065,0.9111508089462258
1428,206400,6.571912538103812,876,0.9699715779041452
1429,206500,6.625300547033294,837,0.9844686098237664
1430,206600,6.503453892923133,1180,0.9194409590899609
1431,206800,6.453897304943346,851,0.9566414239072161
1432,206900,6.3210818225503305,999,0.9152028738722903
1433,207000,6.301912967827778,978,0.9152427735673939
1434,207100,6.000286692860421,885,0.8842692787668516
1435,207300,5.588360006637925,617,0.8698013898563511
1436,207600,5.156475898291263,281,0.9145355694519616
1437,207800,5.977585264809852,551,0.9470590012973139
1438,207900,6.476808929332993,808,0.9674731330765786
1439,208000,6.876716979645918,1524,0.9382765764935698
1440,208100,6.40505705944,1190,0.9044508089483976
1441,208300,5.5860682087653215,444,0.9163761442859649
1442,208400,6.980007441175061,1438,0.959977890883521
1443,208500,5.064387869056047,253,0.9152415313205564
1444,208900,6.475016539673118,1048,0.9310356246346837
1445,209000,6.6933324712627655,1162,0.9483464525299189
1446,209200,6.378807767800099,627,0.9903525401987399
1447,209300,5.599969630572874,457,0.9143280187998872
1448,209400,7.25711059073698,1770,0.9703660792901471
1449,209500,6.151729614511901,659,0.9477725529074489
1450,209600,7.143326682109114,1807,0.9525168010012416
1451,209900,5.450973662127874,420,0.9024410265266914
1452,210000,7.004809464288197,1503,0.9575666905721376
1453,210100,4.952124197269869,308,0.8642300107904958
1454,210200,5.445053299690533,400,0.9088017223299443
1455,210300,6.148165216407544,548,0.9749281369197901
1456,210400,7.011984342013509,1711,0.9418591503725658
1457,210500,7.105474170857487,1570,0.9655710627156907
1458,210700,4.4158056211297705,235,0.8088170081208059
1459,210800,6.108071502768618,516,0.9779005918573499
1460,211000,5.510164902267121,396,0.9212143997483624
1461,211200,7.185289278623015,1831,0.9564295315041654
1462,211400,5.300760265240112,325,0.9164800280331008
1463,211500,6.504577259591156,822,0.9691342150811407
1464,211800,4.964962247280372,157,0.9819463765049992
1465,211900,5.894043782285345,397,0.9849776979257
1466,212000,6.866826069068188,1090,0.9818261189226016
1467,212100,6.504183532174892,925,0.9523250309084549
1468,212300,5.881288351920745,417,0.9748391015315545
1469,212500,6.851342034043393,1045,0.9855533052608029
1470,212800,6.094525227741622,464,0.9926123489621338
1471,213000,6.660056490685573,919,0.9760775631062413
1472,213100,6.9894024295751915,1325,0.9722130132285625
1473,213300,4.890145048384384,334,0.8415120290997198
1474,213400,5.744197476228575,489,0.927626166264
1475,214000,5.490012022413866,502,0.8828372811799353
1476,214300,6.434646788654321,908,0.9447094291418879
1477,214400,6.455544063106517,783,0.9688451900396353
1478,214500,6.297278576487518,631,0.9767302359695152
1479,214600,6.381712937283805,713,0.9714180661890585
1480,214700,6.5993863235104335,940,0.9639938830004509
1481,214800,4.484705394829941,125,0.9288347110052664
1482,215100,5.397093917764543,433,0.8890342754998902
1483,215200,6.663326760942139,1112,0.9500152639239128
1484,215400,5.314460038682856,278,0.9443528502219285
1485,215500,5.775398710120983,769,0.8691225954052875
1486,215900,5.507407860401743,571,0.867665063302493
1487,216000,6.3259237398261075,719,0.9616991596213537
1488,216200,6.462747769737247,701,0.9863014102623285
1489,216300,6.773543085222942,1354,0.9393584277470309
1490,216500,5.020940932691158,300,0.8802826817118052
1491,216600,7.090285113971428,1685,0.9543394875667643
1492,216700,6.411477198413863,656,0.9884857016407106
1493,216800,6.160016432892202,536,0.9802490327231571
1494,217000,6.386101363963521,1049,0.9181246981392603
1495,217100,6.716117721758787,914,0.9850813468258909
1496,217200,5.619928299784808,313,0.9780246387800507
1497,217500,5.656310918749095,306,0.988246146077161
1498,217600,6.130142763821208,473,0.9952992082693147
1499,218000,4.760364470084272,184,0.9128328116292784
1500,218100,6.538940540619398,1135,0.9295678040175904
1501,218200,7.1562555214528984,1515,0.9772072503947519
1502,218400,4.605312927924119,193,0.8750872201508864
1503,218500,7.29380944203481,1818,0.9717962759864383
1504,218600,6.088351209889639,512,0.9759593441886781
1505,218800,5.268329516614651,240,0.961261924075473
1506,218900,6.0854096338381645,629,0.9443335946192457
1507,219000,5.250208246080742,243,0.9557890987084758
1508,219100,6.85411825369869,1259,0.9602196868830899
1509,219400,5.017048270716179,231,0.9218418242717294
1510,219500,5.539796291731022,307,0.9673377983664779
1511,219600,5.500618655014877,559,0.869505009066993
1512,219800,5.31174742396839,366,0.8998945257044315
1513,219900,6.30850515504611,568,0.9946995237940714
1514,220000,5.104256483341176,360,0.8671706201705789
1515,220300,5.984360099664462,591,0.9377205615678054
1516,220400,7.5469572693629665,2534,0.9629224783475123
1517,220500,5.249624720733892,230,0.9653453770194058
1518,220600,5.851906149312824,364,0.9923271938736017
1519,220700,6.637595104827824,894,0.9767337381021837
1520,220800,6.253430373899563,924,0.9157554613949599
1521,221000,6.399534494027046,851,0.94858339100317
1522,221100,6.242873769129266,535,0.9937294961589774
1523,221300,6.3982246855739024,947,0.9335977605202382
1524,221500,5.914052398791618,577,0.9301980374608723
1525,221900,4.597781219071935,198,0.8694306078693014
1526,222100,5.982147114071984,686,0.9159790544345303
1527,222400,6.271591175601218,890,0.9234850034007912
1528,222500,5.486664714561723,283,0.9718742933977821
1529,222600,7.366539517047259,1957,0.9719456738175617
1530,222800,6.653285079925341,914,0.9758654179208045
1531,222900,5.899459537592719,1007,0.8531726872849156
1532,223000,5.414587011317472,248,0.9820725469760968
1533,223100,4.078104243691452,86,0.9155335164641274
1534,223200,5.886770332639813,431,0.9704361091493727
1535,223400,5.721431322774359,442,0.9392776649909698
1536,223500,6.139057793532408,546,0.9740486958132883
1537,223700,5.119677307293375,201,0.965374873979685
1538,223900,6.142591668828633,593,0.962005427711461
1539,224000,5.631099065343413,335,0.9685195463913675
1540,224100,6.566974017136397,992,0.9517735588842469
1541,224200,7.176175526563319,1482,0.982883201023204
1542,224300,6.794767778567146,985,0.9858002391970723
1543,224400,6.620199518526148,1070,0.9490762250636277
1544,224500,5.4018345202039395,541,0.8583306277337429
1545,224600,5.108448960654586,596,0.7994141733945972
1546,224700,4.044823709438436,148,0.809416027947058
1547,225000,4.109603847500708,157,0.8127777022141057
1548,225200,6.134728931446997,543,0.9742135033335197
1549,225300,6.216496087422989,659,0.9577508661982262
1550,225400,4.426853114610539,126,0.9153422401302864
1551,225600,5.356615395182259,260,0.963301938615752
1552,225700,8.00132777388345,3358,0.9854943218332652
1553,225800,6.227800217107539,588,0.9766452708406834
1554,225900,6.295150455285828,666,0.9682925656752921
1555,226000,6.711085032543012,1167,0.9502836204361301
1556,226100,5.724467595850421,334,0.9850849605557613
1557,226200,6.772982536697105,1235,0.9514184360925316
1558,226300,6.378746329910896,696,0.9745463055345753
1559,226500,6.6017677421165,964,0.9608033802861426
1560,226600,6.376016840755072,635,0.9879744859438012
1561,226700,5.513531713688391,312,0.9600432967531369
1562,226800,7.259477494276974,1912,0.9607687503135783
1563,227000,6.031076638015286,485,0.9752476443207058
1564,227100,6.417220628113904,848,0.9517031332351693
1565,227200,7.34781957496228,1822,0.9787057668603114
1566,227300,6.433151854361696,1043,0.9256524787260488
1567,227400,6.142914952481894,601,0.9600412301967531
1568,227600,5.221857642091376,279,0.9273062076884653
1569,227700,4.221146185442967,368,0.7144696900194853
1570,227900,6.07073772800249,433,1.0
1571,228100,6.676374195036123,1449,0.9172571164078961
1572,228300,4.946371280156608,405,0.8238614792167334
1573,228600,5.424603195153836,252,0.9810421852421719
1574,228800,5.850521369232228,772,0.8799120114078814
1575,228900,4.908142096029785,243,0.8935166931329552
1576,229000,7.22466306315133,1506,0.9873518301719966
1577,229100,6.5035262757041465,674,0.9985101347498989
1578,229300,6.3284400623967985,847,0.9387008336660391
1579,229600,6.254186555122088,557,0.9891849775826144
1580,229700,5.183911615609729,367,0.8778313249877292
1581,229800,5.85239055595991,352,0.9980829934043318
1582,229900,5.5612040882667815,310,0.9694297918480915
1583,230000,5.594554761493036,273,0.99734074183157
1584,230100,6.2937983728324145,905,0.9244798055329106
1585,230300,6.1607820066610355,840,0.9149583086863583
1586,230400,5.009484039806736,207,0.9393864994593673
1587,230500,5.997190440612432,451,0.981301233804917
1588,230600,6.754643556404701,908,0.9916900908188797
1589,230700,5.542610456923825,448,0.9079112503751798
1590,230800,6.810388602231779,1550,0.9270867324743568
1591,230900,5.4481203779304215,417,0.9030403640255006
1592,231000,5.266856440070413,401,0.8786937493585296
1593,231100,5.271442852685093,618,0.8202680029041035
1594,231200,5.781685251102557,689,0.8846934659851938
1595,231400,5.501740085771615,287,0.9721278159424637
1596,231500,5.524065321551989,253,0.9983149266476675
1597,231700,6.576322945376425,1039,0.9467765187060475
1598,231800,5.418935632698272,497,0.8728126047815696
1599,232100,6.0163985408239995,683,0.9218422246975712
1600,232200,6.674899602716104,882,0.9841802690922529
1601,232300,5.887332490995247,412,0.9777959907149799
1602,232400,6.807253693401498,1616,0.9214295626837982
1603,232500,6.993230585158928,1594,0.9483630081122887
1604,232600,5.227297895764995,208,0.979346248721753
1605,232700,4.964962727212716,168,0.9689690925171062
1606,232800,5.117381723822437,221,0.9479858253223136
1607,232900,5.894392400886133,416,0.977400104052317
1608,233000,6.04183576268553,450,0.9889656100582631
1609,233100,6.852623457441149,1142,0.9733098556189633
1610,233200,4.971061097139734,337,0.8541220385735594
1611,233400,5.722595179650893,378,0.9642286772146018
1612,233700,6.411242189860371,830,0.9538515302052977
1613,233900,4.165577347115766,117,0.8747217981009493
1614,234000,5.981527938199997,843,0.8878665986472468
1615,234100,6.453094021324604,763,0.9722529982875756
1616,234200,6.11819553486454,489,0.9880228338156247
1617,234400,6.783060484355117,903,0.9966701450310386
1618,234500,6.02566088203492,549,0.9552261965957806
1619,234600,6.841578113081942,1095,0.9775764359569857
1620,234800,7.199967370806068,1542,0.980810333881123
1621,234900,6.888505704102576,1203,0.9712279321944193
1622,235000,6.610647750725855,1499,0.9040135914822548
1623,235100,6.153871947603363,952,0.8972535678216489
1624,235200,6.697531056352791,1155,0.9497544213115097
1625,235400,6.939756176511336,1377,0.9601660533723094
1626,235500,7.339544450309844,1936,0.9697643564852568
1627,235600,5.266158951172223,220,0.9763668154531092
1628,235700,6.7535554577473595,1230,0.9492304011759598
1629,235800,5.841422690614644,347,0.9986490595702079
1630,235900,5.551551131372378,583,0.8717631829779621
1631,236100,6.856949141887457,1236,0.9631039410602028
1632,236300,6.888456288422741,1085,0.9855667279200474
1633,236400,6.460115903456225,877,0.9533105936034456
1634,236500,5.126409715222578,193,0.9741044088117475
1635,236600,6.443275924563348,972,0.9366103611599293
1636,236800,6.079026505619844,571,0.9577207738217914
1637,236900,6.7471757232055385,1189,0.9528741139710863
1638,237100,6.061744372235276,431,0.9992806396121444
1639,237200,5.315019277329068,361,0.9025521185760368
1640,237400,6.200652254798225,591,0.9716125062029746
1641,237600,6.723062571370802,965,0.9783086799649239
1642,237800,5.804864535296325,549,0.9202241514016732
1643,237900,5.856253694406061,377,0.9871900957157436
1644,238000,7.154821173232283,1664,0.9646542849608027
1645,238300,5.59074314713162,300,0.9801816903034342
1646,238500,7.009923130642023,1395,0.968134549611412
1647,238600,5.72317399130555,477,0.9279543880848561
1648,238700,5.3784580572080465,228,0.9906273103198636
1649,238900,5.855645410712109,535,0.9320911776955848
1650,239200,6.664273811608329,894,0.9806595565032641
1651,239300,6.1754234548008835,512,0.9899169770700694
1652,239500,5.359427244819447,225,0.9895361693513092
1653,239700,6.1990375356615885,795,0.9282300051773326
1654,239900,5.399687023282392,308,0.9423373462582675
1655,240000,5.606378069511475,279,0.9955899878619273
1656,240200,6.449205187383544,887,0.9501108531782039
1657,240300,6.2424694764030395,768,0.939594678208683
1658,240400,6.725688449265032,1330,0.9350410058564681
1659,240500,7.063805705213973,1291,0.986128117514016
1660,240700,6.777249137059444,991,0.9823930390703808
1661,240800,5.920649200653992,1077,0.8479955018807712
1662,240900,5.321682251993869,478,0.8625636985438836
1663,241000,5.927896221150183,471,0.9631247594340346
1664,241200,7.554161504365236,2139,0.9851420432457387
1665,241300,6.754450048677777,931,0.988033041860888
1666,241600,6.462387028040728,1176,0.914073844968115
1667,241700,6.8510100788051815,1087,0.9799508994581103
1668,241800,5.700843346885597,355,0.9708325941797703
1669,241900,5.401070592062289,456,0.882168548024915
1670,242000,5.408822938763521,262,0.9713520661500329
1671,242100,6.658963625372202,1116,0.948907416642634
1672,242300,5.437659687349064,433,0.8957164567111462
1673,242400,6.790955656353981,1002,0.982807255129296
1674,242600,4.973325783888713,188,0.9497528702105505
1675,242700,6.399738286481398,644,0.9894923306571687
1676,242800,5.924090124476185,721,0.9002302057426531
1677,243000,5.757105407616798,437,0.9469027410137989
1678,243100,5.783084327542547,383,0.9722680411365872
1679,243300,5.60114733661518,328,0.9668797132650822
1680,243500,5.019468543568532,254,0.9064774314719422
1681,243600,6.672252606852362,904,0.9802291571575316
1682,243700,7.021726240039003,1466,0.9631610626982844
1683,243800,5.9809768432949415,630,0.927898979615447
1684,243900,5.554390174226168,284,0.9832564179004247
1685,244000,6.031471916577198,683,0.92415179148304
1686,244100,3.5600603153918855,83,0.8056548383099672
1687,244200,5.095788335648782,183,0.9781748499071018
1688,244300,5.897761733724593,428,0.9733688428756713
1689,244600,6.203697274978809,719,0.9431176696506308
1690,244700,5.047094946381238,328,0.8712382341164624
1691,244800,5.685883338601647,620,0.8843128161379231
1692,244900,6.406657287584489,852,0.9494738988689888
1693,245100,5.148560496913598,542,0.8178463778553898
1694,245300,6.42780315317444,912,0.9430960500459677
1695,245400,6.725691856052569,931,0.9838263271271744
1696,245500,6.178757289210139,490,0.9974738330951015
1697,245700,6.025411921941454,706,0.9185617911705544
1698,245800,6.37965858899009,736,0.9664348120344799
1699,245900,5.858121165450121,431,0.965713284108317
1700,246200,6.461816366608591,1135,0.9186039255992824
1701,246400,6.093023634973017,948,0.8889274158446965
1702,246500,6.627433834280323,1307,0.9236211183881574
1703,246600,6.411809365272928,657,0.9883048167889341
1704,246700,6.300968519210788,759,0.9500854690188522
1705,246800,5.899385285871216,519,0.9436142007486908
1706,246900,6.995814302083244,1538,0.9533370488965005
1707,247200,6.340271740061404,575,0.9977813220436595
1708,247300,6.531537549732199,969,0.9498671034906875
1709,247600,5.298054368512741,265,0.9495180830868106
1710,247700,6.040521446025592,775,0.9079581857275552
1711,247900,6.591078423438534,796,0.9867475936889378
1712,248000,6.642496782553733,826,0.988967922963082
1713,248100,6.153903587215868,571,0.969517290330046
1714,248200,5.289277739460908,374,0.8928172449557729
1715,248400,5.566882950956776,262,0.9997375247161282
1716,248600,5.494333032807159,411,0.9128932355111897
1717,248700,6.076312892839895,507,0.9755642864460646
1718,248800,6.763913991268531,1087,0.9674928986174944
1719,249000,5.493155138584509,283,0.9730239674874447
1720,249100,5.695849456928402,347,0.9737618735850309
1721,249200,5.366900775497872,282,0.9512565003318081
1722,249400,5.138595566740964,545,0.815548367172448
1723,249500,5.382382363919995,516,0.8617179574427309
1724,249600,6.694429934587187,1050,0.9623210240332112
1725,249700,6.046517280302206,1082,0.8654490464570652
1726,249900,5.268666388986571,765,0.7934886917833006
1727,250400,5.739792912179235,311,1.0000000000000002
1728,250700,6.21403799054922,654,0.9584968524626543
1729,250800,5.815931155583714,378,0.9799553225188617
1730,251100,5.618309624944267,555,0.8891182110449429
1731,251200,7.632009919327915,2645,0.9684767785255164
1732,251300,7.357655476227631,2168,0.9578334516629406
1733,251600,5.626570405969303,650,0.8687037848435445
1734,251800,4.701298356210483,281,0.8338067808646756
1735,251900,6.908771908149314,1297,0.9638610251045859
1736,252000,5.730598150788928,412,0.9517648111110589
1737,252100,6.084334744307906,488,0.9828796023147652
1738,252200,3.730630095141489,118,0.7819905084502067
1739,252300,6.88834870645008,1457,0.9456646382479762
1740,252500,5.45608969227441,288,0.9634694982267349
1741,252600,6.055798103695506,968,0.8808136258996216
1742,252700,5.654717507116456,310,0.985731062711664
1743,252800,5.832010137595143,365,0.9884934920187846
1744,253000,4.614325344218997,225,0.851964513497739
1745,253100,6.458463555249797,957,0.9409453020306642
1746,253200,6.119491750864652,536,0.973800303114774
1747,253400,6.735997332450351,1372,0.9324438261513553
1748,253600,5.709754259254121,352,0.9737574019006608
1749,253800,5.980337922058036,448,0.9796135093165611
1750,253900,5.716297909156346,685,0.8754681007226842
1751,254000,5.660067572774978,372,0.9562711736566608
1752,254200,7.007214297226125,1696,0.9423329861431178
1753,254300,6.069755168556217,879,0.8954045983416468
1754,254400,5.209027119975103,193,0.9898031107658743
1755,254600,5.388740595202414,304,0.9425773105624345
1756,254700,6.504839935190358,765,0.9796628879792836
1757,254800,5.415654019855115,237,0.9904159574095069
1758,255000,5.676703465150169,366,0.9617238856812056
1759,255100,7.0758117692126765,2042,0.9283789306953412
1760,255200,6.290383414973798,860,0.9309525465999653
1761,255300,5.376809857471567,223,0.9943848808079657
1762,255400,6.113023826850882,510,0.980529531304901
1763,255500,5.9644065950030285,708,0.9088697000458436
1764,255700,6.859223608078048,1354,0.9512406465836248
1765,255900,5.810226817568611,401,0.9693467146950726
1766,256000,6.356017638574915,709,0.9683360050937899
1767,256100,6.973043000001864,1365,0.9659412961824829
1768,256200,7.067224452705162,1328,0.9827287634166894
1769,256300,5.565945080100617,379,0.9374166131966094
1770,256400,5.3014460988549015,348,0.9058890421472913
1771,256500,6.274803120513049,864,0.9280094047738684
1772,256600,5.694944768209281,377,0.9599982111762959
1773,256700,5.425967405555717,508,0.8708744984169009
1774,256800,4.916138023720461,163,0.965131353112257
1775,257000,6.15329427094281,806,0.919488534170374
1776,257100,5.8407294338102185,1012,0.844074608110747
1777,257300,6.214867317078541,1041,0.8944910202414137
1778,257400,6.208134783579418,748,0.9381527472699973
1779,257500,5.88489855038985,363,0.9983875747650379
1780,257600,6.481935463958914,795,0.9705905077452619
1781,257800,4.997143612218592,218,0.928061694540796
1782,257900,6.588165629317898,1051,0.946916007025023
1783,258000,6.627542021968846,827,0.9865636651923346
1784,258200,5.7273127403586095,345,0.9801093876630789
1785,258400,5.5339581332325505,279,0.982729534537705
1786,258600,6.421588705171613,739,0.9721875957791445
1787,258700,6.130697882216426,568,0.9666635936863918
1788,258800,4.92589444541392,242,0.8974221773259204
1789,258900,7.013564125978933,1570,0.9530813009385505
1790,259100,5.8624662025693155,398,0.9792889339786445
1791,259200,5.734417143999134,393,0.9599263311983559
1792,259300,5.897206030525624,383,0.9914544956868145
1793,259400,5.371789855125272,241,0.979396305873176
1794,259500,5.58082604593292,366,0.9454807254166665
1795,259600,6.482854824954032,927,0.9489020618683158
1796,259700,4.922274984040737,302,0.8619801932611945
1797,259800,4.82502861010693,179,0.9301464727520695
1798,259900,7.422202285017686,2027,0.9747698994026887
1799,260000,4.690384295995539,159,0.9253251016148822
1800,260200,4.534373842574998,224,0.8378917983781802
1801,260300,5.300231763176585,212,0.9894793981454396
1802,260400,5.208580124063221,410,0.8657653026345434
1803,260900,5.951067036708017,499,0.9579018764408137
1804,261000,6.364015842324669,791,0.9536537815429743
1805,261100,6.162964364244017,525,0.9839649509520332
1806,261300,7.23889595179393,1919,0.9575817156564326
1807,261800,5.578726764325383,523,0.89122999618294
1808,261900,5.387779341467726,274,0.9598532653007004
1809,262000,4.266968829212663,105,0.9168468375688329
1810,262100,5.94069258772738,467,0.9665431737675068
1811,262200,5.999700939729582,433,0.9882984916404416
1812,262300,6.264749976849614,592,0.9813963288789549
1813,262400,5.411412873512809,417,0.8969559980694861
1814,262500,6.364331096450305,890,0.9371408562334653
1815,262700,5.392647218658301,241,0.9831990653528704
1816,262800,6.224447547076334,709,0.948291369594615
1817,262900,6.138792115566105,729,0.931294897949303
1818,263000,4.535367105244871,197,0.858450163595763
1819,263100,7.413757453593128,2132,0.9672453534793924
1820,263200,6.702470543370618,1297,0.9350793765598542
1821,263400,4.8306706789044025,272,0.8617269432233523
1822,263500,6.395326710909028,873,0.9443868238518875
1823,263600,5.2591786106862894,311,0.9162662645070118
1824,263700,6.457695521114902,756,0.9742992167072407
1825,263800,4.362987505295032,119,0.9129262952890206
1826,264000,5.992320549057109,573,0.9435409195423039
1827,264100,5.473959159913644,251,0.9906806229669507
1828,264200,6.473635580301397,973,0.9408828784809092
1829,264300,6.350114725314336,1054,0.912327224509836
1830,264500,6.4205067576937,894,0.9447888078305989
1831,264600,5.393829734854174,308,0.9413151496735549
1832,264700,6.274070436333064,538,0.997807182891155
1833,264800,5.1502500541464915,296,0.9050834302273921
1834,265100,6.585842309912678,1474,0.9026975684070321
1835,265200,4.496495134322701,186,0.8604502696124141
1836,265300,5.3237558018459,216,0.990414895391351
1837,265400,6.5303898953064365,1262,0.9145624032379651
1838,265500,5.449340057581001,279,0.9677029152362052
1839,265600,6.747955115244743,1129,0.9600044178793882
1840,265700,7.158769288337216,1806,0.9546464390361736
1841,265800,5.1000664955071375,269,0.9115870595401645
1842,265900,6.871933112245916,1316,0.9567803144702877
1843,266100,5.750963361358206,388,0.9647640009867292
1844,266300,6.255564655794128,984,0.9077051989240759
1845,266500,6.245497030177315,574,0.9831357443573964
1846,266600,6.054372212687289,460,0.9874651055661245
1847,266700,5.537334267018537,254,1.0
1848,266800,5.7888785732742445,389,0.9707053834152225
1849,266900,5.068444144783442,247,0.9199649462149884
1850,267100,5.47994116773549,294,0.9641707149473957
1851,267200,5.151205831366735,600,0.8052622287578806
1852,267300,5.752572638825633,315,1.0
1853,267500,6.713331000980389,1228,0.9437926163126565
1854,268000,6.700606550304855,1153,0.9504241282389989
1855,268100,6.071702696781277,622,0.9438456769765929
1856,268200,6.8587901126552895,1569,0.9321295882033208
1857,268300,6.120231283826392,480,0.9913254493799685
1858,268400,4.788549972788372,341,0.8210985031747198
1859,268500,4.7400891162908465,203,0.8921335131723428
1860,268600,6.026437327980481,415,0.9996945741236012
1861,268700,5.019632071078511,215,0.9346435274150247
1862,268900,5.305331855398661,234,0.97250587879478
1863,269000,5.946219864113637,597,0.9302717414240053
1864,269100,6.893891852287686,1675,0.928649328695677
1865,269200,6.865525534605501,1148,0.9744171504294504
1866,269300,5.2459511983914,254,0.9473784578325581
1867,269400,5.803096846658383,496,0.9349916790143175
1868,269600,6.006338514026914,574,0.9454885747792436
1869,269700,5.7290956287440284,547,0.9087385445247935
1870,269800,6.7096257363878085,1054,0.9639785248565632
1871,269900,6.933349873786906,1108,0.9890216020375302
1872,270100,5.662692221397809,418,0.9382337241370649
1873,270300,6.226379174750718,769,0.9369893058384908
1874,270400,6.280329463540637,549,0.9955978844930251
1875,270600,4.602892617545841,274,0.8200227271327512
1876,270700,3.8957078607173057,200,0.7352726519014545
1877,270800,5.635627376473196,393,0.9433891842277436
1878,270900,5.693652124695237,362,0.9663944257304061
1879,271100,6.7336954715755795,1006,0.973958819961981
1880,271200,4.8940871900971,155,0.9703895818099567
1881,271300,5.839387886772169,349,0.997321290730728
1882,271600,5.269504091049658,341,0.9035682923268005
1883,271800,6.711865129464172,1003,0.9712208319182615
1884,272100,5.717162914412995,436,0.9406876360104078
1885,272200,5.872117789475417,355,1.0000000000000002
1886,272300,5.956076623011331,465,0.969723274168461
1887,272500,6.380958133797632,849,0.9461598656710021
1888,272600,6.490511653038281,810,0.9691620817528052
1889,272700,5.539391917607258,274,0.986863619111615
1890,272800,5.46345614370094,387,0.9169296290833615
1891,272900,5.683680977066951,432,0.9365989406012499
1892,273000,5.294330934453388,234,0.9704893300504167
1893,273100,5.366673126994269,230,0.9868692275576492
1894,273200,6.6022493159914735,929,0.9660732025661904
1895,273300,6.468876183834542,746,0.9779507986900129
1896,273400,6.001635106212515,508,0.9632698783727364
1897,273500,6.229623209200323,563,0.9836330582217139
1898,273600,6.930409535987103,1207,0.976678949364907
1899,273700,7.006206157750856,1525,0.955858856711795
1900,273800,6.011690611743133,801,0.8991647686569313
1901,273900,5.7211780521068025,715,0.8705009279411877
1902,274000,6.12768399768424,729,0.9296097238442916
1903,274100,5.893865551166245,551,0.9337948645464794
1904,274200,6.264773121216112,631,0.971688524599769
1905,274300,7.5341304842154315,2433,0.9663006424343448
1906,274400,6.6271209622076075,795,0.9923302592818164
1907,274500,7.061180002359906,1631,0.9546071470413987
1908,274600,5.1116180269449885,301,0.8956578355455885
1909,274700,6.014640441371739,617,0.9361498917709782
1910,274800,5.054801508233737,333,0.8702957127780033
1911,274900,6.0865545342732155,454,0.9948443670070768
1912,275200,5.74355436437232,429,0.9475534415557773
1913,275300,4.729661626755374,239,0.8636342745469847
1914,275500,5.92856801407634,376,0.9998277908824944
1915,275600,5.996852637832928,551,0.9501116284443125
1916,275700,5.584379391105028,501,0.8983003427111931
1917,275900,6.6771864775697205,897,0.9820755429927924
1918,276100,6.450913984108096,731,0.9782392359051252
1919,276200,6.588961672833765,875,0.9726518909572884
1920,276300,5.62922011072363,381,0.9472337454776714
1921,276500,5.0708995285327125,319,0.8795718022396937
1922,276600,5.439721630291225,242,0.9910335845803223
1923,276700,4.943147888778254,245,0.8985486046270841
1924,276800,4.690028422343681,170,0.9132033664929793
1925,277000,5.862128496339988,665,0.9018954712935451
1926,277100,5.845648234514792,460,0.9534223282310318
1927,277400,5.67274157101358,386,0.9524675069365285
1928,277500,4.827235094636402,173,0.9367284979158735
1929,277600,6.109023369391561,908,0.8969026847111988
1930,277700,4.98135246533179,168,0.9721677368059723
1931,277800,5.791537574661336,465,0.9429342728184669
1932,277900,6.38032716734879,639,0.987681352318637
1933,278000,5.2857668016991255,212,0.9867789914431606
1934,278100,4.655405808649382,148,0.9316005712006168
1935,278400,6.567538188740042,838,0.9757124540000373
1936,278500,6.795158009625738,1078,0.9731192279550793
1937,278600,5.9681068395075,1052,0.8576778187010702
1938,278700,5.024667997106997,219,0.9323809830377018
1939,278900,6.863712927280234,1120,0.9775859343358759
1940,279000,6.283076425512102,658,0.968235167791023
1941,279100,5.077382307522858,293,0.8938781718468728
1942,279300,5.5529014577707,333,0.95605461941575
1943,279400,5.118082498410809,204,0.9623856746999028
1944,279600,4.754183851066559,159,0.9379115606454306
1945,279800,6.554387802105104,856,0.9706939202648298
1946,279900,6.2715626509885425,671,0.963555861178769
1947,280000,5.704900520775677,481,0.9237407915792175
1948,280200,5.341602573615245,235,0.9783897623320936
1949,280300,6.541540392451399,763,0.985578737728457
1950,280400,6.559114465718986,904,0.9636078882607808
1951,280700,4.568754580581373,159,0.9013298334934428
1952,280900,6.805673898668968,1075,0.9750143059505512
1953,281000,5.882483514339157,449,0.9632325967119293
1954,281100,6.59217899368194,845,0.9781643740605162
1955,281200,4.36426822083223,139,0.8844444777648885
1956,281300,6.356392957925208,1097,0.9080127519614678
1957,281400,6.8059060570375625,1206,0.9592451449524224
1958,281900,6.860986647730963,1107,0.9788252780794287
1959,282100,4.376819428963515,116,0.920739746802793
1960,282300,5.534520845673954,563,0.8738791227665467
1961,282400,4.1890672469501915,109,0.8929346857474385
1962,282500,6.89570902081509,1234,0.9687683791010783
1963,282600,3.9844705114818524,82,0.9041807040363331
1964,282700,5.851484529729301,527,0.933667988507434
1965,282900,6.724739526912522,1598,0.911642665031767
1966,283000,6.158992347136836,657,0.9493360542203858
1967,283200,6.914731874438204,1200,0.9752689617617248
1968,283300,6.674120817538935,1036,0.9612563931760174
1969,283400,6.5446917761676895,766,0.9854709009470417
1970,283500,5.594711379601838,269,0.9999999999999999
1971,283600,6.553870762501866,939,0.9574941475646542
1972,283700,5.348885984323067,351,0.9126567290420502
1973,283800,4.63620590687087,416,0.7687693366159883
1974,283900,7.387374189012725,1974,0.9735835715108493
1975,284000,6.510092670103285,804,0.9731663150732027
1976,284100,6.907621077174517,1222,0.9717760028196498
1977,284300,7.0279559950269554,1599,0.9526675628503878
1978,284500,5.280205653606095,626,0.8199904259447875
1979,284800,6.231657595841785,683,0.9548245620240334
1980,284900,5.964577331740768,517,0.9546313064008923
1981,285100,5.8727132096536065,578,0.9234444525572579
1982,285200,6.6085900511875995,1237,0.9281148346317459
1983,285300,5.44522379424502,268,0.9739288989987028
1984,285400,6.685340597580276,1012,0.9661338209443915
1985,285500,5.072808212583364,178,0.9789695311177985
1986,285800,4.705598070051126,223,0.8702512642353982
1987,285900,5.961469324573022,490,0.9623957342433299
1988,286000,5.907434507744463,442,0.9698134920250492
1989,286100,6.469261034730742,807,0.9665244586032217
1990,286200,4.199302216558196,150,0.838077802530548
1991,286300,6.037517991143849,486,0.97596417421453
1992,286600,6.349343005179499,621,0.9872517717235401
1993,286800,6.760630868197812,1285,0.9444181949941077
1994,286900,7.771846314149492,2853,0.9768379700209385
1995,287000,6.338147610418278,807,0.9469357713066526
1996,287100,5.095651346004291,278,0.9054716447786095
1997,287200,7.020348938385927,1524,0.9578740825303211
1998,287300,6.683017019479404,915,0.9800691363483273
1999,287400,6.871691502343632,1454,0.943644877130057
2000,287600,5.583494046298267,329,0.9633261582945692
2001,287700,5.943795038434933,724,0.90265502492729
2002,287900,4.849831297371183,226,0.8947145065980164
2003,288000,6.258528957102531,866,0.9252861398010821
2004,288100,6.181995143833651,524,0.98730389745842
2005,288300,6.810546350001287,1222,0.958119363392955
2006,288400,6.229700393366231,572,0.9811882212413797
2007,288500,6.9745149465285765,1539,0.9503503554400544
2008,288600,5.381473521478262,332,0.9270195353412599
2009,288700,5.003183628696612,293,0.8808154211289706
2010,288800,6.0354379415362445,778,0.9066675519287869
2011,288900,5.7401628141334315,386,0.9637877023914139
2012,289000,4.916222194826478,196,0.9314352779792021
2013,289300,4.214909011878723,107,0.902003724338019
2014,289600,5.49378669733541,506,0.8823182114117529
2015,289700,6.795827674846851,1109,0.9692797405852801
2016,289800,5.5431874607390625,424,0.9162697004353437
2017,289900,4.739527460777883,187,0.9060273467668338
2018,290200,5.377209654919718,363,0.9122568996576501
2019,290300,6.599789082353006,855,0.9775870075009279
2020,290400,3.646147886083245,84,0.8229064869111921
2021,290500,7.047199935475957,1591,0.9559260864228065
2022,290600,6.391270897516481,680,0.979941729640772
2023,290700,5.29507555465006,255,0.9555718675890325
2024,290900,6.865477948810495,1225,0.9655141817443319
2025,291000,3.346408533031146,125,0.6930801756268778
2026,291200,5.513973844137329,301,0.9661586316625959
2027,291400,6.580469558586224,1331,0.9147563189038892
2028,291500,4.08321101501917,118,0.8558962363764521
2029,291600,5.74538975021335,429,0.9478562377095037
2030,291700,5.502016810465557,323,0.9522928176814635
2031,291900,6.65424481655592,1674,0.8964395242154788
2032,292000,6.172145744774967,585,0.9686945615584621
2033,292100,6.850891081225393,1496,0.9371238733965299
2034,292400,6.5973459171897435,809,0.9852963027880176
2035,292500,6.421162966257645,640,0.9937622210624557
2036,292600,6.923119981435553,1178,0.9790070221816144
2037,292700,6.887107575650603,1416,0.9492138290768087
2038,292800,5.75517745165267,587,0.9027694188346483
2039,292900,6.636786588582614,1472,0.9098496439483161
2040,293000,5.56988803379469,823,0.8297220877491962
2041,293300,7.2677763753170055,2168,0.9461328209748446
2042,293400,6.0366328820407675,681,0.9253583546447108
2043,293500,6.614759932610811,985,0.959684294784543
2044,293600,6.530828008011003,1050,0.9388033272233323
2045,293700,6.149966829593719,800,0.9200185560724062
2046,293800,5.711557854665298,378,0.9623689431364876
2047,293900,6.251657544527128,669,0.9609383721850596
2048,294300,5.458940497030381,271,0.9744421122744347
2049,294500,5.825032370854912,623,0.9052747313034579
2050,294600,6.13608540244554,560,0.969681842938609
2051,294700,6.964962959924528,1228,0.9791682569365266
2052,294800,5.188997822951311,200,0.9793671205339765
2053,294900,5.390474176327336,482,0.8725352765926924
2054,295100,5.526920833619641,273,0.9852836479833667
2055,295200,6.836493233714272,1393,0.9443694182968487
2056,295300,5.995738818043137,408,0.99741679151658
2057,295600,5.811650716469503,597,0.9092187231734745
2058,295700,5.897885494025408,748,0.8912689031718442
2059,295800,5.752679845160786,531,0.9167964977295157
2060,296000,5.653923939847097,354,0.963305149411553
2061,296100,5.655991810819852,286,1.0
2062,296200,7.162321656541831,1813,0.954627691297419
2063,296600,6.272696024730976,881,0.9250321071950749
2064,296700,5.397191143460459,328,0.9316724434496724
2065,296900,6.249552734174476,658,0.9630690971101916
2066,297000,4.678421448587082,170,0.9109433530016272
2067,297100,6.618005311700187,1031,0.9538388526652994
2068,297200,6.308462164620266,774,0.948416747877026
2069,297300,6.742162674537733,1557,0.9172366289557489
2070,297400,5.80709194767301,423,0.9602670012264465
2071,297500,6.039396544164752,791,0.9050092732761709
2072,297600,6.735268888652793,955,0.9815727526918847
2073,297800,6.46268801628832,728,0.9806362363456393
2074,297900,5.458147963022792,284,0.9662193051175021
2075,298100,6.736427668933905,997,0.9756221322628762
2076,298200,6.221797038340359,544,0.9877515748274852
2077,298300,6.560863582809636,802,0.9811211343407272
2078,298400,5.912887129366304,713,0.9000538628501693
2079,298500,6.768315316192881,972,0.9838588828047589
2080,298700,5.617647772963155,276,0.999510160783942
2081,298800,6.319552434003146,931,0.9244167281672018
2082,298900,6.792629238900394,1310,0.9463409232877019
2083,299000,6.792696781096096,979,0.9863741479303021
2084,299200,6.7291353831676926,1330,0.9355202169540051
2085,299300,5.504469038130003,352,0.9387474882521992
2086,299400,5.80919415483933,422,0.960990744102549
2087,299700,6.532911489088683,746,0.987631518514909
2088,300000,6.637564467766897,891,0.9772125867060092
2089,300400,6.187592592851889,593,0.9690531260603664
2090,300900,5.121924178733472,254,0.9249801315482561
2091,301200,5.9777497455555055,467,0.9725723264982832
2092,301300,5.481025734482114,358,0.9320627479103535
2093,301400,6.323689940830983,587,0.9919475013120814
2094,301800,7.369582530244831,2069,0.9652594135872968
2095,302000,5.652037337641074,515,0.9051707661818391
2096,302100,5.770802032834155,507,0.9265139018790965
2097,302200,6.1312445479790725,481,0.9927746630270562
2098,302800,5.702284229502373,853,0.8449381237210842
2099,302900,7.1392610857249,1830,0.9503718551235462
2100,303000,5.401132385594876,268,0.9660427406506618
2101,303100,6.735463284808883,937,0.9843307087282777
2102,303200,3.693808339207802,116,0.777056538470367
2103,303300,6.284278085962688,730,0.9531678503640033
2104,303400,5.722937357033535,852,0.8481458272937091
2105,303500,6.781564284156205,1513,0.9262091615162905
2106,303700,6.588884716554457,960,0.9595090622859875
2107,303800,6.987821667366798,1301,0.9744708327713832
2108,304000,5.268209228782733,210,0.9852446764009346
2109,304200,6.011597713992533,567,0.9481477982577539
2110,304300,6.42314145773666,658,0.9898194810785296
2111,304400,5.752982573025372,328,0.993089773636845
2112,304500,5.850483742140847,867,0.864811535043819
2113,304600,5.98776898862857,594,0.9375109015252377
2114,304700,5.899863318359516,397,0.9859502243366102
2115,304800,5.696893598851267,302,0.9976300513985337
2116,304900,5.744867733461348,446,0.9417323550859563
2117,305200,5.958502984207097,701,0.9093469381390831
2118,305400,5.731866038029919,780,0.8607317993710394
2119,305500,4.78347837311378,315,0.8315372396740931
2120,305700,5.9829462887248805,466,0.973757409850181
2121,305800,6.001414877961152,404,1.0000000000000002
2122,305900,5.245435696575756,253,0.947960686169232
2123,306200,6.535400388487657,719,0.9935448671043288
2124,306400,6.830856386701419,1303,0.9523775835143954
2125,306600,6.145262896408951,638,0.9515238482098067
2126,306700,5.986109162017913,488,0.9670119807397615
2127,306800,5.263353037759696,209,0.985215972928675
2128,306900,6.075332698486932,718,0.9237984962448752
2129,307100,6.389167247970373,751,0.964926117503179
2130,307300,7.132138533540266,1767,0.9538721192814154
2131,307400,6.1191015545316985,584,0.9606274212153963
2132,307500,6.462340511296057,785,0.9694940211543669
2133,307700,5.958113405124999,595,0.9326220766936704
2134,308000,6.100338258342388,553,0.9659528813523928
2135,308200,5.699023875113522,336,0.979700012325288
2136,308400,6.9356284850624945,1530,0.9458075436904605
2137,308500,6.755575952338454,1036,0.9729881659778057
2138,308700,6.613811669362452,1003,0.9570322924801843
2139,308900,6.447111914568508,786,0.9670247033683572
2140,309000,6.525913212968902,873,0.9636703065405652
2141,309100,6.460208741075249,724,0.9810802432625995
2142,309200,4.699574901421598,228,0.8655877195142982
2143,309300,6.389835561151372,892,0.9405854738138884
2144,309400,5.608362982222719,327,0.9686358483798702
2145,309500,5.127378291123611,259,0.9227167431117923
2146,309600,4.8858338266786605,226,0.9013563840717917
2147,309700,5.867338481734853,408,0.9760568465028217
2148,309800,3.7209328044398635,82,0.8443770968050359
2149,310000,5.41299939924167,455,0.8844340444111105
2150,310100,4.924751988119571,280,0.8739903944860119
2151,310200,6.888932419571704,1079,0.9864174687156525
2152,310300,5.942451521503935,487,0.9602776163574275
2153,310400,5.411826834805533,257,0.9752662879387644
2154,310700,6.2582020773522355,913,0.918064332691443
2155,310900,4.892288799588101,194,0.928705491276552
2156,311000,5.860022824722305,406,0.975637407426584
2157,311100,3.7633987154783184,92,0.8322809992886367
2158,311200,5.862703870665332,413,0.9733136679924723
2159,311600,6.511196712671057,1034,0.9380519278414886
2160,311700,5.365229308163297,251,0.9710026249913799
2161,311800,5.955456260893692,539,0.9468562121375868
2162,312000,6.501989418245542,1165,0.9208995372544989
2163,312300,6.292742108515919,964,0.9158286273174301
2164,312500,5.420492545002361,331,0.934226465975903
2165,312600,6.130916696919295,496,0.9878098277216184
2166,312700,6.469342251107762,694,0.9888223121412694
2167,313100,6.283169412960198,537,0.999550002798897
2168,313300,5.725982519038821,401,0.9552918530561572
2169,313400,6.266220061793846,557,0.9910882409282841
2170,313600,6.5853322721529715,900,0.9680902830953519
2171,313700,6.332266534322313,651,0.9774264273786895
2172,314000,5.527937029390747,263,0.9920646481537165
2173,314100,5.538750334953884,256,0.9988409551200066
2174,314200,5.46878287487459,305,0.9560288124921054
2175,314400,5.131593682599435,332,0.8839749136026087
2176,314500,6.168431595064357,878,0.9101140801376582
2177,314600,6.381929996956227,677,0.9791733473088472
2178,314900,4.626446047394316,356,0.7874894631691003
2179,315100,6.3978733141983195,824,0.952891095884123
2180,315200,5.280998755045677,239,0.9643082082018248
2181,315400,6.486923112920751,770,0.976006916600712
2182,315500,6.50440727890306,704,0.9920126814709551
2183,315600,7.135036911308235,1722,0.9575634790753718
2184,315700,5.933815471720106,559,0.9379821796655524
2185,315800,5.477404300252393,258,0.9863936908753332
2186,315900,6.466620019722345,789,0.9693968741663788
2187,316200,4.304502314901953,196,0.8155378563772041
2188,316300,5.279934866934546,233,0.9686108274434884
2189,316400,5.900502932672914,369,0.998258490016233
2190,316500,6.388279659046484,846,0.947742943567435
2191,316600,5.729365579150172,416,0.9500355816781528
2192,316700,6.154790476723636,513,0.9863010272994119
2193,316900,7.285341290203775,1792,0.9725345217550695
2194,317000,5.398706403223557,1035,0.7776699132693521
2195,317100,7.010145516160656,1407,0.9670213203677672
2196,317200,6.617365449201816,997,0.9583786105632874
2197,317300,6.804231605411722,1157,0.9646486012326156
2198,317600,7.195780504486623,1647,0.9715217411108537
2199,317700,6.82369013768016,1047,0.9813057266841136
2200,317800,7.362808803765978,2019,0.9674721180051798
2201,317900,6.648944307707837,985,0.9646438410480294
2202,318000,6.052319868604442,472,0.9830015471506178
2203,318100,6.2626461673744505,531,0.9980691134059789
2204,318200,6.566866650240362,1107,0.9368645364085979
2205,318300,6.854178149881834,1129,0.975116341534865
2206,318600,5.726349137313138,492,0.9238313785085728
2207,318700,5.664699743495964,556,0.8962043029877581
2208,318900,6.316357448401835,761,0.9520281088204051
2209,319200,7.294861041115656,1885,0.9672722845155992
2210,319300,7.681853144342584,2501,0.9817759892783819
2211,319500,6.863163053693835,1065,0.984568757756528
2212,319600,5.743606156161274,359,0.9762521542928901
2213,319700,5.771240401255528,341,0.9896016292742175
2214,319800,4.677724697970067,131,0.9594944343501116
2215,320200,6.100247991520973,903,0.896340975354364
2216,320300,5.708555483544307,329,0.984903140896153
2217,320400,6.801208813402413,1142,0.9660071955389464
2218,320500,5.019813556676601,263,0.9008748731080407
2219,320600,6.290343659832917,654,0.9702667746846805
2220,320700,7.042453561687003,1226,0.9902891883360554
2221,320900,6.420140144723007,1281,0.8972445234125149
2222,321000,5.978213417119992,445,0.9803444727794183
2223,321100,6.5763673364663795,921,0.9635053610356221
2224,321200,5.165055585778829,367,0.8746382895199514
2225,321300,5.9744952919681875,879,0.8813519505550856
2226,321600,6.443832926625779,1214,0.9073679160211456
2227,321800,6.254335643099486,672,0.9606893176833443
2228,322000,5.355381046788219,285,0.9474376466712121
2229,322100,6.075271038382228,867,0.8980393253068039
2230,322300,6.03064861263822,484,0.9755040093490335
2231,322400,5.287184483807911,222,0.9786230252333993
2232,322500,5.2807953939260095,295,0.9285771544691146
2233,322800,6.011581907102643,642,0.9299249425785175
2234,322900,3.890338149369218,109,0.8292580825450708
2235,323300,5.9936202674886285,541,0.9523630957871279
2236,323400,5.867886152553643,480,0.9504518060392536
2237,323800,6.7608320785358265,1140,0.9605114347929098
2238,323900,5.381473793791988,260,0.9677723255681496
2239,324000,5.90570231592358,574,0.9296469142911254
2240,324100,4.51790949449806,188,0.8627823103106502
2241,324300,6.700323357307942,1504,0.9158597663805897
2242,324600,4.664318362501729,160,0.9190460331626753
2243,324700,5.181378108870383,255,0.9350535426883846
2244,324800,5.35804449721257,295,0.9421606673993129
2245,324900,6.364461030436351,653,0.9819309256830282
2246,325000,6.651858445468742,1019,0.9603384779471419
2247,325300,3.9433124179033854,122,0.8208357917637594
2248,325400,6.813988203539261,1332,0.9471190510897477
2249,325500,5.761366372547127,390,0.9656762772471393
2250,325600,6.197330299746726,753,0.9355780908886215
2251,325800,5.036106272685833,190,0.9598023953056105
2252,326000,6.556469632281569,777,0.9851293508955254
2253,326200,6.200608776116888,833,0.9220189973828915
2254,326400,5.900907522950758,490,0.9526188795174135
2255,326600,4.987136913491562,347,0.8526004455401209
2256,326800,6.290336637188074,613,0.9800528171853689
2257,326900,5.0182153525086015,254,0.9062511148005078
2258,327000,5.499442850653782,359,0.9347512319594075
2259,327100,6.4530897452308835,883,0.9513165821176208
2260,327200,5.679088097199591,550,0.9000256178905334
2261,327300,5.429288436910968,239,0.9913858433324358
2262,327500,5.427099896643803,459,0.8854716001078725
2263,327700,5.788468492477356,388,0.9710557469225783
2264,328000,4.290966169680164,91,0.9512524527711392
2265,328100,6.458115710053537,703,0.9851661498585063
2266,328300,5.170989359019991,238,0.9449440035740507
2267,328400,5.230057692693945,284,0.9258420152392796
2268,328500,5.021903656986023,356,0.8548021903668821
2269,328600,3.7549663737660612,138,0.7620809915019138
2270,328700,4.886814398079082,338,0.8392196259125866
2271,328900,3.9863765233198034,124,0.8270007610684952
2272,329000,5.899603020636017,514,0.94511246550324
2273,329100,6.79372124899558,1466,0.9318859143990428
2274,329200,6.117443080981277,959,0.8909904066727613
2275,329300,6.404536035616136,838,0.9514958866560522
2276,329400,5.607221206968442,308,0.9785555957733488
2277,329500,5.742254326365247,425,0.948805307735703
2278,329600,7.053197235464725,1603,0.9557654215827824
2279,329700,6.367994018828977,787,0.9549754119979799
2280,329800,7.237155840359602,1956,0.9549391116437261
2281,329900,6.885572850218839,1165,0.9752278023869294
2282,330100,6.005304021332429,480,0.9727100874999501
2283,330500,6.115280879032462,568,0.9642327031111255
2284,330700,3.0836272638041384,90,0.6852794872939181
2285,330900,5.654606227163043,513,0.9061468382906559
2286,331100,6.8333221901302394,1206,0.9631092583183901
2287,331200,5.115513743814375,475,0.8299939085483103
2288,331300,6.222245952166704,688,0.9523181888037291
2289,331400,4.815555756575401,152,0.9585330973922559
2290,331500,4.923731567534726,247,0.8936984047394809
2291,331600,6.7943936293145,973,0.9875020853713469
2292,331800,5.113400544615599,272,0.9121621641547273
2293,331900,5.634337822023875,781,0.8459236169956716
2294,332000,7.695442537829277,2759,0.9713250245629077
2295,332100,5.583090888995187,312,0.9721552829443423
2296,332200,6.434857468840205,720,0.97805316463577
2297,332500,7.4572384083047165,1894,0.988178824547965
2298,332600,5.7537560572082125,325,0.9948011697840748
2299,332700,6.049877798162278,585,0.949505077085109
2300,332900,6.02006469613588,672,0.9247044251168873
2301,333100,7.06655793644793,1994,0.9300674979403528
2302,333300,6.351855007156467,583,0.9974353487552892
2303,333500,5.804904681102789,472,0.942817036519529
2304,333800,6.734087357672386,1262,0.943089649497606
2305,334100,6.931775708536502,1094,0.990593873295129
2306,334300,5.607756611772501,370,0.948296907336607
2307,334400,7.402845011161668,2047,0.9709756316456865
2308,334500,5.591343823101788,329,0.9646804886240908
2309,334600,6.3088082677273825,1035,0.9087677698989262
2310,334700,6.317438111726634,639,0.9779460604011939
2311,334800,6.463539287486214,918,0.9474277739856402
2312,334900,6.024913788998263,507,0.9673120566897077
2313,335100,6.1985752938138665,764,0.9337217741346744
2314,335300,6.895062648259044,1396,0.952177031030615
2315,335400,6.032656987559788,749,0.9114511091286477
2316,335600,5.30848181067906,229,0.9769513065274118
2317,335800,6.827620050025434,1431,0.9396502948358445
2318,335900,4.998934985452861,233,0.9170610385591568
2319,336000,5.399024727488647,317,0.9375094313952259
2320,336200,6.360081530377751,902,0.9346718335955374
2321,336300,6.934977556809301,1473,0.950640702539223
2322,336400,6.115586438352533,604,0.9550270285499058
2323,336600,6.336078666877709,633,0.9822661375403312
2324,336700,4.679044968318388,161,0.9208172844029694
2325,336800,5.774324505943102,366,0.9782624431824013
2326,336900,4.164440453159357,126,0.8610830661408627
2327,337100,5.526307114153155,258,0.9952003124890673
2328,337300,5.6967385066274,480,0.9227301384845461
2329,337400,5.010204162664651,169,0.9766672679306073
2330,337700,5.146150349829835,239,0.9396849446783633
2331,337800,5.269361817771776,300,0.9238363912342905
2332,337900,4.177311253748987,177,0.807030605676051
2333,338100,6.056706506828147,489,0.9780930165381468
2334,338200,6.011235025365162,454,0.9825334300490686
2335,338300,5.100794019652458,460,0.8319369751552682
2336,338400,7.095185605856554,1874,0.941526702449436
2337,338500,5.953238776759779,476,0.9655856127697785
2338,338700,6.755101365578921,1609,0.9149078348924823
2339,338800,6.859907080077943,1212,0.9661803989032745
2340,338900,4.862170672842136,164,0.9533917685205976
2341,339100,6.491489679948639,903,0.9538281393339231
2342,339200,6.449163996344273,1362,0.8936432882910526
2343,339300,5.630936094152556,335,0.9684915162001007
2344,339400,6.70031558427758,1362,0.928444687515427
2345,339500,4.50140520574925,232,0.8264406558622347
2346,339600,5.3797328404899805,322,0.9316278152614177
2347,339700,6.369361960992666,688,0.9748343754260834
2348,340000,7.088226339631685,1413,0.9772186230404535
2349,340100,6.936307653036128,1331,0.9642216560666526
2350,340200,5.594711379601838,269,0.9999999999999999
2351,340300,5.7516353195558505,555,0.9102174937461079
2352,340400,6.556279934673723,745,0.9913653461192932
2353,340700,7.609157091088654,2457,0.9746961746677065
2354,340800,6.4077726108623185,706,0.9768519004341861
2355,340900,5.8805329864007,358,1.0
2356,341000,5.070652720053525,184,0.9723327296323947
2357,341100,6.384146821799938,805,0.9541619062440441
2358,341200,5.482637431449861,449,0.8977594373281894
2359,341400,6.79068916468108,1108,0.9686714789893491
2360,341500,5.828561366737599,811,0.8701594680368955
2361,341700,4.464036526599887,211,0.8341096522490342
2362,341800,7.334814694930873,1901,0.9714812201649105
2363,342000,7.017549052502608,1332,0.9754132530094176
2364,342200,6.284891737051613,567,0.9912516682384975
2365,342400,5.857163789209759,692,0.895647496486885
2366,342500,6.308246939048542,815,0.9410815916963168
2367,342600,6.324172233657688,856,0.9365993778927036
2368,342700,7.322138100972649,2128,0.9555262281726113
2369,343000,5.621234456905295,306,0.9821177385809862
2370,343100,6.805564767085842,1431,0.9366149394755535
2371,343200,5.4694158728716396,326,0.9451378713717422
2372,343300,6.1867000963813155,926,0.9056966771547902
2373,343500,6.108185694296399,473,0.9917342254041629
2374,343700,6.09885307960891,573,0.9603153562592834
2375,343800,6.223320942194633,567,0.9815407367427414
2376,344000,6.530357951145099,806,0.9758332684430886
2377,344300,6.236971742339988,919,0.9140715529875394
2378,344400,6.592956862785281,1024,0.9511626170735182
2379,344500,6.207073806982794,644,0.9597036086313593
2380,344700,5.708568617692937,467,0.9287768972952828
2381,344800,6.481240022753752,733,0.982430935381683
2382,344900,4.946860202617839,228,0.9111337794073138
2383,345000,7.010533057613366,1451,0.9629842184362826
2384,345100,6.964651800215469,1597,0.9442466216601545
2385,345400,6.285123767294412,806,0.9391878537581206
2386,345600,6.295303110222227,545,0.9991298411627229
2387,345800,6.586262257004255,1139,0.935826976264157
2388,345900,5.720311776607412,305,1.0
2389,346000,5.619488179254503,284,0.9947802808680712
2390,346200,5.6747774363224135,315,0.9864764502097445
2391,346300,5.111389649861721,469,0.8310388172170844
2392,346500,5.549619983245946,291,0.9781956221953098
2393,346700,6.302254332491936,636,0.9763068123548088
2394,346800,6.762302463895473,1204,0.9533225327699756
2395,346900,5.846438775057726,346,1.0000000000000002
2396,347000,5.703663457127104,534,0.908169421701837
2397,347100,6.1587636751015715,671,0.9462255528649836
2398,347200,6.005553264947616,414,0.9966290805394725
2399,347300,6.665035818514484,1388,0.9211424328135457
2400,347500,4.508083958372838,111,0.9572258305332957
2401,347600,6.968619508035844,1476,0.9549859667513695
2402,347700,6.178778434394281,537,0.9829430969429905
2403,347800,6.7542483016761095,1062,0.9693364402523325
2404,347900,6.04597754160693,492,0.9753969995122161
2405,348100,6.380990719184057,843,0.9471607563111192
2406,348200,7.613452088417859,2647,0.9660291937250752
2407,348500,5.074968803455954,194,0.9633837226092528
2408,348600,5.888232832533403,612,0.9176372915823128
2409,348700,5.742901700170021,338,0.9862367227132511
2410,348800,5.733275616919284,372,0.9686397083772915
2411,348900,5.870717538182116,507,0.942555537719565
2412,349200,5.441914906760195,312,0.9475730256099457
2413,349300,6.860055192694595,1392,0.9477181994386267
2414,349400,6.125317255761113,746,0.9260122983139962
2415,349600,2.9168922413561145,60,0.7124198261841075
2416,349700,6.22115467825715,868,0.9194470007076115
2417,349800,6.1777298050506095,1075,0.8850519475227113
2418,349900,6.353972430161356,711,0.9676091655377033
2419,350000,7.382165709018384,2085,0.9659329273101929
2420,350200,4.383871252025158,184,0.8406376330962003
2421,350300,7.189452349368699,1713,0.9655453804282523
2422,350400,6.437964673113404,774,0.9678862072701255
2423,350600,6.042827022695839,548,0.9582244268978503
2424,350800,6.113135725602943,459,0.9974034338254434
2425,350900,4.476721679050261,198,0.8465385074290226
2426,351000,4.936466480073609,190,0.9408126229619137
2427,351100,7.0099490627270455,1413,0.9664269229610676
2428,351500,7.582513408253851,2401,0.9741602678745157
2429,351600,5.453297921530304,393,0.9128677135433373
2430,351900,4.638184790450945,171,0.9020786248421552
2431,352200,6.807551608766348,1226,0.9572579638829933
2432,352300,7.137205305616238,1745,0.9561519059829563
2433,352400,5.84072298412825,653,0.9011268195431129
2434,352500,6.647483528921388,1282,0.928915518114109
2435,352600,6.933811817199971,1294,0.9676670338662325
2436,352700,5.976503474788121,397,0.9987578734882157
2437,352800,6.092735855030189,971,0.8857875361277686
2438,352900,6.39578222614637,853,0.9476974518263136
2439,353000,6.415924961299059,668,0.9864146221876976
2440,353100,5.942159291283666,711,0.9048965598336862
2441,353200,6.948687288055166,1518,0.9486069604780463
2442,353300,5.9216614897324575,547,0.9392829849704755
2443,353400,6.978599100440237,1236,0.9801904837904502
2444,353500,7.060813493295935,1471,0.9680704854757404
2445,353800,6.275714761854541,561,0.9914678475600662
2446,354000,5.061621349020326,213,0.9441047405314376
2447,354300,6.950350965016952,1282,0.9712380391247405
2448,354400,6.901498617446285,1356,0.956907492835816
2449,354700,6.7418078181433145,1196,0.9513273780468808
2450,354800,5.7047793709256425,368,0.9655889110950264
2451,354900,6.122715073299081,544,0.9720216552554656
2452,355200,6.055227855259579,568,0.9547637857240168
2453,355300,6.506292485807455,812,0.9711608561020596
2454,355500,6.688124552093452,1052,0.9611517071155434
2455,355600,4.776213641036355,202,0.899768797149147
2456,355700,6.515865927492653,1136,0.9261715932435729
2457,355800,5.74289545798076,317,0.9972205957793678
2458,355900,6.033832413545172,520,0.9648221266269552
2459,356000,5.2239511912807535,259,0.9400958844285395
2460,356100,6.617581255688844,1080,0.9474373693070465
2461,356200,5.70201063398265,358,0.9696418074975686
2462,356500,5.830800243242835,375,0.983781511308497
2463,356600,6.287694350772899,643,0.9724023539411639
2464,356700,4.300742894690572,171,0.8364496913166214
2465,356800,5.920562021263704,491,0.955477351067634
2466,356900,5.802570934093426,377,0.9781407798806155
2467,357000,7.1598746613286774,1752,0.9586746921444751
2468,357100,5.064455700139048,239,0.9247675351281849
2469,357300,6.212256666615181,842,0.9222772497735685
2470,357700,5.817111159963204,336,1.0
2471,357800,7.084805122765844,1664,0.9552143169360018
2472,357900,6.223268044261754,1016,0.8988448656777565
2473,358100,7.225550956024097,1709,0.9706982023400336
2474,358200,6.989025875000946,1409,0.963919074890964
2475,358300,5.337114546534082,447,0.8745699797532288
2476,358400,5.237411884496608,236,0.9585602323408378
2477,358500,6.887729786706729,1428,0.9481967518319527
2478,358600,6.513149814172403,941,0.9512492920405369
2479,358700,6.960550589165018,1609,0.9427337836323927
2480,358800,6.816659082100997,1194,0.9621167570658959
2481,358900,6.74867146174458,1120,0.9612007912268087
2482,359200,4.272257157809566,106,0.916117284174163
2483,359400,7.227581159840902,1724,0.9698323738077481
2484,359600,7.230291767220213,1623,0.9781197092007604
2485,359700,4.100330156205679,121,0.8549852453357039
2486,359800,4.136548988768476,118,0.8670765968378774
2487,359900,6.798295615463097,1188,0.9602076511348405
2488,360000,6.151132785506969,632,0.9538282345313384
2489,360100,5.810410863220671,345,0.9943298875740347
2490,360300,5.90670861039771,482,0.9560961545385277
2491,360500,6.369829266169501,785,0.9556152880726039
2492,360600,6.111596721236703,513,0.9793792570830585
2493,360700,6.813187094595608,1240,0.9565231838743444
2494,360800,7.253170437297129,1731,0.9727371612909568
2495,360900,6.890504686020927,1289,0.9621430289385573
2496,361200,3.5900860424837093,129,0.7387293466845787
2497,361300,6.212447054328505,574,0.9779331780203837
2498,361400,6.80735469178439,1259,0.9536684003256021
2499,361500,7.047032054705332,1826,0.9383677478490056
2500,361800,7.425242709994005,2169,0.9665740586028077
2501,361900,7.181847391589253,1725,0.96362061173763
2502,362000,6.739078407469564,1058,0.9676833971257875
2503,362100,6.063293844955849,447,0.9935658545429819
2504,362300,6.467766471288798,919,0.9478961244345198
2505,362500,5.073465829169061,330,0.8748723518439855
2506,362600,7.009743113422335,1258,0.9821310987151282
2507,362700,6.212915510049112,521,0.9931527744205955
2508,362800,5.830737831613453,690,0.8920013656085615
2509,362900,6.060316823239786,708,0.9234847164737814
2510,363000,6.745103150321545,1058,0.9685485070528885
2511,363100,6.5074305751469605,1052,0.9351841398169867
2512,363400,5.507830033449526,515,0.8820760433011584
2513,363500,6.033635492501527,473,0.9796301424029211
2514,363600,6.674332150116326,1048,0.9596950006735601
2515,363800,5.065812308249988,227,0.9337988906673561
2516,363900,3.801640290851432,79,0.8700505004779949
2517,364100,5.677398406860476,354,0.9673046858740635
2518,364400,5.483268649373064,487,0.8860754066588963
2519,364500,5.128448883529486,251,0.9281499525965234
2520,364800,6.2755164756851105,542,0.9968627972590801
2521,365000,5.6260960586701865,435,0.9260535992321094
2522,365200,5.599309901966532,345,0.9582043880161172
2523,365300,6.811643756822628,1183,0.9626664439028909
2524,365400,5.491954531076481,465,0.8941584312203146
2525,365500,6.687746026888883,1025,0.9647019539835128
2526,365700,6.4038787257058605,669,0.984336194764454
2527,365800,5.816301846020821,489,0.939270247164432
2528,365900,6.175865042427107,952,0.9004602290856566
2529,366000,6.494211952021951,713,0.9885425555572089
2530,366100,6.536365547084829,952,0.9530223179233385
2531,366400,5.66821565082567,334,0.9754049433108284
2532,366500,6.355606557840142,947,0.9273791310464227
2533,366600,5.722362351132735,498,0.9213863845946073
2534,366800,6.277369991554537,975,0.9120852921667613
2535,366900,6.324958116608528,596,0.9897840231912889
2536,367200,4.367282680095705,204,0.8212079992837478
2537,367300,5.747727312179912,378,0.9684633158957039
2538,367500,5.017320793240966,281,0.8898554786788246
2539,368100,7.74430322266031,2727,0.9789337557870482
2540,368300,6.623206497024244,1315,0.9222476782454117
2541,368400,6.9984373939894855,1322,0.973776788369996
2542,368500,5.12386826080583,215,0.9540520574968143
2543,368700,6.635979498835269,817,0.9896117886693112
2544,368800,6.540860226289462,1103,0.9336364838155544
2545,368900,6.722828207978337,1054,0.9658753369275074
2546,369000,6.193247512096159,516,0.991537247861736
2547,369100,7.570659406435687,2106,0.9892994711111085
2548,369200,6.546393488864998,1031,0.9435175948673303
2549,369300,6.483770140928376,1003,0.9382150130811646
2550,369600,6.821227047015459,998,0.9877600276300121
2551,369700,5.7702462835533535,321,0.9997929737909179
2552,369800,4.863640545069762,292,0.856764396427828
2553,369900,6.245999014851051,900,0.9182059013285858
2554,370100,4.787681149252334,314,0.8327281090346281
2555,370200,5.661547686498067,325,0.9788587151276213
2556,370300,5.831127136884597,528,0.9301383920422517
2557,370400,4.882304837286329,155,0.9680534010324837
2558,370500,4.778949085304607,150,0.9537611110781439
2559,370700,7.077604882387582,1559,0.9627036927617921
2560,371000,6.3571086520097255,681,0.9744842393882133
2561,371200,5.420345148652725,254,0.9788726645847223
2562,371300,4.1929106102669,141,0.8472649114415796
2563,371400,6.1937091786838465,585,0.9720788596647958
2564,371500,5.002143366895608,402,0.8341838295330395
2565,371600,5.885301779495737,708,0.896815530230773
2566,371700,5.787361908688471,505,0.9297626449242302
2567,371800,5.364522748978084,400,0.8953608432127808
2568,371900,6.330073466860168,769,0.9525939518223161
2569,372000,5.353037824062872,470,0.8700260664128053
2570,372100,6.494248071698941,679,0.995955438087287
2571,372300,6.01056387836161,725,0.912603587234356
2572,372500,5.283253422975633,350,0.9018971851756304
2573,372600,6.684434643144377,868,0.987916826042805
2574,372800,6.369518002863099,662,0.9806401213328423
2575,372900,6.898581357288747,1358,0.9563075860815807
2576,373000,4.74693907685802,311,0.8270227078725291
2577,373100,4.791278260099245,190,0.9131420390313579
2578,373200,6.828391288186929,1273,0.9551357663586444
2579,373300,7.600873513543729,2820,0.9567475625505112
2580,373400,5.969812776018384,586,0.9366880955481746
2581,373600,6.115570708071761,642,0.9460108549497294
2582,373800,5.806733988763872,494,0.9361871403513546
2583,374100,4.65618452403025,134,0.950660845231589
2584,374200,6.266349702976413,834,0.931628346524362
2585,374300,6.4055937698142795,1096,0.9151603292342625
2586,374500,5.829715772199711,567,0.9194614205494926
2587,374600,5.336642249470476,336,0.9174042067822944
2588,374800,5.6359933514997245,637,0.8728812784324569
2589,374900,6.671667357109412,964,0.970976380759552
2590,375000,6.20234385773996,667,0.9537973414404833
2591,375100,4.971338027047501,272,0.8868201139203413
2592,375200,6.451597715673772,805,0.9642429828973497
2593,375300,3.9533294514474226,139,0.8011653329252103
2594,375400,7.004953055053615,1835,0.9321543192520274
2595,375500,5.5457832086277925,307,0.9683832106352592
2596,375600,6.191280229193937,629,0.9607625888681898
2597,375700,6.164040980040856,953,0.8985986919990502
2598,375900,6.079721060732243,541,0.9660441790629583
2599,376000,5.414653769725557,315,0.9412577832013154
2600,376200,5.8476568414319505,447,0.9582303472830874
2601,376300,6.335579750487989,907,0.9303153049876183
2602,376400,6.162612639745963,555,0.9752561698071665
2603,376500,5.003964489859982,212,0.9341704274456736
2604,376600,6.539525270165893,926,0.9573482171575396
2605,376700,6.505802084341246,1009,0.9405913161373309
2606,376800,5.9856082776085895,423,0.9897866544990077
2607,376900,5.432429845157026,254,0.9810550678714951
2608,377000,6.078848004442715,561,0.9603658826629949
2609,377100,6.587934901267502,1626,0.8909985589134565
2610,377200,6.0924184750287695,704,0.9291786520901455
2611,377300,5.713732155779038,328,0.9863142989185519
2612,377400,6.438470802198869,955,0.938318515996884
2613,377500,5.9566378552449315,583,0.9353741780725806
2614,377600,5.3110829510647095,368,0.8989519962139787
2615,377800,6.651851423102016,890,0.9794779127158338
2616,378000,6.777025866133374,1462,0.92994435321026
2617,378100,5.530205577424747,733,0.838272463171947
2618,378200,6.328595174309449,765,0.9531195059505055
2619,378300,6.016943504188002,438,0.989267830186598
2620,378400,6.587959532870099,1168,0.932736034141643
2621,378700,6.047930922038757,424,0.9997020475023339
2622,378800,7.350489052611009,2079,0.9621509457705151
2623,378900,6.315226142505336,685,0.9671957488005325
2624,379100,5.669925912601085,326,0.979786842403278
2625,379200,5.27088361851254,219,0.9780689296358679
2626,379300,5.0520287444005145,206,0.9482256314429817
2627,379500,5.852334477583066,466,0.9524996193276456
2628,379700,5.1741615774976415,246,0.9398455921731087
2629,380000,4.615931372803655,153,0.9176003053678389
2630,380100,6.897865134541914,1448,0.9477773225763958
2631,380400,6.6173737845470475,1303,0.9226132270044314
2632,380500,6.105159435704894,463,0.9946938633643446
2633,380700,4.410774119824385,145,0.8862789026119531
2634,380800,6.677556720946583,955,0.9731619984583547
2635,380900,6.322287178104261,762,0.9527332875648922
2636,381100,4.8909579429052314,172,0.9501628345472204
2637,381300,5.367063897065438,318,0.9314501972517714
2638,381400,5.570441626465498,320,0.9656954997004212
2639,381500,5.563393741494697,511,0.8920885237837507
2640,381700,6.699115433316425,953,0.9766022622855582
2641,381900,6.229738792912778,514,0.9979999958329788
2642,382000,6.673382136845737,1314,0.9293328239958715
2643,382100,6.836406513578316,997,0.9901018503548535
2644,382200,6.454664766930705,991,0.93563296970913
2645,382300,6.60765645327346,1004,0.9560037666644523
2646,382500,6.315885431512179,1053,0.9075332330085988
2647,382600,6.008990549130575,966,0.8742684874205455
2648,382700,4.687373279635466,257,0.8447123823720242
2649,382800,6.492499919150312,1000,0.9398856295480964
2650,383200,5.674732729451569,422,0.9387473516814452
2651,383300,5.258869623211433,321,0.9111882995974149
2652,383400,6.190181225196218,499,0.9963904245320436
2653,383600,7.044734964226262,1351,0.9772680734051757
2654,383800,7.067948110477323,1764,0.9455019881777941
2655,383900,5.374840598042241,257,0.9686009915547465
2656,384000,6.6292938688722804,1092,0.9476151318891225
2657,384100,6.901133528730563,1232,0.9697514484155482
2658,384200,6.541093901134712,1221,0.9203183241190646
2659,384400,6.31059540862536,722,0.9587619730189723
2660,384500,4.165591102622833,118,0.8731642165697329
2661,384600,4.647982845256573,147,0.9313787461172358
2662,384700,6.678118184954403,1362,0.9253688536656571
2663,384800,6.384617743148271,773,0.9600526077931151
2664,384900,5.506704470443475,555,0.8714562838929443
2665,385000,4.81242075035878,206,0.9032531158568752
2666,385200,4.435732364700831,108,0.9473746355087258
2667,385300,6.8689123860360155,1144,0.9753810365454131
2668,385400,4.70818132428707,198,0.8903070319557446
2669,385600,6.087850617122108,767,0.91650172580983
2670,385700,5.56703086349703,372,0.9405525763023967
2671,385900,6.48535240493771,751,0.9794525129584568
2672,386000,5.9730385282048495,486,0.965541075535012
2673,386100,6.226193291182268,786,0.9338883519168062
2674,386200,6.131775756174865,533,0.9766273525123034
2675,386500,6.528789231417463,1047,0.9388964228791342
2676,386600,5.860462759937915,416,0.9717739372928287
2677,386700,6.327831482914308,1175,0.8951493156922917
2678,386800,5.334583049741323,334,0.9179923626338886
2679,387000,6.686747613551846,1239,0.9388783195715394
2680,387100,6.252564583046462,577,0.9834412873033639
2681,387200,6.730064751168485,1269,0.9417967225614566
2682,387300,7.694876322740535,2703,0.9737739634569765
2683,387400,6.66760346541154,910,0.9785950950404991
2684,387500,6.614400783635746,806,0.9883918130944094
2685,387600,6.3847720278705316,649,0.9859992848663705
2686,387800,5.062341149730552,321,0.8771364104265698
2687,387900,5.470631976103179,271,0.9765290867650903
2688,388000,6.021455983394919,499,0.9692318956955411
2689,388100,6.353742468844058,660,0.9786672443261677
2690,388300,6.706515494965879,1059,0.9628769751667234
2691,388400,7.070504759360453,1324,0.9835974948213729
2692,388600,7.0433936354720075,1553,0.9585530054384417
2693,388700,6.163253023697278,770,0.9273082901055627
2694,388800,5.793928477467932,933,0.8472631128599997
2695,389100,7.412580990270656,2008,0.9747118791685799
2696,389200,6.580822444059562,913,0.9653920232985739
2697,389300,5.7096743255975415,362,0.9691139044236619
2698,389500,5.189111133637109,521,0.8294946407709571
2699,389600,6.013898318343003,523,0.9607508669497568
2700,389700,6.5456197757561885,852,0.9700682977135484
2701,389800,6.260800691957085,601,0.9784649217542426
2702,390000,6.108908991523431,611,0.9522707186505714
2703,390200,4.992287299874168,353,0.8509868717300905
2704,390300,5.807046473597911,390,0.9733328272865863
2705,390500,4.447665914327336,114,0.9390792980465233
2706,390700,6.358347733780622,1113,0.9064171074783249
2707,390800,6.31596512006999,607,0.9855561745905482
2708,390900,6.566261519103719,825,0.9777939905062734
2709,391100,6.442399333310087,738,0.9755381790667853
2710,391200,4.994280987750585,397,0.8346146672499403
2711,391300,6.325204903332036,662,0.973817752154948
2712,391600,5.8829793147403215,518,0.9412804189946702
2713,391700,6.794513142470912,958,0.9897543779884456
2714,391800,5.656627561394378,470,0.9193683265751585
2715,391900,4.686774678696631,140,0.9484244868170578
2716,392000,6.796038531538748,1235,0.9546571715293856
2717,392100,5.876222285139763,927,0.8601086393146564
2718,392300,6.5731863731128435,805,0.9824153821854678
2719,392500,5.8533487874854435,352,0.9982464128788584
2720,392600,6.584064641217077,798,0.9853273925733339
2721,392800,6.041167584444731,531,0.9627723830790041
2722,392900,5.276307879764264,541,0.8383849297152433
2723,393000,5.76613422467301,382,0.9698446256814816
2724,393200,7.27263111476599,1879,0.9647324983742563
2725,393400,5.6981733410315725,519,0.9114300935391358
2726,393500,6.543762749032819,784,0.9818969287525445
2727,393700,6.234664859822135,759,0.9400879356022235
2728,393800,3.05414261805505,49,0.7847594143896505
2729,393900,6.3703757169066195,608,0.9937912512852785
2730,394000,5.098841989895373,272,0.9095651130016448
2731,394300,5.205718943523898,347,0.8899692083042774
2732,394400,6.605426881377728,1043,0.9504407643735994
2733,394500,5.7326755723547365,321,0.9932832112555181
2734,394600,6.4973985446376705,1168,0.9199142345251745
2735,394700,6.398247230235297,1112,0.9122218899291965
2736,394800,6.704044162510391,1116,0.955331427711514
2737,394900,6.5298766490141515,899,0.9600948256260072
2738,395000,5.464724629561122,537,0.8693487569356461
2739,395100,6.855654876656475,1121,0.976314140578826
2740,395400,6.010527519573241,565,0.9485076242558801
2741,395600,7.2886408724987595,1719,0.978406983562133
2742,395700,5.319920263828566,600,0.8316365116647215
2743,395900,7.147825985785399,1651,0.964731320564469
2744,396100,6.894985989458825,1410,0.9508561522406475
2745,396300,6.145567251156493,583,0.9650418669113306
2746,396400,5.99011274981726,461,0.9766385138914965
2747,396500,4.4256791526546815,140,0.8955887079983862
2748,396600,3.901407231145859,257,0.703073299312948
2749,396700,4.148629105232692,188,0.7922610686189355
2750,396800,6.9616253775317025,1496,0.9522710639505865
2751,397000,5.790945405294763,560,0.9151395791729179
2752,397100,7.312288436240736,1821,0.9740443610400429
2753,397300,5.639975980134244,284,0.9984070987673876
2754,397600,5.718127939232742,525,0.9129433734693947
2755,397800,7.187391039833549,1876,0.9536273238543275
2756,397900,6.205132270941217,802,0.9279245537662847
2757,398100,5.933444093035418,494,0.9566158995128973
2758,398200,6.450266765683855,823,0.9608682930231662
2759,398300,6.249744046642988,850,0.9265418916152208
2760,398500,5.792868890190144,383,0.9739130487173082
2761,398600,5.593720546954208,351,0.9544317662633114
2762,398700,7.311882841853574,1861,0.9711794152093632
2763,398900,7.174315598452338,2074,0.9393865937888927
2764,399200,5.695870071855398,300,0.9986127797061055
2765,399400,6.57785793395599,1122,0.9366341291518009
2766,399600,5.278042721326823,335,0.9077957043510057
2767,399800,6.6256449652656055,835,0.9848698933339964
2768,399900,4.807647937192314,342,0.8239595342234887
2769,400000,5.402636121100615,546,0.8572049400244885
2770,400100,5.717800469582296,761,0.8618110694552561
2771,400200,5.630390588601574,364,0.9547640633053261
2772,400300,6.628395320671254,1005,0.9588661827575938
2773,400400,6.232881820834196,589,0.9771817751547502
2774,400600,5.942457057626723,456,0.9705943710366002
2775,400800,5.555284809828951,364,0.9420281265367776
2776,400900,6.821202311093005,1136,0.9695724071985018
2777,401000,4.646693808892257,196,0.8803700012022261
2778,401200,5.667425653248747,293,0.9977558858426089
2779,401300,5.756605719543536,684,0.8818386687210851
2780,401400,6.849480365160041,1124,0.9750637128582232
2781,401500,4.9100753704853,157,0.9710911137452231
2782,401600,4.959309265057417,291,0.8741453697437452
2783,401800,4.353130114447813,257,0.784478361415369
2784,402000,5.956135670498783,418,0.9868534494036574
2785,402100,7.120778565194489,1930,0.9412451364766635
2786,402200,6.052422524415164,904,0.8891691276460106
2787,402500,6.589158516484975,1373,0.9120253863923493
2788,402600,5.428902207103805,661,0.8360190948087738
2789,402700,6.043270073085216,457,0.9867073426309628
2790,402800,6.293578631522699,627,0.9771201471428855
2791,402900,6.8401045642467135,1263,0.9578308050004788
2792,403100,7.15006760046138,1494,0.9782268242774885
2793,403200,6.183044528050494,694,0.9450624420515715
2794,403300,7.401933369951307,1935,0.9780744915489378
2795,403400,5.549645133434114,815,0.827911292310573
2796,403500,5.915213130261833,700,0.9029370466760795
2797,403600,6.126645425822521,690,0.9372700752900931
2798,403700,6.717821921075925,1084,0.9612800139492835
2799,403800,5.607958414742889,397,0.9371688052298035
2800,403900,6.651083279676287,982,0.9653813966600663
2801,404100,5.846568878727963,355,0.9956491147379154
2802,404200,6.582843472136172,1260,0.9221131969801939
2803,404400,4.267919181054868,266,0.764381123408697
2804,404700,6.06423533452922,711,0.9234868039109612
2805,405000,7.187206194239387,1688,0.9671533255841422
2806,405400,5.912848450767137,376,0.9971767533604887
2807,405500,4.104322908873213,183,0.7878556134820673
2808,405600,6.009394748180696,408,0.9996885138908086
2809,405700,6.690818303568654,1102,0.9551650282466673
2810,405800,5.78080266696375,419,0.9574240230757197
2811,405900,6.010972708091945,443,0.9864452094469776
2812,406000,5.331518794407516,238,0.9742790721334101
2813,406100,5.915831393220394,683,0.9064331651997108
2814,406200,5.833730042431442,585,0.9155815172523265
2815,406300,5.53418647426799,342,0.9484774611650975
2816,406400,6.912454360926864,1540,0.9418105945898969
2817,406500,4.552186124177879,420,0.7536414177499424
2818,406800,7.355323087884315,1966,0.9698786190160809
2819,407000,5.169693777507534,301,0.9058338699778058
2820,407100,5.268065548768554,235,0.9649204202627776
2821,407200,6.888009509432505,1222,0.9690170137702455
2822,407300,6.56849862220659,966,0.9556732213352173
2823,407400,6.613669501485015,1161,0.9371737059954866
2824,407500,6.760690636503544,1129,0.9618162492362426
2825,407600,5.883445579117295,462,0.9589085411954638
2826,407800,7.464441127381841,2218,0.9688591908790867
2827,407900,6.112550516805264,561,0.9656903689816797
2828,408100,6.024073890777059,654,0.9291954558523601
2829,408200,3.7077105201158256,64,0.8915159300704902
2830,408400,6.565069317205847,963,0.9556067360308259
2831,408500,4.932372557846183,332,0.8496568269741359
2832,408600,5.636598730987748,552,0.8927783062190326
2833,408700,6.273200446217759,999,0.9082703306060096
2834,408800,6.785633739779434,1093,0.9698360217263359
2835,409100,6.195184822402379,571,0.9760209462148486
2836,409200,6.141395132630963,736,0.9303410155641629
2837,409300,5.96312421584564,614,0.9288362814278175
2838,409400,6.5814525046981185,810,0.9827413540540517
2839,409500,5.238343787524272,200,0.9886806367239496
2840,409700,6.314341590277142,580,0.9923485308455209
2841,409800,3.87462376807614,187,0.740688838995263
2842,409900,6.735085077237385,1380,0.9315678100030359
2843,410200,5.667348419483662,374,0.9566346581383285
2844,410300,5.680145562975245,354,0.967772741274127
2845,410400,6.766621733611808,1148,0.960379833192023
2846,410500,5.887940676876999,454,0.9623810289843007
2847,410600,5.774590836521719,785,0.866316357182764
2848,410700,3.2546774801720284,38,0.894735502407135
2849,410800,6.004987802860205,484,0.9713531750972852
2850,410900,5.629586368484008,676,0.8639379316707788
2851,411000,6.103949869832905,641,0.9444409793454897
2852,411200,6.262625422912665,609,0.9767315855552906
2853,411400,6.441538943591548,769,0.9693680602947052
2854,411600,7.249668800693636,1907,0.9598032193453822
2855,411700,6.442342269511818,1281,0.9003473738839732
2856,411800,6.547102549876153,850,0.970626114587763
2857,411900,5.04978759136354,195,0.957668881872426
2858,412000,7.283153024833553,1914,0.9637687788784337
2859,412100,6.361160519315807,776,0.9559685474628489
2860,412200,6.94765522136483,1152,0.9855871830173603
2861,412300,4.531975000556406,209,0.8483136372250819
2862,412500,6.4416735117582515,839,0.9568437163694455
2863,412600,5.085517414506052,362,0.863174562424925
2864,412800,5.538790190641631,346,0.9473784646939956
2865,413000,6.763889358417096,1225,0.9512274524795125
2866,413200,5.963024048163945,442,0.9789395324819699
2867,413300,5.184929106789238,370,0.8767948713048141
2868,413400,5.966226029480055,489,0.9634813917339011
2869,413500,6.71037881077565,898,0.9867957335442099
2870,413600,4.3929950572348435,205,0.8252840168347573
2871,413700,5.293363377462315,222,0.9797666977530903
2872,413800,5.759357424351176,396,0.9628755376135818
2873,413900,6.653896823930169,1365,0.9217315485893168
2874,414000,4.971659015179439,221,0.9209909537890739
2875,414100,4.155816953040521,168,0.8110550678626182
2876,414200,6.292712997414824,721,0.9562464779083878
2877,414300,5.058891386431183,220,0.9379385845528847
2878,414400,6.415946378382204,766,0.9660849852328045
2879,414500,5.458575081736948,271,0.9743768842232067
2880,414700,6.359196783537449,735,0.9635335699838212
2881,414800,5.361874393701186,231,0.9852008204616685
2882,414900,5.085085629959135,210,0.9509974506304392
2883,415000,6.361292629457274,797,0.9521674898351765
2884,415100,6.69015716310475,1084,0.9573213530557875
2885,415300,5.140627142991325,186,0.9837115084146637
2886,415400,7.281077991677183,1698,0.9790071207530859
2887,415500,5.810846347823544,353,0.9905187058772074
2888,415900,5.994593710160588,404,0.9988634067233693
2889,416000,5.486786993717797,316,0.9532718440318221
2890,416100,6.568653270803832,782,0.9860096814819096
2891,416500,6.010690630052806,410,0.9990913585698579
2892,416700,5.940448999743356,450,0.9723699881639711
2893,416800,6.321344685094767,721,0.960597375607324
2894,417100,5.586446015011813,288,0.9864886104375045
2895,417200,6.306588969864619,645,0.9748562292436198
2896,417400,6.31503704880983,695,0.965024773842257
2897,417500,6.885606105326567,1541,0.938069596838304
2898,417900,5.740110034214053,494,0.9254457339756562
2899,418000,6.630923751707998,834,0.985830160068884
2900,418100,7.00054799989759,1487,0.958386298450088
2901,418200,4.771837551537288,160,0.9402313546806943
2902,418400,5.292138968052498,571,0.8337505064289731
2903,418700,6.483403563110816,906,0.9521759637011987
2904,418800,6.276139839549781,658,0.9671662254420403
2905,418900,7.148774471358515,1988,0.9412617897635304
2906,419100,7.0089431424640924,1443,0.9634975376362821
2907,419200,5.782415037576234,484,0.9353503105875868
2908,419400,4.2878246215440905,101,0.9290818313188534
2909,419500,7.621959657278808,2523,0.9730321982234489
2910,419600,5.276904448848349,210,0.9868708303571931
2911,419800,5.910382110413005,426,0.9762063458534553
2912,419900,4.613824864695043,163,0.9057815328211997
2913,420000,6.191516274727901,760,0.9333965099073358
2914,420100,6.403624755094474,690,0.9796430900081221
2915,420300,6.847629288946464,1430,0.9424947387529928
2916,420500,5.758922805417102,650,0.8891380853210519
2917,420700,5.520990722247981,423,0.9129569933495789
2918,420800,6.2561419368907,591,0.9803074735823426
2919,420900,6.037490501349954,731,0.9155462480781488
2920,421000,6.087378447835839,492,0.9820762038980848
2921,421100,6.710541647667973,904,0.9858542490745419
2922,421200,4.850116128288381,162,0.9533217277283939
2923,421300,6.743499267891664,1512,0.9210935103814496
2924,421500,5.231663180411817,224,0.9667415662963533
2925,421600,6.961153808389057,1374,0.9634172940047062
2926,421700,4.803260002251184,210,0.8982912676915417
2927,422100,5.579101604877652,341,0.9566553555579175
2928,422200,6.581836942075258,936,0.9620296499714888
2929,422300,6.688331718689335,1033,0.9637056662735114
2930,422400,5.039669737821328,235,0.9230865099127116
2931,422500,5.8636073124484795,763,0.8834382036694363
2932,422600,5.949067784253129,836,0.8841426873649091
2933,422700,5.948753932477597,439,0.9776899509093769
2934,422800,4.854098413176898,302,0.8500412313137953
2935,422900,6.788736065320402,1065,0.9738916855504477
2936,423000,6.056849411215189,445,0.9932396902622828
2937,423100,5.293362882839272,487,0.8553873554127589
2938,423300,6.12200939715178,502,0.9844674491556249
2939,423400,5.889549485140481,541,0.9358266506947198
2940,423500,6.407193333547307,784,0.9614045767572685
2941,423600,5.601189761498393,429,0.9240665794402737
2942,423700,6.829476056855675,1200,0.9632442941089946
2943,423800,6.226202633005226,600,0.9733110990095526
2944,424000,4.823232232929719,227,0.8890832574286024
2945,424200,6.898875082111231,1105,0.9844846277876976
2946,424400,6.364851475650555,652,0.9822234114016881
2947,424500,6.841997809149454,1232,0.9614416614105393
2948,424700,6.765932883954109,1584,0.9183225445864331
2949,424800,5.831882477283518,341,1.0000000000000002
2950,424900,7.00845076196093,1369,0.9704527950385806
2951,425000,5.501383336358545,289,0.9708734691476498
2952,425100,5.152515643373943,225,0.9513331106780821
2953,425500,4.731133257065148,145,0.9506502662053261
2954,425600,6.535899829038503,1130,0.929719063092669
2955,425700,6.226480870981162,510,0.9987280506392534
2956,425800,5.082065897784345,182,0.9765679030360841
2957,425900,6.118285329665463,593,0.9581987559573505
2958,426000,6.554016084258026,920,0.96038353131631
2959,426200,5.626607414938242,393,0.9418792664163302
2960,426600,5.697950789106203,388,0.9558707742184819
2961,426800,5.926999641299638,445,0.9719461205372804
2962,426900,6.819099298859098,1370,0.9441380364109335
2963,427100,5.434640150034788,283,0.9626589796289726
2964,427200,7.209795538509152,1600,0.9772338223831896
2965,427300,7.140440061609797,1437,0.9821365563622572
2966,427400,5.75742337768043,782,0.8642373035604723
2967,427500,5.397444229387734,379,0.9090376955963009
2968,427600,7.13393832350069,1438,0.9811483903424616
2969,427700,7.5612346493956455,2330,0.975187227493207
2970,427800,6.782595559175329,1016,0.9796301799911792
2971,427900,6.038752693695596,435,0.9939767484508976
2972,428000,6.055704208146955,553,0.9588853405756587
2973,428500,5.3700142110793365,413,0.8915183751834589
2974,428700,6.138960723018869,648,0.9482644998127443
2975,428900,6.313327433957722,1029,0.9101810095603049
2976,429000,6.6936260724359045,1000,0.9690016223942165
2977,429100,6.286471886691207,951,0.9167275239035788
2978,429200,6.47837478658017,689,0.9912984873740296
2979,429600,7.030690520911848,1618,0.9515146582511869
2980,429700,6.359971119256804,785,0.9541363479773218
2981,429800,6.201897125078965,501,0.9976339218270025
2982,429900,7.012375542847527,1358,0.972082168892996
2983,430000,6.2527479771691095,618,0.9729649432285276
2984,430100,5.601483038506724,479,0.9076077087823408
2985,430200,6.172066545091296,667,0.9491412918933075
2986,430300,5.375711846355674,229,0.9893240476489926
2987,430500,6.4139932723063495,849,0.9510582714524592
2988,430700,6.9809189492268935,1422,0.9615829764229721
2989,431200,4.7208444643173335,271,0.8426890994746911
2990,431400,6.172608067983784,729,0.9364249990120228
2991,431500,6.45748773999833,1036,0.9300552902214427
2992,431600,6.33665048003988,742,0.9587404518819442
2993,431700,5.454785906732685,347,0.9325496723029014
2994,431800,5.362022022502238,526,0.8558282898834848
2995,431900,5.505480391008423,316,0.9565196262633644
2996,432300,6.260483667626449,718,0.9519520468993053
2997,432400,7.080886117424804,1629,0.9574300510701954
2998,432500,5.730099782973575,308,1.0000000000000002
2999,432600,6.7625374343881095,991,0.9802605109597995
3000,432700,5.350989383939811,230,0.983985168285339
3001,432800,5.385983461370996,345,0.9216980443706776
3002,432900,5.273438745804613,212,0.9844775152300725
3003,433000,5.632888968140584,316,0.9786555337457048
3004,433100,6.426191056822885,656,0.9907542020507071
3005,433300,6.696019396293394,1100,0.9561554772977555
3006,433400,7.352749618254409,2062,0.9634823374471051
3007,433600,5.9637704575483514,484,0.9646859510242104
3008,433800,6.573956851489832,1241,0.9228325120636509
3009,434000,7.273089734796956,1988,0.9576300788776722
3010,434100,6.449903507031987,992,0.9348061373973172
3011,434200,4.769922788757684,250,0.8638878115258786
3012,434300,5.425602419795885,270,0.9691306692371202
3013,434600,7.300685101649856,2024,0.9589973917047785
3014,434800,5.93663557537467,645,0.917669789335821
3015,434900,5.659433887544113,557,0.8951167244276947
3016,435100,4.683698913330609,156,0.9274915773057142
3017,435200,5.554231167729272,336,0.9548091853490392
3018,435400,7.540931274653941,2267,0.9760191203329852
3019,435700,5.831882477283518,341,1.0000000000000002
3020,435800,5.406874785581194,242,0.9850493948611524
3021,436100,6.5260916412224415,1270,0.9131523263026788
3022,436400,5.433864281286437,320,0.9420183594582862
3023,436500,6.471080441934415,764,0.9747705600739021
3024,436700,6.181530189183455,1215,0.8703316789684177
3025,436800,5.171683692961167,195,0.9807859142642948
3026,436900,7.132838441215872,1632,0.9642148168640511
3027,437000,6.425814275734027,731,0.9744330280403515
3028,437100,5.567748614090096,521,0.8900209530318067
3029,437200,5.905569387324391,499,0.9505784362158267
3030,437300,6.875227489682478,1145,0.9761566642942968
3031,437400,6.435761411254626,709,0.9804849276831696
3032,437600,6.86457511833088,1526,0.9364523406208379
3033,437700,6.675525030450834,878,0.9849325924901152
3034,437900,6.084854590930117,532,0.9694440350583551
3035,438000,7.228803920912659,2164,0.9412856077462171
3036,438100,6.621079588508249,832,0.9847181122942424
3037,438300,5.581320051836476,421,0.923656989503898
3038,438400,5.279457694613177,210,0.987348330716062
3039,438500,5.028519831335171,219,0.9330957321487336
3040,438600,6.222692665932332,699,0.9500800746224268
3041,438700,4.841311577790363,210,0.905407559129592
3042,438800,6.083648472281965,757,0.9176821724360148
3043,439000,5.566617420908968,266,0.996977003845031
3044,439300,6.6984218966362095,942,0.9781566497187888
3045,439400,5.273807670773824,220,0.9777849184896775
3046,439500,7.00160542481894,1291,0.9774447748550407
3047,439800,6.894962760437446,1039,0.9926502839287108
3048,440000,5.7435296167418635,965,0.8357716171825692
3049,440200,4.9978652609796015,169,0.9742619764481155
3050,440300,5.83732369201576,426,0.9641394286347268
3051,440400,6.986008278264814,1177,0.988018790195975
3052,440500,6.583385999002097,980,0.9558382212697931
3053,440600,7.112760582277758,2047,0.9329274338053357
3054,440700,5.961684711779955,470,0.9689490845118963
3055,440900,6.105732202096471,612,0.9515329506167133
3056,441000,5.566472257613625,374,0.939607006848514
3057,441100,4.237667260683385,89,0.9440878947688669
3058,441200,7.125162501001486,1914,0.9428621284608454
3059,441700,5.862540877440038,352,0.9998140575139521
3060,441800,4.913563019271528,180,0.9461975441658471
3061,441900,6.0078572761725235,1072,0.8610599146011149
3062,442000,5.403255664198757,333,0.9302897911888092
3063,442300,5.864195131863756,503,0.9427071984344745
3064,442700,6.391913876773149,679,0.9802615044996894
3065,442800,4.328405905405626,139,0.8771767698161608
3066,443000,5.978315348752492,426,0.9874267470259183
3067,443100,5.524726664626817,276,0.9829773350022205
3068,443200,6.71642856051268,1018,0.9697980273688163
3069,443300,5.787523926527134,372,0.9778049867119734
3070,443400,5.475028468352901,256,0.9873495525023285
3071,443500,5.31651035484346,348,0.9084631595057766
3072,443700,6.47970496988161,940,0.9465116373564302
3073,443900,6.47418088917385,763,0.9754300433489327
3074,444000,5.791681280511236,494,0.9337602766581242
3075,444100,6.232263030170153,597,0.975022504142312
3076,444200,7.415126739086844,2125,0.96783926498528
3077,444300,6.552034674171981,847,0.971866739704044
3078,444400,6.407818288081131,637,0.9924185978279731
3079,444600,5.739192239370077,357,0.9764290965852817
3080,444700,6.497899229378287,1087,0.9294428297685311
3081,444900,6.464629218325287,1010,0.9345048174837257
3082,445000,6.13229479083123,748,0.9266920589908316
3083,445300,6.348607209450503,1128,0.9033046748621002
3084,445500,6.237315286115058,604,0.9740365447981572
3085,445600,6.093315285148369,446,0.9988519179199022
3086,445900,4.3419470663349715,227,0.8003662803055228
3087,446000,5.397032559562263,259,0.9712433963471596
3088,446400,6.125588911916511,549,0.9710674252652682
3089,446500,6.665200726328702,942,0.9733054311557945
3090,446600,7.137940046938457,1712,0.9587024492015942
3091,446800,6.156844059682974,497,0.9916654238408156
3092,446900,6.01145095317613,688,0.9200558974718211
3093,447000,6.878300041015418,1249,0.9646851346089291
3094,447100,4.966174072475804,186,0.9503281315676643
3095,447300,7.035164456283709,1363,0.9747446617160423
3096,447400,6.814791232394484,1137,0.9685399957728776
3097,447500,5.31675174380859,213,0.9916922225978069
3098,447600,6.110935433461172,675,0.9380207114924544
3099,447900,6.6120565991419085,1016,0.9549987375506748
3100,448000,6.910291527177653,1239,0.9702658559502243
3101,448200,5.179873117610887,214,0.9653179781478755
3102,448300,6.006160292302367,482,0.9721940149381503
3103,448400,5.799497189587462,412,0.9632078889403415
3104,448700,5.185694198939272,462,0.8451861060872916
3105,448800,4.033865883413904,123,0.8382608781208511
3106,448900,5.187489698234494,520,0.8294901978501158
3107,449000,6.587678422234388,1218,0.9271935902008615
3108,449100,6.328959227426411,796,0.947505838499852
3109,449500,6.554504613173057,1470,0.8987369702053521
3110,449600,6.458157585453253,793,0.9673949370803905
3111,449700,5.784694408404533,466,0.941490826103227
3112,449900,6.244988452827773,548,0.9902816113582787
3113,450000,5.893339773772282,453,0.9636108114491677
3114,450100,7.032146159358567,1341,0.9765281609528916
3115,450200,4.835160141084755,140,0.9784520464213751
3116,450300,5.7808897763064815,355,0.9844642058556042
3117,450400,6.879548078625035,1274,0.9621857479319529
3118,450500,5.235007463383209,201,0.9871217201613129
3119,450600,6.675335539022626,1319,0.9291134444285036
3120,450800,4.7643483004450164,190,0.9080096136252858
3121,451000,7.093068410992743,1743,0.9503850164773169
3122,451200,5.279493240001345,264,0.9468331116979365
3123,451300,5.030008614668668,380,0.8467783841021529
3124,451400,5.750623784577959,768,0.865563784459724
3125,451600,5.838905303286587,475,0.9473644441241768
3126,451700,5.053047078098462,422,0.8359044890110678
3127,451800,6.51467563441091,793,0.9758610164059326
3128,452100,7.143942119981618,1460,0.9804768251659195
3129,452600,6.782624605645233,1084,0.970552889333387
3130,452700,6.254770573713088,641,0.9677768940098863
3131,452800,4.2078223248256,93,0.9283463785365881
3132,452900,6.507364142561483,815,0.9707864426044427
3133,453100,6.707162908736197,1361,0.9294881019227049
3134,453200,5.076439302457876,210,0.9493804404148061
3135,453300,6.083421487872208,445,0.9975971440136627
3136,453400,5.229449030568598,300,0.9168387914168845
3137,453500,5.058994602523851,255,0.9129676943346344
3138,453600,6.4369223534994315,930,0.9417335073210725
3139,453700,7.044631999263672,1303,0.9821827923755734
3140,453900,6.339664750274583,624,0.9850087998923976
3141,454100,6.386445690776364,777,0.9595827405204791
3142,454200,6.784563914358235,1365,0.9398322169340332
3143,454400,5.93639505420458,604,0.9270440024133861
3144,454500,5.939448750941203,392,0.9946723004780551
3145,454600,6.1688155967931415,610,0.9618546930746606
3146,454800,6.052034169184771,704,0.9230194831125835
3147,455000,5.809715978871026,692,0.8883920202746679
3148,455200,5.2289039087050035,348,0.8934933346507363
3149,455300,3.3945971356857565,56,0.8433044852947499
3150,455500,6.778822422754795,1144,0.9625883210718232
3151,455600,6.161456725811375,476,0.9993575247430591
3152,455700,5.560976264387977,345,0.9516443903772134
3153,455800,6.990723714038096,1284,0.976666954153404
3154,455900,7.24642195562623,1892,0.9603774219879134
3155,456000,6.229729203684839,878,0.9191581646548483
3156,456100,6.631748759442875,1033,0.9555527634669767
3157,456200,5.253457428513846,370,0.8883833192449384
3158,456300,7.084514147474214,1585,0.961480394373722
3159,456400,6.876127788365324,1203,0.9694827383856651
3160,456500,6.104032111852465,452,0.9984215620478931
3161,456600,5.089449672786472,181,0.9790232911890687
3162,456800,6.81523949655889,1236,0.9572455450060784
3163,456900,5.434268479801313,531,0.8660517261698045
3164,457000,5.5079063909074115,280,0.9774821739234997
3165,457100,6.126989665016925,737,0.9279679066847365
3166,457200,6.795188426789663,1105,0.9696883143226961
3167,457400,4.993000543394199,346,0.8540242591260012
3168,457500,6.151101806290541,575,0.9680112689060041
3169,457600,6.662572736190172,907,0.9783308917535977
3170,457700,4.875614540880136,258,0.8780208943207999
3171,457800,4.586351843650986,194,0.870629334573139
3172,457900,5.922613511026881,678,0.9084951220511575
3173,458000,5.538826319886306,307,0.9671684256351836
3174,458100,6.742485753114937,1022,0.973009515116867
3175,458200,7.219896369435214,2107,0.9434048230698923
3176,458300,6.486324458916508,1128,0.92289962398206
3177,458400,6.412352102675001,619,0.9975493291815652
3178,458500,5.506816080159611,496,0.8872550896296593
3179,458600,6.112313833710159,1032,0.8808315535414183
3180,458700,4.3477237352244895,405,0.7241514849678533
3181,458800,6.428749376458462,809,0.9601168517890101
3182,459000,6.185052083453156,1044,0.8898312341071051
3183,459100,6.576201061059192,863,0.972751134591314
3184,459200,4.6056526399840365,165,0.9020175917518454
3185,459300,6.25382199546843,804,0.93485749202971
3186,459400,6.528368479186267,906,0.9587796729844665
3187,459500,6.279118318540945,745,0.9494561500132351
3188,459600,6.253616655125329,622,0.9721241866038436
3189,459700,7.172784397480172,1857,0.9529764255151717
3190,459800,5.883621202365436,516,0.9419661596053138
3191,460000,6.4978485738011,914,0.9530668891959864
3192,460100,6.244917495719216,593,0.9780309111183006
3193,460200,5.321337602366221,682,0.8155269602444896
3194,460300,4.9062060723098515,641,0.7591186308235439
3195,460400,3.652111792212558,93,0.8057433262588667
3196,460600,6.339226724043769,760,0.9556644668585327
3197,460700,6.629919615631883,1022,0.956765072508981
3198,460800,6.542855414237715,1233,0.9193011795610972
3199,460900,5.9945687774530505,468,0.9749694540074672
3200,461000,6.169774359254111,685,0.94491937369669
3201,461100,5.3592559096474295,268,0.9585527436083828
3202,461200,5.58802209252994,920,0.8188329600208805
3203,461300,6.670912706851817,950,0.9729380432415915
3204,461400,6.7541326615781445,1022,0.9746902828887768
3205,461500,6.672565228575524,1207,0.9403418316296859
3206,461600,5.858698898479121,450,0.9589886183378618
3207,461900,6.488604051298303,947,0.9467854770485101
3208,462000,6.322904452589102,622,0.982894968931193
3209,462100,4.705566177175046,192,0.8950205077137596
3210,462200,5.393473692000549,254,0.9740198860894401
3211,462400,7.1441560261848345,1673,0.9625163477332057
3212,462500,6.72181833725565,900,0.988154697151201
3213,462600,4.64908643791132,348,0.7944165387268831
3214,462700,5.723255400674443,554,0.9059848340951444
3215,463100,6.784333134737862,1205,0.9563164008638768
3216,463200,6.724940796787914,1015,0.9714410999919535
3217,463300,6.4026892926518,665,0.9850613954893118
3218,463400,5.737355026637025,674,0.880877065440176
3219,463500,5.406779648943889,341,0.9271070996379817
3220,463600,5.393419217703524,280,0.9571642594552301
3221,463700,7.271422350376621,1526,0.9919536697135819
3222,463800,4.623461838475077,234,0.8475141500761902
3223,463900,6.255825086725709,617,0.9736891232255931
3224,464000,6.8980411881266335,1018,0.9960214236900057
3225,464300,6.275487934063333,614,0.9774911046346395
3226,464500,7.2335019940148495,2095,0.9458885671531211
3227,464600,4.53644521809227,188,0.8663220656876378
3228,464900,6.207345830003392,619,0.9656571519419116
3229,465000,5.645199797675336,369,0.955065812214505
3230,465100,5.4780141987176085,430,0.9033984566058239
3231,465200,6.258185046345233,541,0.9944014166321831
3232,465300,5.783328074186613,441,0.9497923225212234
3233,465400,5.702955889241517,416,0.9456563629378416
3234,465500,6.325097241340763,629,0.9815283068239944
3235,465600,6.086488379619018,636,0.94288166659736
3236,465800,5.7726155701631,849,0.8559556508460037
3237,465900,5.871591995584792,381,0.9880178725467421
3238,466000,6.792728893060046,1112,0.9684646068882863
3239,466200,5.233536116557616,349,0.8938465976330798
3240,466400,5.025797261951256,256,0.906336598291301
3241,466500,6.548566896973785,926,0.9586718583925126
3242,466600,6.250633990222455,650,0.965054911463873
3243,466700,5.755242106144575,650,0.8885698106602526
3244,466900,6.161865346785044,666,0.9477912320545575
3245,467000,4.596055837314145,221,0.8514111358707127
3246,467300,6.4784828788099835,779,0.973035766113349
3247,467400,6.590737151358818,888,0.9708004983467522
3248,467500,6.46304567850839,899,0.9502685957562849
3249,467600,6.262938871476159,1003,0.9062602694899342
3250,467700,4.023686461306535,169,0.7843598255851476
3251,467800,7.3089811822151205,2064,0.9576254000514849
3252,467900,6.230310638539086,592,0.9760012787473662
3253,468200,7.358205664764389,1966,0.9702587178438616
3254,468500,7.381368336707149,1959,0.9737709613473875
3255,468600,6.256656455378822,828,0.9311868144349927
3256,468700,4.68152415025283,199,0.8844236833642951
3257,468800,7.4999978192139105,2308,0.9684743671046441
3258,468900,4.832867086911101,156,0.9570306717603574
3259,469000,5.870433924533728,474,0.9528057762092396
3260,469100,6.020898399119837,486,0.9732776188404026
3261,469300,6.255732794003061,1058,0.8982784285314633
3262,469500,5.371940893413946,302,0.9407249014949273
3263,469600,3.929237499256409,115,0.8280914021444155
3264,469900,5.620642138422058,470,0.9135196370971816
3265,470000,6.716389936634039,924,0.983551490554991
3266,470200,5.058153010802841,478,0.8198496193876111
3267,470300,4.763413152763607,189,0.9087453360641456
3268,470400,6.247110552518315,815,0.9319610977615779
3269,470500,6.161265150477096,757,0.9293901864982832
3270,470600,7.495461359519624,2191,0.9744345966584282
3271,470800,5.663414699410785,336,0.9735785587852869
3272,470900,3.87615297128516,137,0.7878390241183163
3273,471000,4.549920685236755,173,0.882915434107154
3274,471100,5.971261839790463,392,1.0000000000000002
3275,471200,5.108445963207764,236,0.9349566651208107
3276,471300,6.033550965449552,546,0.957308539302338
3277,471400,6.082584450691089,523,0.9717238262030871
3278,471500,5.7763452776929345,504,0.9282883855248045
3279,471800,7.186698251297321,1649,0.9701365643560139
3280,472000,6.329100964637265,786,0.9493238312005261
3281,472300,7.5376849666817,2369,0.9700731585995334
3282,472400,5.998201984474253,644,0.9274089963814858
3283,472500,7.074310222314292,1660,0.9541089332479099
3284,472600,6.52176640092089,788,0.9778496542098661
3285,472700,5.267332728350631,225,0.9725323271715497
3286,472900,5.201185084263852,233,0.9541640787475254
3287,473200,4.656784005187426,218,0.8648506407535418
3288,473300,5.575688463191922,500,0.8971906795872642
3289,473400,6.957247968896468,1452,0.9555744157725294
3290,473500,5.076838997109704,202,0.9564022175436248
3291,473600,7.310184209846781,1866,0.9706078959090841
3292,473700,6.398328463805573,1011,0.9247883106941411
3293,473800,6.212934286248106,694,0.9496310146611355
3294,473900,5.159721832672348,245,0.9379166792757105
3295,474000,6.825613930776351,1134,0.9704425447000352
3296,474400,5.518702203510141,340,0.9467753802398208
3297,474500,4.564281041871593,165,0.8939149595706132
3298,474700,7.002527282352174,1474,0.9598110694161189
3299,474800,6.500808801229945,1114,0.9266070801657053
3300,474900,6.2128593863852135,510,0.9965431633748073
3301,475100,6.525534568662015,798,0.9765681705850231
3302,475300,8.085471352985259,3567,0.988506747342954
3303,475400,6.314784780463649,752,0.9535008600036597
3304,475500,6.160511490845746,626,0.956697669145977
3305,475600,6.641202652283442,1418,0.9151440229990784
3306,475700,6.7894437851195555,999,0.9830150342253858
3307,475800,6.265163025375331,603,0.9786385598017784
3308,475900,6.38620495259454,1147,0.9064997819582792
3309,476100,6.300319911387293,683,0.9653451120317941
3310,476300,6.739977768771773,955,0.9822590071676742
3311,476500,5.59277882630072,294,0.9840239875650626
3312,476700,6.756611815119718,1157,0.9578974547755142
3313,476800,6.837915830497916,1114,0.974657372005427
3314,477100,6.602952611877268,1290,0.9218913938126178
3315,477300,6.966823514194951,1190,0.9837772099043965
3316,477400,7.297923420371893,1737,0.9782850942744972
3317,477500,5.284103101260298,354,0.9002957559424225
3318,477600,6.943828027935519,1216,0.9775465573450468
3319,477700,5.806198717826907,656,0.8951672502050515
3320,477800,6.0934932440389336,498,0.9811440389763718
3321,477900,5.584480254338357,288,0.9861414844633164
3322,478000,7.14078345881577,1528,0.9739581378028094
3323,478100,4.565070906425433,272,0.8143475014703432
3324,478400,4.51487273255609,160,0.889599626914074
3325,478800,6.100725829702921,704,0.9304456393547599
3326,479000,3.435123914716072,62,0.8323266446480252
3327,479200,4.720127240345083,211,0.8819604560929065
3328,479300,6.189210517704029,771,0.9310319873472732
3329,479400,4.382159392850472,141,0.8855065693065179
3330,479600,6.460518200996953,723,0.9813332246234703
3331,479700,6.872782215750906,997,0.9953700639927502
3332,479800,5.950949378669236,473,0.9662051004743959
3333,480000,6.6112408803729235,936,0.9663274563008214
3334,480200,7.044649485751676,1611,0.9539635972942093
3335,480300,6.223145720315249,766,0.9370539101712865
3336,480400,4.78455861783704,201,0.9021843361422173
3337,480500,6.214534363225466,523,0.9928034963522618
3338,480600,6.530523960272552,817,0.9738853922631058
3339,480700,6.393201655445873,673,0.9817954068843595
3340,480800,5.872117789475417,355,1.0000000000000002
3341,480900,5.2796844648925365,229,0.9716515606501499
3342,481000,5.330518477285952,324,0.9221164133512559
3343,481100,5.17525101748236,608,0.8073494269309195
3344,481200,5.249238080285272,348,0.8969679532495535
3345,481600,6.390205417623883,692,0.9771574929961026
3346,481700,6.688661380603634,1078,0.9578680862940605
3347,481800,5.648478733461571,433,0.9304435451735685
3348,481900,5.881009101233982,413,0.9763526635653801
3349,482000,6.840312774641163,1113,0.9751238496279446
3350,482100,7.021873088403628,1428,0.9666635394220374
3351,482300,5.045082711971537,320,0.8746189256198439
3352,482400,5.79472969920119,405,0.9651630076369593
3353,482500,6.798292389574643,1341,0.9440537517805108
3354,482600,5.942196911313256,384,0.9985807177628577
3355,483000,6.163722441121105,718,0.93723879908611
3356,483200,5.9862919690846725,619,0.9312685021700948
3357,483500,5.559609361012425,498,0.8951807058998232
3358,483600,6.019890843656567,477,0.976064004457893
3359,483700,6.132347677169557,581,0.9634859103583652
3360,483800,6.316951821490845,687,0.9670282534395175
3361,484000,4.197748931525534,184,0.804947390847663
3362,484100,6.145705783909921,620,0.9558279805053281
3363,484300,5.842023886794683,482,0.9456258876651331
3364,484700,5.843366196661223,518,0.9349422949951938
3365,484800,4.587545536954909,404,0.7644106648586554
3366,484900,7.148926082584595,1407,0.9861655401668115
3367,485000,6.365635778088569,850,0.94372316228403
3368,485100,5.794057545025121,761,0.8733048583851996
3369,485200,6.150657715036152,983,0.8926145145938548
3370,485300,5.202116915123819,640,0.8050982800103234
3371,485400,6.174872603468641,918,0.9051149138484581
3372,485500,6.370106179797748,912,0.934630671378562
3373,485700,6.739750657396494,1273,0.9427369694462583
3374,485800,6.2999093376638555,642,0.9745259932589818
3375,485900,4.020174272427762,113,0.8504007766222972
3376,486000,6.274957946574643,597,0.9817020207328876
3377,486100,6.075885684789756,571,0.9572259529235693
3378,486200,6.188103779073373,512,0.9919496260639343
3379,486300,5.223241769265439,234,0.957458169522062
3380,486500,5.270149394600125,438,0.8664846616436468
3381,486700,6.47572346315603,965,0.9423170475961123
3382,486800,5.769615331783008,777,0.866902117372939
3383,486900,7.046093551908533,1512,0.9624248163124132
3384,487000,4.846677317511851,260,0.8715976995479814
3385,487100,6.908898612546963,1562,0.9395104006016373
3386,487200,6.967371550771862,1342,0.967433005825295
3387,487300,5.937677879576922,576,0.934168865057714
3388,487400,4.424125909749798,163,0.8685400216620542
3389,487600,5.263122816454814,247,0.9553007511676168
3390,487700,6.260313049057751,603,0.977880977944884
3391,487800,6.458344968945765,689,0.9882335940053263
3392,487900,6.778900423858988,1132,0.9640429268370698
3393,488000,4.958740095952053,274,0.8834183011623616
3394,488200,6.695340841856735,947,0.9769515018706255
3395,488300,4.788030500822956,146,0.9607561078289243
3396,488400,7.124780820959639,1489,0.9752145249273485
3397,488600,6.752621971387724,950,0.9848551609503304
3398,488700,4.206185764653109,293,0.7405031597060875
3399,488800,4.081804331221263,175,0.790314323154896
3400,489000,4.685943984680534,219,0.8695271133160611
3401,489200,5.622240244755734,501,0.9043906197908521
3402,489300,6.42882747125193,1048,0.924394148446117
3403,489400,6.078979126537749,671,0.9339675441870258
3404,489500,5.913604382658841,567,0.9326923127498461
3405,489600,7.051740842545122,1642,0.9524655429426663
3406,489700,5.844795103996744,436,0.9616879161311112
3407,489800,4.184430597384484,133,0.8556506882579243
3408,489900,5.966344538970308,510,0.9570021613041584
3409,490000,5.7041550822975715,365,0.966822766642531
3410,490200,4.782362924933896,283,0.8471185738954259
3411,490400,6.77109929910144,1249,0.9496501751673814
3412,490600,5.868579478925548,378,0.988826301782602
3413,490700,5.453643420764443,306,0.9528369585880959
3414,490800,5.120939979004852,272,0.9135070982605143
3415,490900,5.440827184124242,309,0.9489801707858946
3416,491000,5.604693785503861,310,0.9770109213069131
3417,491100,5.934685725500069,576,0.9336981124782138
3418,491200,6.003872408491496,547,0.9523231287380726
3419,491300,5.355032809599653,417,0.8876108533391749
3420,491400,6.612070334457927,857,0.9790673156629528
3421,491500,6.1862775714004705,575,0.973546949844333
3422,491600,6.637960050731907,1036,0.9560482512760301
3423,491700,6.531062604908955,1065,0.9369266248576844
3424,491800,6.26218268831944,592,0.9809941536049221
3425,491900,6.094065318372557,469,0.9908078196231808
3426,492000,5.144450847497127,507,0.8259519561787692
3427,492300,7.434414440849164,2100,0.9718579303180026
3428,492500,5.985203884271705,482,0.9688018819496047
3429,492600,5.738559936652047,311,0.9997851881512013
3430,492700,6.245259908895079,714,0.950444551316652
3431,492800,5.7324665627835625,329,0.9890285447943626
3432,492900,5.426474233869369,280,0.9630304973263395
3433,493000,6.507025646974332,936,0.9510949087019542
3434,493300,5.62345969694409,611,0.876597771278311
3435,493400,6.276712788675834,681,0.9621603188734807
3436,493500,6.757735598235765,1389,0.9338610695478511
3437,493600,5.398624638262535,402,0.9003031390026223
3438,493700,4.898111130296989,248,0.888396559709601
3439,493800,4.9227517751706475,175,0.9531376130637604
3440,494100,5.038080285502877,197,0.953603257451201
3441,494200,6.3220454618279565,670,0.9715346019112553
3442,494300,5.014802132813312,184,0.9616229932451874
3443,494400,6.28169317468336,560,0.9926921505972153
3444,494500,6.68563744700104,1249,0.9376641062541631
3445,494600,6.724193899303313,910,0.9869007960798581
3446,494900,6.093639241152847,854,0.9027705714630606
3447,495000,7.209389840689262,1426,0.9926694915560136
3448,495100,6.184172501558264,492,0.9976919796633358
3449,495200,5.739938969115371,622,0.8922730332269074
3450,495300,6.590849624642325,1593,0.8938715637674889
3451,495400,5.295579165300264,264,0.9497179883353224
3452,495800,6.504959867469007,836,0.9667586430345195
3453,496100,4.922325373869328,225,0.9088320024248222
3454,496200,6.588607241378893,907,0.9674698128036224
3455,496300,5.896912284294205,626,0.9157619859853623
3456,496500,6.0816455043588435,684,0.9316306234053893
3457,496700,6.061166176400931,632,0.9398775209111461
3458,496800,4.918705978726317,201,0.9274793857791752
3459,497300,4.975818870687011,178,0.9602521646058596
3460,497400,5.563169394169392,390,0.9324560117987494
3461,497700,7.036875713840546,1623,0.9519542293035068
3462,497800,5.1914031614881635,479,0.8411625093521232
3463,497900,6.8931586522405786,1178,0.9747701532909365
3464,498200,6.307254575507491,978,0.9160185487729621
3465,498300,5.089834817475701,280,0.9032874651811237
3466,498400,7.489593606545813,2080,0.9802974948509311
3467,498600,5.725506297928682,603,0.8943424480491092
3468,498700,5.472479406968259,390,0.9172552480283207
3469,498800,5.576897523832832,365,0.9452533136778168
3470,499000,6.8917185916665735,1251,0.9663502434310524
3471,499300,5.463208362127182,269,0.9764951203820607
3472,499400,4.897035720294845,238,0.8948818529492271
3473,499600,6.755176498362079,1073,0.9680380606707331
3474,499800,6.123610879381804,506,0.9834698171114377
3475,500000,5.036958717889073,190,0.9599648579113688
3476,500100,6.342864439184963,586,0.9952214306832906
3477,500200,6.072778738143194,570,0.9570007471008356
3478,500300,5.5910314593117345,295,0.9831291871308836
3479,500600,5.935959601473249,662,0.9138902097771008
3480,500800,6.303131213203466,761,0.9500345947126969
3481,500900,7.1397244774633775,1640,0.9645081034822062
3482,501000,5.402734872214215,264,0.9689354713022108
3483,501100,6.242195984723256,570,0.9836989751344918
3484,501300,6.648437516955852,842,0.9870330537663351
3485,501400,5.3540692167619515,380,0.9013324682028213
3486,501500,4.959000849121745,166,0.9700729059675663
3487,501600,6.046664319651614,462,0.9855106134466373
3488,501700,5.912513775187827,691,0.9043113078882856
3489,501800,6.1200669114296895,599,0.9569689710946533
3490,501900,6.620072046167982,852,0.9811022088928658
3491,502000,5.412274126135769,327,0.9347688008874584
3492,502200,6.2216427912368815,851,0.922215048927427
3493,502300,6.268242776206422,586,0.9835129858786571
3494,502500,6.068375223865088,637,0.9398469432199904
3495,502700,5.7527202704799825,341,0.98642595986598
3496,502800,6.2071028163177555,599,0.9705784073237692
3497,502900,5.414461426449886,287,0.956706147317251
3498,503000,6.366921240438162,759,0.960030086562859
3499,503300,5.632448229709221,321,0.9759171252975695
3500,503400,4.042516390138014,170,0.7871252035467006
3501,503500,6.453671384247256,697,0.9857771378361933
3502,503600,6.052228606205615,665,0.9311426002650882
3503,503800,7.4826139670289535,2280,0.967754916089483
3504,503900,4.375606823602116,229,0.8052688048339605
3505,504100,4.527016599423247,284,0.8013873684962728
3506,504400,6.165039196948799,543,0.9790268651415882
3507,504500,6.295246723940927,654,0.9710230577203004
3508,504600,5.008379616945818,328,0.8645551271789286
3509,504700,6.286087976037427,789,0.9423337100557184
3510,504900,5.694884494924185,497,0.9172589059652546
3511,505100,6.011621448375988,456,0.9818911406533456
3512,505200,5.744761203653082,387,0.9641409432216799
3513,505300,5.722495685294332,498,0.9214078533995447
3514,505500,6.736208492214539,935,0.9847471197473168
3515,505800,5.928883174123012,536,0.9434685864683614
3516,505900,6.258293176109355,563,0.9881599334889367
3517,506100,6.195028961596966,862,0.9165253735103682
3518,506200,6.488265920741136,704,0.9895508995888872
3519,506300,7.351506741456848,1957,0.9699622403252471
3520,506400,6.2831929147576115,1082,0.8993248616848378
3521,506500,5.980304192600711,428,0.9869916817273894
3522,506600,4.719663629728087,263,0.8470088232438006
3523,506700,6.294034492519575,578,0.9896943761474879
3524,506900,5.376985195964936,341,0.9219982084531869
3525,507000,4.75696893439578,172,0.924132887528725
3526,507200,4.638317584593466,231,0.8522531402957613
3527,507300,6.6427430589122,1062,0.9533337571612447
3528,507400,5.301687105259546,212,0.9897510902284818
3529,507700,5.799332513683675,349,0.9904801496447229
3530,507800,4.782168613045414,272,0.8530748243498374
3531,507900,5.720799711709729,368,0.9683005082326677
3532,508100,6.131700338084742,583,0.9628643377863274
3533,508200,5.381959538047631,504,0.8649085694076547
3534,508300,4.9222305560797945,337,0.8457320307945837
3535,508400,6.4415736188657355,921,0.9437566969331806
3536,508500,6.280146716199489,922,0.919959732271072
3537,508600,4.868759207357872,314,0.8468301295964962
3538,508700,3.899533969162473,67,0.9274242666821401
3539,509100,5.8912869500334395,452,0.9636233576988303
3540,509200,6.508072122649564,826,0.9689541117333029
3541,509300,6.739783540814122,1302,0.9397805426797214
3542,509500,5.428057844942806,239,0.9911611377434197
3543,509600,2.268171198754444,16,0.818069835082553
3544,509800,6.366654645112703,702,0.971424982927341
3545,510000,6.680613297764166,1064,0.9585098913535223
3546,510400,5.758324769501169,847,0.8541353332504122
3547,510500,5.5397148927474404,361,0.9407080486204732
3548,510600,6.891644932424491,1186,0.9736242388086551
3549,510700,6.327052293875442,669,0.97252725196519
3550,510900,7.015801390350731,1298,0.9786877583701601
3551,511000,5.798294416158795,431,0.9558508239604461
3552,511100,5.4320691054678765,341,0.9314435135870789
3553,511200,4.3964236284284,224,0.8124004390348784
3554,511400,6.953807266136515,1509,0.9500771846810142
3555,511500,6.245215136425903,630,0.9688933604658622
3556,511600,5.420041669852518,252,0.9802172311231978
3557,511800,6.590180517697602,962,0.9594069957239526
3558,511900,6.7470220354044805,1061,0.9684302941533238
3559,512000,5.370296550644556,272,0.9579889705583111
3560,512100,5.233305342696733,254,0.9450947135099537
3561,512300,4.133889667659506,131,0.8479430459124704
3562,512700,6.470988264791817,714,0.9847973707460163
3563,512800,6.724191372015252,996,0.9739915325880328
3564,512900,5.883427872498185,537,0.9359576290100461
3565,513000,5.780743515792328,324,0.9999999999999999
3566,513300,6.7925702064529,1462,0.932077349570324
3567,513400,6.881904097301687,1251,0.964974064341249
3568,513500,5.319359905680729,291,0.9376091675334346
3569,513600,5.000766248805161,372,0.8448818938009603
3570,513700,6.3149903732061246,681,0.968027908195684
3571,513800,6.475378023423874,712,0.9858862989692865
3572,513900,5.870036431218786,549,0.9305556160303173
3573,514000,6.166608200448243,850,0.9142167717992042
3574,514100,6.282228987562363,752,0.9485850984047035
3575,514200,5.580793390097719,398,0.9322372225103233
3576,514400,6.1196783978728915,558,0.9676361563715936
3577,514500,5.723300076348641,316,0.9943635180252359
3578,514700,7.701470437432065,2501,0.9842831691174124
3579,514900,5.274257761442597,207,0.9890372933415126
3580,515000,6.8181867517999954,1110,0.9723437886619108
3581,515100,6.484434908915254,846,0.9620082018864005
3582,515200,6.9938581237836654,1299,0.975521924235967
3583,515300,5.144922046865256,213,0.9596421698059914
3584,515400,5.580509465109044,639,0.8638687312669816
3585,515500,6.5282936208405005,801,0.9764327545135455
3586,515600,6.652892996400597,1034,0.9584657592746266
3587,515700,2.630230135345294,266,0.47107224396449937
3588,515800,6.822387530006701,1521,0.9311140618056997
3589,515900,5.517261653978377,384,0.9271707391631366
3590,516100,5.997577617547112,443,0.9842469757267893
3591,516300,6.329510129046778,1136,0.8996827967156168
3592,516400,6.61479652336839,883,0.9751554477705765
3593,516500,7.09727427725,1335,0.9861863799950337
3594,516600,5.061494478199929,369,0.8563134181418854
3595,516700,6.420251710960934,677,0.9850530108267012
3596,516800,6.6176554059182635,1141,0.9400532237393981
3597,517000,5.7464521621940605,371,0.9713076229281863
3598,517100,4.2661172410482955,220,0.7909551047760822
3599,517200,5.49284631771874,494,0.8855807923223408
3600,517400,7.02803293085382,1662,0.9477136319165189
3601,517500,6.87849304961504,1282,0.9611966554303311
3602,517600,6.373738436966654,1135,0.9060828746536325
3603,517700,7.08210652795977,1285,0.9893263504970365
3604,517800,5.414363691686621,634,0.8391696544650418
3605,517900,5.21720156014228,412,0.8664974801510965
3606,518100,4.494118186957704,145,0.9030256428329363
3607,518400,5.699377190118701,441,0.9360051217721485
3608,518600,6.666159150075255,968,0.969590417523761
3609,518700,6.052597767282896,812,0.9034401761276468
3610,518800,6.539472999952482,778,0.9823857080803869
3611,518900,5.817135698908631,367,0.9850599926954511
3612,519000,5.55025836534576,340,0.952189080058924
3613,519100,5.65276111425817,318,0.9810327500985813
3614,519200,6.088897307157931,653,0.9394160072021952
3615,519400,5.720953157400583,401,0.9544527816508381
3616,519600,5.789025419600698,458,0.9448586620080852
3617,519700,6.5561622976948986,1377,0.9070930330308211
3618,519800,5.49589523234918,433,0.905309285064032
3619,519900,3.715741155774455,65,0.8901285183986659
3620,520000,5.612594069220849,404,0.9352118097736988
3621,520200,6.18810655291833,564,0.976804034701837
3622,520300,5.895777409856695,536,0.9382004360091619
3623,520500,6.3623250107226745,675,0.9766086875383838
3624,520700,6.616477052733482,917,0.970000411171459
3625,520900,3.7059420335765942,144,0.7456903932171388
3626,521100,6.265319569986884,893,0.922104604218416
3627,521300,6.321875860645485,909,0.9280028790744617
3628,521600,7.147614759843318,1529,0.9748028991862072
3629,521700,5.950102339092207,502,0.956823436877811
3630,522000,6.702963165027285,1227,0.9424429931178083
3631,522100,6.000752193001925,712,0.9136237836910662
3632,522200,6.353923856112631,658,0.9791529044552678
3633,522300,6.05751882417602,469,0.9848658826175871
3634,522400,6.5384675850429534,846,0.9700243017216001
3635,522500,6.112013991673862,490,0.9866990624234692
3636,522600,6.039848151433231,541,0.9597085278799784
3637,522700,6.020696533096116,1113,0.8582830894165199
3638,522800,4.951153599808852,185,0.948432207633005
3639,522900,5.51869208759416,252,0.9980582082259607
3640,523000,5.287474250297653,210,0.9888475628969045
3641,523200,6.49974000095694,835,0.9661547328599663
3642,523300,6.078328745079148,961,0.885024955413377
3643,523400,5.087477248573815,199,0.9611154877782065
3644,523700,5.929197556082637,406,0.9871543345073284
3645,523900,5.4363085266976565,252,0.9831591002723797
3646,524000,5.968442124105652,725,0.9062081034141141
3647,524300,5.52046561886633,291,0.9730567709424089
3648,524400,6.330238209241679,592,0.9916553034736064
3649,524500,6.71144382209118,1438,0.9230416642693003
3650,524600,4.817033629850322,247,0.874331837860351
3651,524700,6.37520402198818,718,0.9693961106415989
3652,524800,5.292261636407002,248,0.959885740808418
3653,525000,6.082401496760806,559,0.9614697728169982
3654,525400,5.576841740157209,333,0.9601764677395142
3655,525600,3.269076007841967,138,0.6634681745106182
3656,525700,5.529920258220693,371,0.9347078074246004
3657,525800,7.463232827189994,2143,0.9730469110009171
3658,525900,5.853033905898591,524,0.9347666979347363
3659,526000,6.494435916087355,1563,0.8830726070189636
3660,526100,5.720697573516922,378,0.9639089400682561
3661,526400,6.669737716638489,907,0.9793829960966126
3662,526700,5.17628618412557,512,0.8297558231177795
3663,526800,5.864836434065374,454,0.9586046517768543
3664,526900,5.96601152547173,509,0.9572501061587262
3665,527000,5.429917115957707,239,0.9915006398687001
3666,527100,6.777675397154681,1201,0.9558259189885705
3667,527200,6.276050957503119,654,0.9680621679189779
3668,527400,6.195032530464514,551,0.9815102690120685
3669,527500,6.102006890601309,720,0.9274622132473669
3670,527600,5.3668448775109034,222,0.9933676394445455
3671,527700,5.501056856070641,363,0.9332678832353223
3672,527900,7.04143652474248,1705,0.9462617057145267
3673,528200,6.617048461066892,1149,0.9390350048976747
3674,528300,6.138608887323402,1008,0.8876307638557018
3675,528400,6.522358140751679,1135,0.9272104702974527
3676,528600,5.937402807891803,438,0.9761902515153503
3677,528700,5.882674214153516,868,0.8694217459738081
3678,528800,4.640275872463031,412,0.7706789366568951
3679,529000,4.376173502490213,235,0.8015578272659805
3680,529100,5.704435501921755,449,0.9340779634822468
3681,529200,5.369698497413794,252,0.9711126433543761
3682,529300,6.060561268312911,429,0.9998522383929994
3683,529400,6.5241819251289055,796,0.9767325469101735
3684,529500,5.674949744367186,313,0.9875999083550909
3685,529600,5.536060985450333,362,0.9396461813390381
3686,529800,7.058745102156901,1630,0.9543571000726729
3687,529900,6.812803772722066,978,0.989440738478785
3688,530000,6.5213709916592215,837,0.9690254787276938
3689,530100,6.645223644280669,1160,0.9417600012366851
3690,530200,5.20138223895661,205,0.9771505706999472
3691,530300,4.89026075797767,302,0.8563739179396365
3692,530400,6.531010394094947,1051,0.9387010940791418
3693,530500,7.100870795393018,1911,0.9398427303607404
3694,530600,6.516089089104048,946,0.9509425598174143
3695,530800,6.401175958645122,739,0.9690972360753446
3696,530900,6.908438526914814,1465,0.9477102386451681
3697,531000,6.767115020327045,954,0.9863644895594345
3698,531200,6.461254540782009,824,0.9623310149778288
3699,531300,6.03706726617719,1125,0.8593031588196257
3700,531400,3.4992962162870347,52,0.8856189254616137
3701,531500,5.757150707845156,354,0.9808927360553753
3702,531600,5.684209821074974,619,0.8842745381332335
3703,531700,4.832942214508705,213,0.9014510056773212
3704,531900,6.307724624517265,747,0.9533951749283797
3705,532100,6.138675517477086,642,0.9495849123095982
3706,532200,5.295906486297136,281,0.9392645189741009
3707,532300,5.804983382440705,402,0.9680696679722139
3708,532700,6.531357740123251,969,0.9498409541757474
3709,532800,6.647331536419838,1143,0.9440339315195511
3710,532900,3.959033272315736,82,0.8984083283212457
3711,533000,4.658521780616338,238,0.8512959351644838
3712,533300,6.485296663346731,917,0.9507688729028858
3713,533400,6.459552188234889,771,0.9716990065183224
3714,533500,4.775256284151874,153,0.949272480601465
3715,533600,6.57773469614936,1153,0.932995799326666
3716,533700,6.45911475971548,835,0.9601159883727659
3717,533800,6.08520702191578,451,0.9957031075962461
3718,533900,6.108449940543029,475,0.991098156554376
3719,534000,7.279641426890322,1923,0.962706469284535
3720,534100,6.378407512091662,728,0.9678476696959079
3721,534300,6.141765615701505,641,0.9502920660720257
3722,534400,6.292389299053165,1127,0.89541876722348
3723,534600,6.425720237490337,624,0.9983794457428543
3724,534700,7.0348797488844514,1665,0.9484062682481315
3725,534800,6.144761202183664,849,0.9111369032252713
3726,535100,5.365974047001372,450,0.8783363211764499
3727,535200,5.242553916240258,244,0.9536826419316349
3728,535400,6.0097892683184915,540,0.9552131010580279
3729,535500,4.737094103430113,159,0.9345400730507429
3730,535700,6.2048211471354,678,0.9517841633388987
3731,535900,5.877585669872074,407,0.9781608261863687
3732,536000,6.785191903044529,1125,0.9657896091615924
3733,536100,6.496078544091414,950,0.9474388625922672
3734,536200,5.026322668625202,297,0.8827817231462097
3735,536300,6.353850154839812,606,0.9917229866417341
3736,536500,5.64144852802287,292,0.9937807283043869
3737,536700,6.7178354721393045,1028,0.9686339791696642
3738,536900,5.767060465711002,363,0.9783960526393628
3739,537100,6.860545539988081,1093,0.9805427832582476
3740,537200,5.840456835933383,480,0.946008938055388
3741,537300,4.8747070115558655,292,0.8587138321214601
3742,537400,5.639880204882002,568,0.8892734516614234
3743,537500,5.431140770946411,261,0.9760303446455583
3744,537700,7.263175829783674,1753,0.9724319530600999
3745,537800,7.242488354924129,1732,0.9712293400867609
3746,538000,6.529706303594439,868,0.9650489638723188
3747,538100,5.3621995751580815,323,0.9280931553470764
3748,538200,6.236882845955487,710,0.9499818932550858
3749,538300,5.6919479433975315,571,0.8967384471616481
3750,538400,7.228281838433846,2103,0.9447351070746945
3751,538500,6.093024398999972,445,0.9991718888730109
3752,538600,5.9014531521518965,499,0.94991587446492
3753,538800,5.679679048627099,530,0.9054344669439515
3754,539000,5.0453847284515785,175,0.9768816663314258
3755,539200,5.985145200221561,543,0.9504591545322503
3756,539400,6.222427362123347,621,0.9675178097428428
3757,539500,5.772806636141932,348,0.9864331687246061
3758,539600,6.435976933239699,763,0.9696740586103437
3759,539700,6.761580538336394,1339,0.9391503639024417
3760,539800,5.7867568966716165,339,0.9932641246162836
3761,539900,5.62904876438514,357,0.9576899971983426
3762,540000,6.633983980691964,892,0.9765241853310781
3763,540100,7.367421096789926,2080,0.9643065864592296
3764,540200,5.0579272005143,381,0.8511017924791486
3765,540300,6.829395428425446,1578,0.9274138577431239
3766,540400,6.836307722202405,1239,0.9598778774433202
3767,540500,4.633009990946075,281,0.8216953814814798
3768,540600,7.004588002729979,1404,0.9665392734321805
3769,540700,6.633959867609175,1275,0.927735538527527
3770,540800,6.430558043633785,931,0.9406544987268424
3771,540900,6.146067955219907,512,0.9852113066624814
3772,541000,6.8577378892977245,1588,0.930464489184059
3773,541100,6.148271466240687,536,0.9783800454688313
3774,541300,5.594963225620797,418,0.9270119191271072
3775,541400,6.8254017510165195,1027,0.9842819129605123
3776,541900,6.3087127165979835,882,0.9301878602819186
3777,542100,5.745969801196289,391,0.9626824138139509
3778,542200,5.935187354698806,708,0.904417206449395
3779,542300,6.5446382505567815,870,0.9669269135549118
3780,542400,6.488194926846586,735,0.9830791267223243
3781,542500,6.097440195120617,536,0.9702912189388438
3782,542600,5.728405570068594,344,0.9807836032599065
3783,542700,6.4446402498938795,839,0.9572843945158942
3784,542800,5.912549250253244,447,0.9688639868975553
3785,542900,5.919495344430251,780,0.8889073550175223
3786,543200,6.665919852085433,1032,0.9606104494688513
3787,543400,5.954217197312925,390,0.9980004612135103
3788,543500,6.833134395301958,1359,0.9471384315600204
3789,543700,6.678090654329564,985,0.96887245877387
3790,544100,5.508822392292767,271,0.9833462246035896
3791,544200,5.862358582416927,471,0.9524766441189195
3792,544400,7.011946866045781,1487,0.9599468215883413
3793,544700,6.904734191045959,1215,0.9721555533028106
3794,544800,5.070646030171114,176,0.9806907893027331
3795,544900,7.416817789914109,2095,0.969859849066523
3796,545000,5.57939080793698,316,0.969360788043349
3797,545100,4.842118490575772,265,0.8678051879904282
3798,545200,6.592375911299806,1008,0.9532445824745202
3799,545500,6.710530260604614,1031,0.9671742742839384
3800,545600,5.615461489265616,349,0.9590764321735813
3801,545700,5.594365455856726,318,0.9708982242982807
3802,545900,6.06051724680431,469,0.9853533832319453
3803,546100,5.900574246624891,467,0.9600159703879558
3804,546200,5.711401822292045,307,0.9973028922758319
3805,546300,5.734781987249957,687,0.8779069978212859
3806,546400,4.840516875512754,234,0.887301915534511
3807,546500,5.690987306574904,682,0.8721779984147672
3808,546600,5.929767074490263,611,0.9243456665160046
3809,546800,3.7293881472102473,86,0.8372468285863086
3810,547000,4.040076434194294,148,0.8084660432387706
3811,547200,5.809030309067671,404,0.9679434645320109
3812,547300,3.949664546679976,114,0.8339313881619247
3813,547400,6.423118244190872,796,0.9616023455124293
3814,547500,5.914564979856839,437,0.972800981535102
3815,547700,5.762697248760039,656,0.8884604369633851
3816,547900,5.757354957086747,336,0.9897275122937765
3817,548100,6.275368381489091,742,0.949468419750469
3818,548200,6.276053889322584,949,0.9154893710489125
3819,548300,5.248650129618496,208,0.983346638702052
3820,548400,6.087196520418302,475,0.987649781645664
3821,548500,7.048459829186964,1465,0.9669185765748982
3822,548700,5.922471497695099,431,0.9763214584581872
3823,548800,4.83806928293836,286,0.855388311150519
3824,549000,6.836886804769879,1151,0.9699931882721005
3825,549100,6.561633036396304,841,0.9743178751869065
3826,549200,4.799042972026674,158,0.9479413108729906
3827,549300,5.916955082216349,483,0.9574335173869238
3828,549500,7.202112525258864,1709,0.9675494261777791
3829,549600,7.072106577409053,1435,0.972923962938966
3830,549800,6.091064099736581,611,0.9494890160667411
3831,550000,5.276327992734088,368,0.8930693844269829
3832,550200,6.481287897593583,733,0.9824381922836818
3833,550900,5.331178702191998,310,0.9293317377930833
3834,551000,7.210520898369255,1756,0.9651612822288285
3835,551100,5.545764050273567,428,0.9152750111299004
3836,551200,4.9655420911207875,256,0.8954703687731717
3837,551300,5.17734761383225,309,0.9030244954533148
3838,551400,5.8880657360736866,385,0.9890517496842928
3839,551500,6.988255801657764,1193,0.9864529145848883
3840,551700,6.883707650733566,1743,0.9223332174448622
3841,551800,5.516228117894576,260,0.9920057438870433
3842,552000,6.8427836330804634,1303,0.9540405144034958
3843,552100,6.185364966737497,708,0.9425398340050497
3844,552300,6.1986415570031514,781,0.9306465909557896
3845,552400,6.1249027600245505,479,0.9924173513203157
3846,552500,7.156254785480243,1673,0.9641463868261984
3847,552600,5.190136901724793,398,0.8669804580648587
3848,552700,4.911104203869904,200,0.9269177106824747
3849,552800,6.333816287253278,808,0.9461136115978421
3850,552900,4.635767557072423,256,0.8359998581627912
3851,553000,7.103090618395749,1646,0.9590860743844146
3852,553300,4.947206192005265,217,0.9195725990477411
3853,553400,6.132679357412552,701,0.935928573172304
3854,553500,5.072168077442569,308,0.8851797123174043
3855,553800,6.228328821728947,538,0.9905325894558122
3856,553900,4.720998961552272,235,0.8647174678959733
3857,554100,5.973760499934405,546,0.9478219329018486
3858,554200,6.899458826063148,1211,0.9718640313791147
3859,554300,6.231333142967697,667,0.9582553179433453
3860,554500,4.901780604917817,483,0.7931662452755236
3861,554600,6.063797673809787,435,0.9980991441113309
3862,554700,5.543204446724738,310,0.9662920920844273
3863,554800,5.504972542982543,303,0.9634634188134362
3864,555000,6.28390263904521,697,0.9598455187971747
3865,555100,5.144372026131341,202,0.9691244525308882
3866,555300,7.1852683118883744,2113,0.9385313395529431
3867,555400,6.743244000283619,1262,0.9443720110726997
3868,555500,6.390915120070314,689,0.9779157119135774
3869,555600,4.1201170140069685,210,0.7705319166181303
3870,555700,5.863230508403705,521,0.9372546008504447
3871,555800,6.947426979685988,1142,0.9867752390770455
3872,555900,6.469767574718811,1074,0.9270143147514612
3873,556000,5.311572731844871,354,0.9049759810172698
3874,556100,5.32543244803076,277,0.9469089387029671
3875,556200,6.425882439014937,1095,0.918178693392281
3876,556300,7.1598181437161745,1812,0.9543641918928387
3877,556400,6.681335591351825,1390,0.9232114270773761
3878,556500,6.683927231276791,1551,0.9097918825397545
3879,556600,7.334436059214061,1744,0.982649833175522
3880,556700,5.414180760573984,231,0.9948116900521585
3881,556800,5.23974835428662,253,0.9469328636563361
3882,557300,6.767831957980562,1594,0.9177963454672877
3883,557400,5.773594204831735,400,0.9636365465299447
3884,557500,5.794041900449793,371,0.9793515906209933
3885,557600,7.150816028021751,1649,0.965292802228707
3886,557700,6.039827669329384,461,0.9847441217720889
3887,557800,6.753128308875883,1130,0.9606193926623106
3888,557900,5.675404082629093,295,0.9979653026458384
3889,558000,5.767519450821721,399,0.9630249803507434
3890,558100,5.161250501322413,298,0.9059444984618503
3891,558300,5.549242464363292,278,0.9860725077712378
3892,558600,6.275961528667688,609,0.9788115112796649
3893,558700,6.4813037567941905,936,0.9473352863921976
3894,558800,6.691800662736259,936,0.9781024212400689
3895,558900,5.460732192666441,422,0.903346136021926
3896,559000,7.402164741565123,2067,0.9696498215081947
3897,559300,6.96459698245261,1299,0.9714405024525395
3898,559400,5.788912724514976,394,0.9686366835502674
3899,559700,6.452079992644003,790,0.9670335931169679
3900,559800,6.090364998770722,666,0.93679336061094
3901,560100,4.801668266752082,438,0.7894599549122268
3902,560300,5.307251932068093,223,0.9815208682810082
3903,560400,5.511204299295176,293,0.9702529621276543
3904,560500,5.648378465064017,599,0.8832130442839862
3905,560600,6.22544668690308,538,0.9900742243704193
3906,560700,6.232110815012868,667,0.9583749084636728
3907,560900,7.137733448444113,1844,0.9492055079987941
3908,561500,6.057941487088127,650,0.9353045138493371
3909,561600,5.732961636281201,396,0.9584625698541663
3910,561800,3.2880477729511393,108,0.7022545104893757
3911,561900,4.817753811047886,434,0.7933012484917561
3912,562000,6.896735620319079,1348,0.9570322703587014
3913,562300,6.8972482235521095,1184,0.9746482452624275
3914,562500,3.473227918615639,82,0.7881663713366498
3915,562600,6.694395378200813,886,0.9863967256810324
3916,562700,5.755390638909585,379,0.9693230390718413
3917,562800,6.050334769092485,500,0.973566582682597
3918,562900,5.4227137626011945,258,0.9765447919566911
3919,563000,6.148468295917644,468,0.9999999999999996
3920,563100,5.75550995162733,485,0.930687480707604
3921,563200,4.4004089613848105,193,0.8361520065653898
3922,563300,6.873564853720728,1250,0.9639128274429712
3923,563800,6.492136383904086,675,0.9965345659832282
3924,564000,6.474205098545354,717,0.9846586192312168
3925,564100,6.02427236089628,479,0.9761122183120026
3926,564200,6.465146110676345,1306,0.9011002836461303
3927,564400,5.89098285643434,609,0.9187694676409499
3928,564600,4.271887755031713,98,0.9317160426774417
3929,564700,5.194978357537387,256,0.9368461892430852
3930,564800,6.464092057551673,731,0.9802376052102971
3931,565000,6.877650231035224,1219,0.967894347748586
3932,565100,6.452640441864057,715,0.9817959590062133
3933,565200,6.434719398692331,1062,0.9234792263120088
3934,565300,6.24248331531062,573,0.982931136499777
3935,565400,5.293202140911955,219,0.9822103705960858
3936,565500,5.846351556673328,376,0.9859623348762103
3937,565700,6.722474527593514,897,0.988736475178468
3938,565800,5.690167346674922,407,0.9469702537034023
3939,566000,5.161408764691245,320,0.8947852882069004
3940,566100,7.773285440864779,2788,0.9798572136407802
3941,566200,6.373271079994948,1364,0.8829474842022096
3942,566300,6.924429671993703,1317,0.963987469429607
3943,566400,6.37505742031408,679,0.9776764046864482
3944,566500,6.090218563660681,902,0.8950130159033067
3945,566700,6.08441248361865,763,0.9167057322376212
3946,566900,5.741594428779482,346,0.9820669726799273
3947,567100,7.501662713516026,1998,0.9870736167098262
3948,567200,6.073478190472375,479,0.9840850337134396
3949,567300,5.980125757757577,492,0.9647731372935493
3950,567500,6.408445680533948,799,0.9588657162970559
3951,567600,5.443649480912974,249,0.9866236437470952
3952,567900,6.352736139992392,682,0.9735949831823425
3953,568000,6.11799908710711,563,0.9660080473825824
3954,568100,6.243813864009347,783,0.9370688156587728
3955,568200,5.898695581203543,531,0.9400668202610236
3956,568300,6.716750202830344,1153,0.9527139682352652
3957,568400,4.296213506770442,170,0.8365229982113485
3958,568500,6.756528108542048,1160,0.9575340515939912
3959,568600,6.537634950852797,774,0.9828706770516424
3960,568900,5.844095186043004,561,0.9232784941503531
3961,569000,6.173701872493358,519,0.987491488651465
3962,569100,6.03965320374869,762,0.9101419297256146
3963,569200,4.301256839461532,129,0.8850664349926681
3964,569300,5.0048391246862804,229,0.9210701470212455
3965,569400,5.6734107515209296,334,0.9762989330972642
3966,569500,5.009694003073367,181,0.9636812280440052
3967,569600,5.873065565689956,547,0.9315747894460971
3968,569800,6.646925527650801,984,0.9644930858034361
3969,569900,6.127178051476725,794,0.917642873125372
3970,570000,6.677836605785597,985,0.9688356008379445
3971,570100,7.011820978474052,1481,0.9604612135217303
3972,570300,6.781495473988024,1020,0.9789157399669054
3973,570400,4.546011198735043,172,0.883150281989082
3974,570500,5.801463923997796,333,0.9988501373728056
3975,570800,7.12633352116938,1634,0.9631760204838321
3976,571100,6.650767433790593,1104,0.9492017589571795
3977,571300,6.895591322573677,1099,0.9847811684681307
3978,571400,5.395776680398026,314,0.9384950191477709
3979,571800,5.85529272229457,449,0.9587802158146573
3980,572000,4.872297857768797,242,0.887657703702961
3981,572100,6.218571582603344,672,0.9551958243954469
3982,572200,6.038578017593576,570,0.9516111031620909
3983,572300,6.96799007253865,1305,0.9712894558292992
3984,572400,6.217007639431355,602,0.9713683695627303
3985,572600,6.032477468961973,484,0.9757998409901949
3986,572800,4.292072305106402,141,0.867302597050918
3987,573000,5.845817314533153,579,0.9189654689653252
3988,573300,6.322196766064064,584,0.99251099555664
3989,573500,5.298814273017333,271,0.9458589584476647
3990,573600,5.661504137427723,420,0.9372955956406032
3991,573700,7.0552334448854355,1490,0.9656063951096489
3992,573900,5.693417388147913,400,0.9502547070725916
3993,574000,7.5037384855742175,2182,0.9760329411118596
3994,574100,6.227199210943836,566,0.9824259345392686
3995,574200,4.143189249539016,73,0.9656749600760807
3996,574300,5.784701101665162,380,0.973827328465645
3997,574400,6.88317059963428,1222,0.96833626762491
3998,574500,5.786476995445986,388,0.970721659479621
3999,574600,3.4762310266319263,61,0.84561850873792
4000,574700,6.861461315149841,1472,0.9406507277624385
4001,575000,5.610731077266763,421,0.9285242429412318
4002,575200,6.182839624894248,562,0.9765202271871817
4003,575300,6.044281552091443,891,0.889866763476552
4004,575400,6.325961446295019,650,0.9766849527628229
4005,575700,6.637575645515644,1204,0.9357390414906305
4006,575900,4.303856734657984,160,0.8480215439596119
4007,576000,7.011046798081754,1323,0.975428660271257
4008,576100,7.121854610753552,1529,0.9712896896946644
4009,576200,6.6176523589855085,871,0.9775483521304829
4010,576300,5.734976736328324,638,0.8879957172757704
4011,576500,6.652744951669014,842,0.9876725394241289
4012,576700,5.155211073522649,366,0.8733747773812645
4013,576800,5.081031221746481,190,0.9683643817655182
4014,577000,6.918443124845325,1146,0.982170757254988
4015,577100,5.752548984480344,484,0.9305192457370473
4016,577200,6.809663944757743,1161,0.9649466146228652
4017,577500,5.1968317383675355,213,0.969324479573456
4018,577600,5.842158286958069,457,0.9538710679549287
4019,577700,6.129341273769353,774,0.9214876408546516
4020,577800,4.330830108772021,136,0.8815661204589467
4021,578000,7.142244825579361,1830,0.9507690478227121
4022,578200,5.465303296389603,287,0.9656896316717278
4023,578300,6.959979090297825,1601,0.9432931873735589
4024,578500,6.586974276705895,1012,0.9519183852382428
4025,578600,6.142995279100972,916,0.9007302843025499
4026,578800,7.084815015661378,1538,0.9654653979304356
4027,578900,4.93154031110582,166,0.9647011133982509
4028,579100,5.898854284516792,367,0.9988980245910042
4029,579200,6.564297814697404,978,0.9533495891037228
4030,579300,5.487414686468729,290,0.9678183300512999
4031,579600,5.5423159690768,331,0.9552228359554317
4032,579700,6.663099160464818,1089,0.9528220722151433
4033,580000,5.980544777494067,412,0.9932771275733664
4034,580100,5.710818308979316,394,0.9555694429011011
4035,580200,4.720177797778496,277,0.8392893145488131
4036,580300,4.91010734770091,158,0.9698795411579892
4037,580400,5.2725842256593305,357,0.8970434230820286
4038,580500,4.364422539040948,98,0.9518982543157379
4039,580800,6.519198453554756,1026,0.9402568441823432
4040,580900,5.831870054609292,388,0.9783366600671183
4041,581700,6.28214935318387,609,0.9797765767662125
4042,581800,5.848598460667311,494,0.9429367142614803
4043,581900,4.95544274890311,383,0.8331226628486482
4044,582000,6.639714125504803,1058,0.9534153978370348
4045,582100,7.149299391668803,1417,0.9852544838658733
4046,582300,6.539660428410862,768,0.9843268211488873
4047,582400,6.945201339267667,1399,0.9588167182910871
4048,582500,6.331664844715413,1220,0.8909547992398357
4049,582800,5.963902848864665,498,0.9602780367274631
4050,582900,6.728299684472455,1544,0.9163959366793626
4051,583000,3.863367394288117,130,0.7937010890444793
4052,583200,6.12463892425127,525,0.9778459978875846
4053,583300,5.408858574586811,474,0.8778893960508248
4054,583400,6.526598386031067,1038,0.9397480776087659
4055,583500,6.6048922014640485,937,0.9652488547304814
4056,583600,6.247883844885812,950,0.9112402079853784
4057,583700,3.1168530071147083,86,0.6997328227496433
4058,583800,6.2034861618485415,548,0.983700501417657
4059,583900,3.163062147536401,38,0.8695497532282018
4060,584000,5.827187050412328,498,0.9382647374074666
4061,584100,6.288026160861843,582,0.9876785280771158
4062,584400,4.518744725206029,178,0.8720442838549901
4063,584500,5.189016195345841,302,0.9086914480401284
4064,584600,6.4424192429140765,937,0.9415048128322244
4065,584700,6.613037288355996,887,0.9742469525439715
4066,584800,7.165389893618331,1591,0.971958108385567
4067,585100,6.507063921498338,714,0.9902876004325416
4068,585200,5.675441228944985,292,0.9997687810024856
4069,585300,4.706990346345851,622,0.7317012561112768
4070,585500,6.714231183683509,1277,0.9387554241645195
4071,585600,5.19762537778155,271,0.9277963470552321
4072,585700,6.465524998805054,856,0.9575334870549815
4073,585800,6.46548702640154,699,0.9871498925447183
4074,586000,6.482275426725894,860,0.9593518261395176
4075,586100,6.807654003160257,948,0.9931867400381174
4076,586200,4.99118949311853,183,0.9580963163509274
4077,586300,5.5359204814500504,282,0.9812144035420207
4078,586600,6.82526641365289,1391,0.9430057446730171
4079,586700,6.879452597807747,1218,0.9682598244700809
4080,586800,5.526413657468842,552,0.8753261426002132
4081,587000,6.602804045853682,885,0.9730629668767569
4082,587100,5.219944355339619,199,0.9861408946180061
4083,587200,5.991186381749132,587,0.9397902833436631
4084,587700,6.322559691239038,622,0.9828413758081274
4085,587800,4.12451109181484,132,0.8447017014423818
4086,588100,6.3116694612707365,613,0.9833765334737994
4087,588400,6.592282214189532,1321,0.9173601217611134
4088,588600,6.118616457147509,455,0.9997253463862333
4089,588700,6.632064836514328,894,0.9759199494396875
4090,588800,5.88128855453823,725,0.8929752916784557
4091,588900,6.201439391873329,694,0.9478740496417721
4092,589100,5.500103012693567,587,0.8627578979122905
4093,589200,6.924934174074696,1616,0.9373587874089223
4094,589300,5.608196625686844,316,0.9743654975457771
4095,589400,5.070110388727623,249,0.9189222787885116
4096,589600,6.066023270317784,731,0.9198730572996185
4097,589700,6.238729924334763,599,0.975523804401244
4098,589800,5.179189215666391,366,0.8774370561625088
4099,589900,5.975716115160189,442,0.9810231675689958
4100,590100,7.385023533431447,1935,0.9758400645513268
4101,590200,5.927322563016637,642,0.9168909580264137
4102,590300,6.035087157285568,478,0.9781957758700339
4103,590400,7.415587046876244,1916,0.9811579774217997
4104,590500,6.605642896464877,784,0.9911820952606476
4105,590600,6.353026279965407,681,0.9738584506162611
4106,590700,6.427139516471941,722,0.9764683939741169
4107,590800,5.5044727466579735,281,0.9762551434722726
4108,590900,6.356697302706454,784,0.9538276062131952
4109,591100,6.983357623347391,1430,0.9611761298848225
4110,591200,6.011614941403999,426,0.9929267761362975
4111,591300,6.236123014056749,672,0.9578917898295919
4112,591500,5.01948939533273,203,0.9447195187109935
4113,591600,6.003560945357189,417,0.9951061073294575
4114,591800,6.125161292827354,1009,0.8855592972679989
4115,592000,6.204805124313653,561,0.980265199197005
4116,592100,6.233399252919556,560,0.9850602915230253
4117,592300,5.49551327908239,345,0.9404417741850969
4118,592400,5.600022406571439,380,0.9427375353878537
4119,592500,6.702082684687269,963,0.9755503025897301
4120,592700,6.033653309557795,418,0.9996971040359581
4121,593100,5.819680840452561,743,0.8803431289361345
4122,593200,5.796113596451383,471,0.941713603776861
4123,593300,5.459967419436682,442,0.8963535799584588
4124,593400,7.149520231934004,1886,0.9479339542462206
4125,593700,6.065427162363955,461,0.9889179081226751
4126,593800,6.206411475494575,558,0.9813502858410926
4127,593900,5.88269516928799,365,0.9970843248172688
4128,594000,5.700443573390687,299,1.0
4129,594100,6.626082643570696,1163,0.9387037351897962
4130,594200,5.996199810833927,590,0.9398251798699161
4131,594300,6.2877173018776435,999,0.9103721651325172
4132,594400,5.2649241994818725,336,0.9050753982007755
4133,594600,6.298904195781484,559,0.9956932289555867
4134,594700,5.701112703472842,520,0.9116195654285283
4135,594800,6.797907093245779,1060,0.9758661340608731
4136,594900,5.197402289024373,376,0.8765197998276594
4137,595100,5.41842111754466,585,0.8504003770880503
4138,595200,6.2932687831664325,547,0.9982266460390234
4139,595500,6.131610072359262,773,0.922007937946855
4140,595600,5.255042851509817,405,0.8752734341557804
4141,595700,4.882352338742549,203,0.9189089145049594
4142,595900,5.234329183724578,464,0.8525126391548628
4143,596000,6.719769182933975,913,0.985775201011231
4144,596200,6.5202902503878395,879,0.9618671117023335
4145,596300,5.834175266353334,368,0.9874904139652273
4146,596400,5.637562078379385,316,0.9794674377652715
4147,596600,6.036250548128875,477,0.9787165639600001
4148,596700,5.771287899731698,392,0.966510606062155
4149,596800,6.751666303885822,1199,0.9523818207727448
4150,596900,7.073361267688079,1686,0.9519855463562534
4151,597000,5.66988092298052,290,1.0
4152,597100,5.669541770137224,640,0.8774386277851504
4153,597300,5.472634622393361,271,0.9768865669175494
4154,597400,3.714253124053301,72,0.8684926577592758
4155,597500,4.851576946683609,409,0.8067520361034337
4156,597700,5.880896032122929,686,0.900475612520505
4157,597800,6.4333218733441235,938,0.9400287738856241
4158,597900,6.363865795964439,762,0.9589989525323935
4159,598000,5.016018209235066,179,0.9669645553618285
4160,598100,6.746235998251308,1109,0.9622065466013257
4161,598200,5.012726487834502,326,0.8662200411528004
4162,598300,5.413351718446177,285,0.9576934242249875
4163,598400,5.9708212826625795,585,0.9370974607087216
4164,598500,5.294537015768587,369,0.8957400050476657
4165,598600,6.411884294142379,686,0.9817798862011535
4166,598700,5.604042499011042,437,0.9217276439043067
4167,598800,6.42095499326056,695,0.9812104968395062
4168,598900,6.257853109810149,600,0.9782588596558051
4169,599000,6.976996500598109,1585,0.9468885525947869
4170,599100,5.7781522613743315,515,0.9253680039782619
4171,599200,5.579178814508989,642,0.8630369874171904
4172,599300,5.701364202088227,334,0.9811092535835648
4173,599400,5.969616746277643,613,0.9300837216117078
4174,599500,5.651943602101458,295,0.99384000245415
4175,599600,5.694232213068213,329,0.982431931827506
4176,599700,6.398509874672085,627,0.9934114239742369
4177,599800,5.393705726908642,427,0.89052304244765
4178,600000,5.663737668472578,342,0.9706806139394764
4179,600300,6.33852010436347,1101,0.904989079147201
4180,600500,6.305331211203821,585,0.9895975088223821
4181,600600,6.338399848331078,695,0.9685949318872622
4182,600700,7.278519720743164,1958,0.96026756418361
4183,600800,5.413803218845402,323,0.9370247491503076
4184,601000,6.863004242865307,1364,0.9507946946314131
4185,601200,5.827431761683594,398,0.9734366460366723
4186,601300,6.8156233524224294,1243,0.9565407107182562
4187,601400,5.437976585637234,314,0.9458349079573617
4188,601600,7.250633829274538,1691,0.9754554459546713
4189,601700,7.011540230656334,1400,0.9678796276834445
4190,601900,5.8384813573796865,644,0.9027138715993255
4191,602000,5.289670958997746,491,0.8536623343815223
4192,602100,5.909003159038432,539,0.93947064734828
4193,602200,7.360744719169762,1738,0.9866301566563673
4194,602300,6.332751839759962,709,0.9647914726584081
4195,602500,5.335879513455702,289,0.9416656752393562
4196,602700,6.381080952580476,1089,0.9124935153728322
4197,602800,3.5546879340466995,86,0.7980266686965564
4198,602900,6.782621239881616,1037,0.9767477044129635
4199,603000,5.4001842452215145,276,0.9608183427201974
4200,603100,5.961160846949003,512,0.9555707990927533
4201,603300,5.535151745010163,631,0.8585216620742849
4202,603500,5.915991760128449,739,0.895643441208962
4203,603600,5.050621626553111,220,0.9364053381788995
4204,603800,7.087501655277816,1452,0.9734646923333945
4205,603900,6.141217531927698,485,0.9930578387152517
4206,604200,5.7586125011927685,614,0.8969808489949612
4207,604300,6.292372843295957,812,0.9392301699837072
4208,604400,5.583390026329843,360,0.948571414384986
4209,604500,5.089529748894554,234,0.9329477846073296
4210,604600,6.389134374794385,647,0.9871434691655459
4211,604700,5.209807973765326,252,0.9421963626465556
4212,604800,5.726479315820603,549,0.9077980264445991
4213,605000,6.006433097304459,650,0.927351972615907
4214,605100,6.02478193697621,732,0.9134297183212107
4215,605200,6.3431287500682325,680,0.9725603339848017
4216,605300,6.056465617069967,516,0.9696385035459805
4217,605400,5.08864415424067,403,0.8482577039603469
4218,605600,5.719399013928107,306,0.9992686248304675
4219,605700,5.3419146446994485,321,0.9255772571759993
4220,606100,5.741761444995679,703,0.8758884588219175
4221,606200,5.742025506910544,376,0.9683681901150873
4222,606300,6.3854023283561805,670,0.9812709109068957
4223,606400,5.81824779068669,543,0.923955341265654
4224,606500,4.642463402519067,158,0.9170125937849902
4225,606600,5.412896742781321,388,0.9080509803944258
4226,606700,6.4248672697765326,911,0.9428170556179036
4227,606900,5.518467677607941,402,0.920288796783973
4228,607100,6.742153206546529,1160,0.9554968428489209
4229,607200,7.080433081750161,1646,0.9560267683662202
4230,607300,7.021728423060919,1340,0.975182510401695
4231,607400,5.427609311445064,287,0.9590293077220253
4232,607500,4.678489423508395,210,0.874957048578494
4233,607600,6.721605592668263,1189,0.9492629562838732
4234,607700,5.262568208165792,233,0.9654248916045303
4235,608000,5.893743157187137,874,0.8701717431806955
4236,608200,5.797806308232523,358,0.9859321122150847
4237,608300,5.941447555876485,403,0.9904168004651241
4238,608400,5.836719951133347,732,0.8849172495626169
4239,608500,6.574835214068173,1506,0.8985437140729292
4240,608700,4.293106218583016,248,0.7786635896163898
4241,608800,6.072659075513512,523,0.9701381969985537
4242,609000,5.599345458153618,426,0.9248330254730898
4243,609100,7.064919566237833,1423,0.9730593729019617
4244,609200,4.917004085369525,171,0.9563060731873426
4245,609300,5.881900809558795,857,0.8709491196122607
4246,609500,5.85603043616122,499,0.9426044957470999
4247,609600,6.916344077473278,1300,0.9646065223266479
4248,609700,4.9579406277606335,265,0.8885628484501601
4249,609800,5.7239438198626615,376,0.9653187904668775
4250,609900,6.05431186466812,519,0.9683949046258034
4251,610000,4.209185793585915,135,0.8580937834691268
4252,610200,6.3360371957649875,640,0.9805878513728884
4253,610300,5.841001844886571,421,0.9666319310893929
4254,610400,6.6150196731151265,891,0.9738934389665939
4255,610500,5.348234426212896,334,0.9203415357976565
4256,610600,5.724093956169998,459,0.9339283836791171
4257,610700,6.238901855324004,626,0.96887131399532
4258,611200,6.461027581750957,760,0.9740264464517473
4259,611300,4.960687091464656,243,0.9030823963345048
4260,611400,4.196539820854774,116,0.8828148098896298
4261,611500,5.690359454324061,296,1.0000000000000002
4262,611600,5.031396224548649,198,0.9514262792224866
4263,611700,6.8046101331435445,1009,0.9837921778069247
4264,611800,4.252793322615055,120,0.8883134532872795
4265,611900,5.156018344310643,196,0.9768674379389715
4266,612000,6.840795907656862,1168,0.9685330963926635
4267,612100,5.441495115333967,255,0.9819953645930395
4268,612200,5.614986268426298,373,0.9482245898829185
4269,612400,5.5767432308901554,547,0.8845726891695491
4270,612500,6.126410189013649,512,0.9820601775712898
4271,612600,7.29354101072502,2078,0.954756791594294
4272,612800,6.991223794392072,1468,0.9587977811674142
4273,612900,5.521939830945151,296,0.9704026389315479
4274,613300,5.841957988140045,607,0.9115911277936564
4275,613600,6.844797144542952,1332,0.9514013794555847
4276,613900,5.955933289940758,750,0.8996778591610651
4277,614000,6.488797238138212,1125,0.9236014306004215
4278,614100,5.059992788041049,188,0.9663036130178856
4279,614200,5.794918363721662,546,0.9194460883678537
4280,614300,6.949186432451725,1294,0.9698126802624318
4281,614400,5.515341531268061,276,0.9813075015538624
4282,614700,7.235983403058874,1590,0.981617569160227
4283,614800,3.7775179262940113,101,0.8185090535576022
4284,614900,3.9409269913776903,104,0.84853473296278
4285,615000,6.9591782902234405,1217,0.9795941916624156
4286,615100,5.993371882848326,428,0.9891483783030827
4287,615200,6.156732526898517,836,0.9150055503027678
4288,615300,6.1819622861742385,592,0.9684273299555474
4289,615400,5.834810737062604,342,0.9999999999999999
4290,615500,5.130676398073078,398,0.857047946520587
4291,615600,5.170522110219031,341,0.8865957313713656
4292,615700,6.524718443899829,808,0.9746296153300898
4293,616000,5.026320973906888,174,0.9742715831466566
4294,616300,6.790482637768958,1165,0.9617598425042515
4295,616500,6.458049097974566,799,0.9662876433548846
4296,616700,5.244698568179753,282,0.9295967661707134
4297,616800,6.6287799368880425,960,0.9653188202493943
4298,616900,4.234168283183372,141,0.8556018834972837
4299,617000,3.4370634512837555,86,0.7716199978781682
4300,617200,4.699237817475325,147,0.9416493932660507
4301,617300,5.8116789509805,360,0.987355799341637
4302,617400,5.235453441857944,207,0.9817606449583915
4303,617500,6.2180520232073775,905,0.9133536196554836
4304,617600,7.223392682628701,1642,0.9756502382842643
4305,617700,5.806962840803115,412,0.9644478195605174
4306,617800,6.293004803935824,686,0.963577203961041
4307,618200,6.326873230356092,593,0.9908661874647406
4308,618300,5.670157391547345,983,0.8228818806407996
4309,618400,5.834396478627673,676,0.8953688772786763
4310,618500,6.825252581967202,1020,0.9852321228208866
4311,618600,5.920603662765625,404,0.9865346394410615
4312,618700,5.846145511340686,412,0.9709554625746912
4313,618800,5.143846600697096,189,0.9813229417441788
4314,618900,5.956036176877841,576,0.937057157434264
4315,619000,5.485805685721944,249,0.9942641629504366
4316,619100,6.518339576454222,910,0.9566878370042288
4317,619200,5.950220499078929,505,0.9559265234131045
4318,619300,4.591019917421865,144,0.9237811645386251
4319,619500,5.487925996402485,297,0.9638539120943802
4320,619600,5.550422147974691,574,0.8737204394750875
4321,619700,6.042647958012272,432,0.9957521716535874
4322,619800,6.5426004385597345,1326,0.9099681864680147
4323,619900,6.356603592639722,706,0.9690512876893826
4324,620000,6.033568893441494,738,0.9136311655113927
4325,620100,6.2408944307908465,686,0.9555981273169234
4326,620200,7.209780102679434,1770,0.9640374034965175
4327,620700,5.863810884763408,618,0.9124440078871819
4328,620900,6.550330648447311,885,0.9653299008327313
4329,621100,5.260640634751632,351,0.8975998158214125
4330,621200,6.757906887383988,1085,0.9668883563624125
4331,621400,4.4325355189488995,142,0.8944088378044316
4332,621600,5.387661919899132,304,0.9423886329209012
4333,621700,6.208747296999022,524,0.9915763862700491
4334,621800,7.099823526711618,1601,0.9622464489350935
4335,621900,5.976401719355695,686,0.915099326617874
4336,622000,5.808260853795953,344,0.994455950993575
4337,622100,6.228260967109794,578,0.9793519339071697
4338,622300,5.467637209013783,476,0.8868234624618768
4339,622500,5.654559935410056,353,0.9638780745984296
4340,622600,4.947436722557876,208,0.9269136161057101
4341,622700,6.043175213487397,611,0.9420239868467669
4342,622900,5.3312687639922665,220,0.9884384337212405
4343,623000,5.782644944676156,325,0.9997959416793601
4344,623100,6.9049965453321605,1280,0.965110799235309
4345,623400,4.325120496704974,190,0.8242997244196149
4346,623500,5.756595972111033,324,0.9958227616196208
4347,623600,5.392658523141893,314,0.9379526736751662
4348,623800,6.130223201164068,545,0.972929948889289
4349,623900,5.76981986847558,442,0.9472215303726331
4350,624000,6.249547384614675,535,0.994791790352185
4351,624100,5.511885449231293,248,0.9997200839976824
4352,624200,5.886968307500446,497,0.9481973012802735
4353,624300,5.987914567749783,757,0.9032412825839552
4354,624500,5.504185531417542,615,0.857133182531094
4355,624800,6.715192401751135,1220,0.9449225511600756
4356,624900,5.4743476715106265,256,0.9872267797238031
4357,625000,7.285442469777642,1674,0.9814725429183987
4358,625100,6.181509957188477,563,0.9760361645367941
4359,625200,4.773628166007546,167,0.932714720058132
4360,625300,6.255577037301707,1050,0.8992361350072202
4361,625400,6.495982690445206,1000,0.9403898123331309
4362,625800,6.323531484396174,570,0.9965165232964065
4363,625900,5.232858744501224,357,0.8902847863155969
4364,626000,5.546230439207647,389,0.930017045072537
4365,626200,3.7570621506777853,83,0.8502370834668325
4366,626300,6.654560840283018,1288,0.9292981481545214
4367,626400,6.254370951174195,634,0.9693619802548022
4368,626500,6.391315296396737,665,0.9833114925795827
4369,626600,6.961692211293742,1436,0.9576422597063284
4370,626700,6.620638492031704,918,0.9704554285008082
4371,626800,6.010476985486402,867,0.8884615456194707
4372,626900,6.552769640718795,835,0.9740373308454598
4373,627000,6.276450262936642,684,0.9614722310009152
4374,627100,6.736439213723147,1093,0.9628048990234632
4375,627200,5.823332877101631,380,0.9803308068659987
4376,627300,7.063601728029161,1427,0.972501882749876
4377,627400,4.862530831275393,162,0.9557619179811147
4378,627800,6.1632687091103815,757,0.929692411396315
4379,627900,6.431104452813322,750,0.9714551866993516
4380,628000,5.024415475699463,238,0.9181591656043696
4381,628200,5.520541795269129,430,0.9104118311050708
4382,628300,4.667551170315707,222,0.8639329799659781
4383,628500,5.54589576433614,448,0.9084494024938906
4384,628600,6.59929573771403,941,0.9638309539275149
4385,628700,6.205695453975681,505,0.996969588202279
4386,628800,4.5783823805425135,150,0.9137329124586175
4387,628900,6.333132348030315,946,0.9242422877196259
4388,629000,7.28605541437905,1843,0.9689998810233852
4389,629100,5.256709731555004,202,0.9902872332773567
4390,629200,5.577986600129904,318,0.9680556853067385
4391,629300,6.807480293586034,1206,0.9594670226500386
4392,629500,6.37135922519169,693,0.9740605418383302
4393,629600,6.220064961228054,685,0.9526215296189355
4394,629800,5.742292056898491,323,0.9938798210162217
4395,629900,6.637345371839281,946,0.9686384136219609
4396,630000,6.855234791424354,1202,0.9666503209179899
4397,630200,4.897783632655896,218,0.9096087145669917
4398,630300,5.393556484185975,256,0.9726571490612024
4399,630400,7.165617812369041,1513,0.978662235975002
4400,630500,6.913250169575413,1378,0.956402691400794
4401,630600,6.071597201152191,853,0.8996612130608252
4402,630800,6.259822948992483,730,0.9494586175742712
4403,631000,5.248477845798326,397,0.8770945410527657
4404,631200,6.798308124580288,1025,0.9806504471306176
4405,631300,7.960195217048376,3323,0.9816950367042594
4406,631400,6.835771637818398,1106,0.9753537252557811
4407,631500,6.953273673947933,1252,0.9748722132164774
4408,631600,6.417362312407468,1292,0.8957858838387495
4409,631700,5.044986662014784,265,0.904163251510673
4410,631800,6.559667578421752,929,0.9598424358053572
4411,631900,7.1152436627068285,1667,0.9590852965141872
4412,632000,4.375071657976838,123,0.9091654298515022
4413,632100,6.478442163964855,707,0.9874122670450235
4414,632200,5.151551449085682,200,0.9722995231676778
4415,632300,5.896812597409107,589,0.9244933511221164
4416,632500,6.600716556163312,905,0.9695622256601653
4417,632600,6.787561134826297,1224,0.9546661332417727
4418,632700,6.432856709014462,1021,0.9284580495684577
4419,632800,5.3555370847473185,236,0.9801797119415933
4420,632900,6.759879260154447,1472,0.9267246514398856
4421,633000,6.6864866497507975,1043,0.9621042812962752
4422,633100,5.378057075782512,396,0.8991280131817811
4423,633200,6.629903776230584,1108,0.9457359246953494
4424,633300,5.512514648512367,351,0.9405759634161263
4425,633400,6.836246657687196,1710,0.9183259425582708
4426,633500,6.213537128331662,592,0.9733736461361989
4427,633800,5.44299370726335,243,0.9908852765268268
4428,633900,5.228394870093169,256,0.9428724188615889
4429,634100,5.675061507676505,293,0.999100185559071
4430,634200,6.368747989294748,799,0.9529259366620285
4431,634400,6.683192331712948,997,0.9679121744389747
4432,634500,5.968485918472799,593,0.934738325180775
4433,634800,6.125503158820324,636,0.9489255982934158
4434,635100,6.245097761623638,791,0.935833794892384
4435,635200,6.233755063682718,746,0.94240569306317
4436,635300,7.519309225648746,2337,0.969404971898868
4437,635400,5.630418921241034,321,0.9755655132088568
4438,635700,4.606094200422637,127,0.9508497748360055
4439,635800,4.811331102325937,205,0.9038741466167056
4440,635900,4.535586784432832,185,0.868827132940652
4441,636000,6.637346215646202,902,0.9754184011565606
4442,636100,5.208331316884582,208,0.9757928166717705
4443,636300,6.482405501231787,687,0.992356669337941
4444,636500,4.676173658667339,220,0.8669811955832532
4445,636600,6.541118408496785,1425,0.9007414044503034
4446,636700,5.686437266164125,643,0.8794169491519657
4447,636800,5.903006559262142,389,0.9898428811178437
4448,637000,4.491989889348106,101,0.9733201707206058
4449,637400,6.661054543696499,1233,0.9359086991003649
4450,637500,6.013252064651516,455,0.982509779023487
4451,637600,5.557513882176215,264,0.9966937967637296
4452,637800,6.418024415225723,795,0.9610206103611566
4453,638000,7.187331787306393,1742,0.9630892198217262
4454,638100,4.87470690944169,193,0.9262766255400774
4455,638200,7.107343310320733,1435,0.977771551341404
4456,638300,5.508724460366486,350,0.9403870469485128
4457,638500,5.767218364132836,334,0.9924416514937514
4458,638600,6.072079689354158,783,0.9112950268884363
4459,638700,6.075767638393213,685,0.9305219635765087
4460,639000,4.942824849073612,253,0.8932725337956073
4461,639100,5.183623245915765,246,0.9415642295260763
4462,639200,6.288153314474099,960,0.9157149274629747
4463,639400,6.643418229237444,831,0.9882171757131976
4464,639500,6.68663082412354,950,0.9752304963036869
4465,639600,3.6069960667940992,74,0.8380440324867074
4466,639900,6.425407611724491,657,0.9904008261526484
4467,640000,4.7882034424827715,224,0.8847961224000301
4468,640200,5.141806483460906,193,0.9770300547619478
4469,640300,6.9130396557851554,1344,0.9596904735616939
4470,640400,6.299783042263721,635,0.9761619312161202
4471,640600,5.371938742339645,265,0.9627596514299239
4472,640700,5.473100814289618,294,0.9629671858819323
4473,640900,3.977868399112653,175,0.7701903659118715
4474,641000,5.150104772833078,198,0.9738738121468666
4475,641200,4.926498247740934,326,0.8513194416759174
4476,641300,5.388781701548437,309,0.9399024829138121
4477,641400,5.629014765770895,738,0.8523716911101135
4478,641500,5.071379817349868,316,0.8810991926251406
4479,641600,5.396125650929092,360,0.9167567583068442
4480,641700,7.3055411191221555,1908,0.9671331811518591
4481,641800,5.2021979699411,225,0.9605061914701103
4482,641900,6.026149526212208,490,0.9728374469752846
4483,642000,6.039287171461336,898,0.8881082547644527
4484,642100,7.137658414614204,1480,0.9777885680933686
4485,642200,5.83119798035729,476,0.9457912047851307
4486,642300,5.54151670224992,670,0.8515875527646528
4487,642400,5.525987360955459,330,0.9529055130210757
4488,642500,4.242906083385295,194,0.8054328638453168
4489,642600,5.922061970081681,405,0.9863713130992833
4490,642700,6.583231578192331,848,0.9763233154755642
4491,642800,6.105864057057959,479,0.9893325122769929
4492,642900,6.098854784112861,574,0.9600520357202434
4493,643000,5.994625265712633,458,0.9784157431099663
4494,643100,6.8486303653903295,1181,0.9681251445705923
4495,643200,6.527530232297405,971,0.9489997694045099
4496,643400,6.609605565546071,881,0.9747160295859543
4497,643500,6.1510748534936255,541,0.9773820209577796
4498,643600,3.2434346878572615,99,0.705843328060804
4499,643700,5.1818060563504424,273,0.9237600696732952
4500,643800,5.823368749669932,458,0.9504640256999165
4501,643900,5.897558206606963,379,0.9932669044710425
4502,644000,5.785342379698723,631,0.8973271166351062
4503,644100,6.917152559358633,1236,0.9715599099513214
4504,644200,6.806325067975642,1102,0.9716544943899396
4505,644300,6.413076404897533,1308,0.8936523051524076
4506,644500,5.8700508198741215,405,0.9777084002852643
4507,644600,6.07390088696095,734,0.920495957590026
4508,644700,5.724224037769419,370,0.967992073786319
4509,644800,5.521988877873111,479,0.8947272782787999
4510,645100,5.365087737275493,471,0.8716834174440646
4511,645200,6.823369241924052,1140,0.96939608979338
4512,645300,5.802708216700768,653,0.8952617705482049
4513,645400,5.809329696205648,343,0.99513496705315
4514,645500,4.340334930324205,161,0.8541605073261033
4515,645600,4.48513939672736,192,0.8530943119018801
4516,645700,6.478858318707806,771,0.974603193566213
4517,645900,6.837518855561333,1078,0.9791856290062362
4518,646200,6.118797334360175,510,0.9814556023905733
4519,646400,5.498799161522468,297,0.9657635848459104
4520,646600,6.28942797208057,1019,0.9080138634009085
4521,646800,6.861242283524849,1268,0.9602594741827287
4522,647000,6.537633781816095,814,0.9754808182662442
4523,647100,6.481843003186303,1156,0.919055632278529
4524,647300,4.861801523380081,155,0.9639880459551445
4525,647400,5.553389587679317,527,0.8861036988790507
4526,647500,6.164723056477075,558,0.9747585633810817
4527,647600,5.8310045662861825,918,0.8547106207016156
4528,647700,5.686244954078346,390,0.9530849981932463
4529,647900,6.837988280279681,1406,0.9433654464435348
4530,648000,5.454309946188458,244,0.9922035714847605
4531,648100,5.288704088998053,321,0.9163576264865091
4532,648200,5.741410363268907,458,0.9370871469159647
4533,648400,4.4466396221024755,102,0.961441245520499
4534,648500,5.146811647355706,224,0.9510621348917394
4535,648600,7.333851620122797,1917,0.9702765594678936
4536,648700,5.880963126752196,727,0.8925525496155877
4537,648800,5.458690373315819,376,0.9205849244042451
4538,649200,5.930522523839243,557,0.9379930928015936
4539,649300,6.424956346519265,815,0.958492621418157
4540,649400,5.251924655750607,318,0.911467862200244
4541,649500,6.785527679670502,1203,0.9567087987238521
4542,649800,4.938211235744241,174,0.9571929257079466
4543,650000,6.552464150214043,723,0.9952995369267695
4544,650200,6.459411991518541,817,0.9632805911773272
4545,650300,6.210600277836003,521,0.9927826777579002
4546,650400,6.4300758159847495,1046,0.924827667617349
4547,650500,6.735422808302147,969,0.9795176870673259
4548,650700,5.54612196063098,590,0.8692814171757205
4549,650800,5.57459262903922,293,0.9814125402086825
4550,650900,6.938849287387933,1522,0.9469237309995269
4551,651000,5.908829656162785,640,0.9144716796387918
4552,651100,4.484265375256812,116,0.9433428619165698
4553,651200,4.514825931235201,216,0.8399241097504988
4554,651300,6.673785923436215,1226,0.9384482250906141
4555,651400,5.2779252600275965,211,0.9861855692724706
4556,651600,5.248007357482889,244,0.954674687475655
4557,651700,6.507556488767473,983,0.9444094673343606
4558,651800,5.140435892449361,268,0.919414749196871
4559,651900,6.512485790344424,996,0.943326217973822
4560,652000,5.768813114811815,442,0.9470562533331695
4561,652200,6.525820747349373,795,0.9771617918509625
4562,652300,6.288589817144251,691,0.9618316503852905
4563,652500,5.864196602785406,434,0.9656106702095945
4564,652600,4.167659815870888,103,0.8992240595847314
4565,652700,6.0177411442093796,742,0.9104892059426888
4566,652800,5.736193339861732,542,0.9111915745180487
4567,653000,6.1559892776463485,840,0.9142465244958888
4568,653300,6.93434527388482,1116,0.9881495124674617
4569,653400,4.788844859293156,225,0.8841868694575966
4570,653500,6.176006751166521,537,0.9825021672471669
4571,653600,6.277605583744443,585,0.9852460781131458
4572,653700,7.17341108912659,1536,0.9777119761960184
4573,654200,5.887647804292359,482,0.953010855326772
4574,654300,6.616967126133568,902,0.9724235085799793
4575,654400,6.582468560546219,808,0.9832560372142343
4576,654500,5.336737704952471,222,0.9877950000973486
4577,654800,7.5372054667790875,2295,0.9739894081984233
4578,655000,6.426788571932727,806,0.9603568662943046
4579,655100,5.4246783259158455,349,0.9264921760133246
4580,655200,4.023669536345796,117,0.8449228422641972
4581,655300,6.164032063437601,482,0.9977481099932
4582,655400,4.795487719029911,256,0.8648032938610474
4583,655600,7.075287904778151,1464,0.9706898190383082
4584,655800,6.532374362312826,1007,0.9447040620469597
4585,655900,6.411889871324858,984,0.9303885566492238
4586,656000,6.804048061756274,1327,0.9462320412253367
4587,656100,6.863788061891929,1066,0.9845258647605922
4588,656200,2.2197025873333716,86,0.49832274847548014
4589,656400,6.524644854162954,818,0.9728311879244428
4590,656500,6.292086784057483,853,0.9323323404515237
4591,656600,4.2414139321382756,145,0.85224851311321
4592,656700,6.132510813300853,533,0.9767444273897035
4593,656900,6.112444443815771,879,0.9017020802508502
4594,657000,6.352197803417847,900,0.9338178721508874
4595,657100,6.230464738638242,1192,0.8795882524951678
4596,657200,7.023737698633052,1552,0.9559617797981775
4597,657300,6.294012386480986,1002,0.9108881504062543
4598,657400,5.374460983669698,259,0.9671814430813857
4599,657500,7.213493143722101,1849,0.9589350369346059
4600,657600,6.504216270329419,1143,0.9237091340323821
4601,657700,5.699845576802108,605,0.8898738919539508
4602,657800,6.442522407355212,792,0.9652353209689879
4603,657900,5.980444355344318,396,0.999837855083111
4604,658000,6.086032978204722,472,0.9884771399176563
4605,658100,6.055212770559937,643,0.9364486921956217
4606,658400,6.680439519120672,1029,0.9631068955991248
4607,658700,5.710157237445543,343,0.9781467796646333
4608,658800,6.245333069349168,583,0.9807081492100846
4609,658900,6.319823798500099,869,0.9338707497932961
4610,659100,7.003961448156152,1374,0.9693418320342266
4611,659200,6.486827995011586,915,0.9512978782158478
4612,659300,7.119370082950257,1799,0.9498843441100902
4613,659400,5.573741293536641,310,0.9716152790379539
4614,659600,5.244759021275101,376,0.8845063113895135
4615,659700,5.82853057420699,715,0.8868350586488708
4616,659800,5.261047689563777,355,0.8959370159422111
4617,659900,5.841280150799429,659,0.899942836842325
4618,660000,5.350604482552281,306,0.9348344415682975
4619,660200,6.30641766565045,748,0.9530049305809064
4620,660300,4.790354832552905,312,0.8341201764820994
4621,660400,6.296881474626552,631,0.9766686440628441
4622,660500,6.527094271146634,878,0.9630325483887318
4623,660600,4.831798160986544,273,0.8613641956688413
4624,660700,4.565033703255313,175,0.8838766458675558
4625,660800,4.944757347609524,174,0.9584617843430304
4626,660900,5.653684824264511,325,0.9774992580234236
4627,661000,7.217112811905615,2104,0.9432167111084075
4628,661200,5.993366892377177,499,0.9647105900494369
4629,661300,6.506073869054192,1160,0.9220397179920183
4630,661400,5.943613077302093,944,0.8676647602020017
4631,661500,5.827999349408358,391,0.9764256819147372
4632,661700,5.910571897542248,884,0.8711930583350691
4633,661800,4.927312995652337,306,0.8608787862648489
4634,661900,5.600934334074719,329,0.966335149668775
4635,662000,5.384117128551561,460,0.8781468337186544
4636,662300,4.86863509137733,175,0.9426596021516824
4637,662400,5.9879883369849525,443,0.9826733036554037
4638,662700,6.681535161719441,1091,0.955207785049258
4639,662800,6.062703633379072,605,0.9465241830332665
4640,663000,6.190687669193817,536,0.9851297745271146
4641,663200,6.531643201776913,1011,0.944057079407184
4642,663300,4.1836230280117706,87,0.9367911109806139
4643,663600,6.390766336966957,1109,0.911506387980338
4644,663800,5.782633616554207,395,0.9671757989592297
4645,663900,5.499998040425293,341,0.9430913708993643
4646,664100,6.020604174148659,460,0.9819575552258211
4647,664500,5.132889688284795,277,0.9126731349320619
4648,664600,6.641286432055848,1008,0.9603169475162024
4649,664700,5.382477391603924,279,0.9558293312603863
4650,665000,4.925664718320501,174,0.9547609848396931
4651,665200,3.8976574360388017,158,0.769893189285646
4652,665500,7.222687237187296,1650,0.9749149540480024
4653,665600,6.729217409166223,1109,0.9597792081809338
4654,665700,6.6355529823592985,874,0.9796950005509234
4655,665800,5.957906538043761,460,0.9717316018684558
4656,665900,5.2809979539207,616,0.8221695326214808
4657,666000,5.7863413688390395,371,0.9780499901128863
4658,666100,6.9573233136679,1354,0.9648451640489916
4659,666200,7.060265294086422,1580,0.958600492219147
4660,666300,7.100851133237871,1492,0.9716714215290158
4661,666400,7.109072674158778,1517,0.9705894463918819
4662,666600,6.948233803803047,1473,0.9524578573680508
4663,666700,6.554349185188991,887,0.9656008942854288
4664,666800,5.252905523755194,216,0.9772341310258396
4665,666900,6.438234234559852,643,0.9956835965064086
4666,667200,5.447301343148611,475,0.8838265635210922
4667,667300,5.011390849233857,277,0.891069567923732
4668,667400,5.815713738729532,352,0.9918280267920029
4669,667600,6.299843707072487,655,0.9715031729853866
4670,667700,5.826911603247904,534,0.9277936857261259
4671,667800,5.179191443751624,299,0.9085593738578108
4672,668000,5.691461952806195,357,0.9683085739323511
4673,668100,6.229560335472566,620,0.9688696927991618
4674,668200,5.93437920677783,385,0.996831285662169
4675,668300,7.0221274301484495,1351,0.9741318842674922
4676,668400,7.425276887497172,2210,0.9642280315671485
4677,668500,5.677372609784912,307,0.9913608428261204
4678,668700,6.777068754841278,1178,0.9583537362617618
4679,668800,6.297679545135594,943,0.9194946121494014
4680,668900,5.94541280853059,808,0.8880958540018373
4681,669000,4.753315978271662,269,0.8496087922608695
4682,669300,5.504802312545724,513,0.8821408618988832
4683,669400,6.7090657995327385,904,0.9856374303389611
4684,669500,5.427328246595797,262,0.9746753712759598
4685,669600,7.0154413479415565,1530,0.9566915764723677
4686,669800,6.054506410701847,654,0.9338895814120652
4687,670000,4.886669020065282,316,0.8490076238178093
4688,670100,6.22676438903612,646,0.9622867136272995
4689,670300,5.381918722490406,240,0.9819874649229058
4690,670400,3.6475030848384704,88,0.8146590788174943
4691,670500,6.281140175022349,772,0.9446766085505408
4692,670800,6.529993269122413,1181,0.923082476411884
4693,671000,5.632760368435479,499,0.9066662655930228
4694,671200,5.438529568158947,437,0.8945048232677895
4695,671300,5.947904376225535,555,0.9412777955448646
4696,671700,5.29839142176033,306,0.9257120017230089
4697,671800,6.174307147722378,519,0.9875883031963351
4698,671900,6.414990976134575,732,0.9725901222085759
4699,672100,6.5283820508430495,1491,0.8934174489259692
4700,672300,6.330120806074762,593,0.991374797777244
4701,672400,5.833615144251538,756,0.8801416305602621
4702,672500,4.983391531583962,259,0.8968050614939862
4703,672700,4.959652444025961,195,0.9405751676901078
4704,672800,6.3358092148665,578,0.9962631688385689
4705,672900,6.58960963905704,1054,0.9467356941817422
4706,673000,5.900352151142398,665,0.9077762262418723
4707,673100,5.215322622783452,279,0.9261457080373919
4708,673400,5.18847502432979,191,0.9878531830852213
4709,673500,6.13390207490963,619,0.9542317393236939
4710,673700,4.329219604190105,125,0.8966317931545491
4711,673900,6.28728865248503,568,0.9913541916630195
4712,674100,6.093870276941416,967,0.8864844797501847
4713,674200,4.834568904763525,165,0.9468508681645317
4714,674300,5.004304698820504,204,0.9409913098262249
4715,674400,7.3199522016813905,1613,0.991077686816758
4716,674900,6.439807029975237,1058,0.9247101705618654
4717,675000,6.696195775449153,1182,0.9464636900689771
4718,675200,6.157227822238061,876,0.9087668089957187
4719,675400,7.014756905660138,1582,0.9522580789531427
4720,675500,5.96443122062581,546,0.9463417102603565
4721,675600,6.515184165915155,689,0.9969309311979858
4722,675800,5.932393881403133,390,0.9943426034932696
4723,675900,5.46806014113513,237,0.9999999999999997
4724,676100,5.931379410067391,610,0.9248331438121673
4725,676200,6.519391114020273,784,0.9782399450743031
4726,676300,6.783855625511464,978,0.9852365257773518
4727,676400,3.6350266423351925,74,0.8445566141819406
4728,676500,6.682360409247175,982,0.9699211622529774
4729,676600,6.705850713194242,930,0.9810782179584181
4730,676700,4.351190994225095,175,0.8424726631836869
4731,676800,6.686112635341189,1230,0.9397511309205258
4732,676900,6.025687473993846,657,0.9287886797238506
4733,677000,3.2114931047346578,47,0.8341220745168991
4734,677100,5.820438142823655,421,0.9632288280664374
4735,677200,6.482671750142231,916,0.9505360989631558
4736,677400,6.144662921907297,748,0.9285610899561867
4737,677600,4.713690402360885,187,0.9010882295912218
4738,677700,6.63227088588741,956,0.9664148101850341
4739,677800,5.556966367660407,286,0.9824919401456681
4740,677900,4.714167244804576,195,0.8940200340332696
4741,678000,6.727502191309112,864,0.9949611460735681
4742,678100,5.734457798190393,633,0.8889983866144485
4743,678400,5.920514500642021,463,0.9646102618232913
4744,678500,5.93728195738602,591,0.9303436421846645
4745,678700,6.384365205064453,667,0.9817886107324728
4746,678800,4.8259831130428275,231,0.8867351551706116
4747,679100,5.9322768307819,421,0.9817370993840064
4748,679300,6.7681539174307215,962,0.9853165932377373
4749,679500,5.465274256824703,344,0.9357318215071763
4750,679600,5.610355535831944,298,0.984775052247446
4751,679700,5.7349269870400015,473,0.9311313797405255
4752,679800,5.872537403819752,624,0.9124301123666158
4753,680200,6.354036983462155,873,0.9382896412803157
4754,680300,5.678818313431173,313,0.9882731475246274
4755,680400,7.2698184730405435,2029,0.9546334429238955
4756,680700,5.761242564135086,359,0.9792498496101348
4757,680900,7.151044044587268,1508,0.9771135343507968
4758,681000,5.567781069325749,266,0.9971854124034731
4759,681300,6.070835056690793,475,0.9849951283871937
4760,681700,6.43580869121433,890,0.947665854594413
4761,681800,5.850583356036264,472,0.9502360442894785
4762,681900,5.5285971795869555,313,0.9621304705494165
4763,682000,4.753112844427163,139,0.9632461147507848
4764,682100,5.939979137268555,770,0.8937150358527559
4765,682200,5.474728335461812,521,0.8751513885499412
4766,682300,7.454880827494038,2205,0.9683571468432208
4767,682400,6.0512522243433455,779,0.9088678559787445
4768,682600,6.813810635502332,1071,0.9767016448571516
4769,682800,6.7175017784339275,872,0.9921297736292192
4770,683000,7.078049869326632,1340,0.983004471897453
4771,683100,5.22532214040514,205,0.9816480075904197
4772,683200,7.060128544551203,1804,0.9416314930314433
4773,683300,5.517817216909676,264,0.989574530692212
4774,683400,4.967221516504489,284,0.8793138908208875
4775,683500,6.05749601167076,579,0.9522414683198422
4776,683600,4.606658641393203,155,0.9133988380117279
4777,683700,6.3020531310233014,711,0.9597026802221855
4778,684000,6.793473136339438,1186,0.9597549171629501
4779,684400,6.245422159421256,635,0.9677386213938431
4780,684500,6.31896706229579,729,0.958628615310763
4781,684600,4.533348561651595,174,0.8787167996322507
4782,684700,7.01857670945495,1207,0.9891040480410974
4783,684800,6.069901473518255,548,0.9625176823601437
4784,684900,6.500941267086023,933,0.9506516616301844
4785,685000,6.4049875212214324,690,0.9798515694975722
4786,685100,6.738323001360234,1147,0.956481725350183
4787,685200,5.515797707933087,476,0.8946348549835128
4788,685300,5.0197538305718155,192,0.9547804563517341
4789,685400,6.171755444964855,532,0.9832891505539706
4790,685500,6.766870369377747,1149,0.9602964505757948
4791,685700,6.585353598887449,755,0.9937579731132712
4792,685800,5.638817603980618,825,0.8396866239171398
4793,685900,5.8642950484630045,1096,0.8378255599923659
4794,686000,5.040267519904543,213,0.9401217773845377
4795,686100,6.6417115612846995,859,0.9831170423357146
4796,686200,7.0776884075523405,1486,0.9690361894758817
4797,686300,7.475937472451106,2122,0.9759563840631188
4798,686500,6.706633231890667,1131,0.953885533119275
4799,686900,6.103827193733171,801,0.9129455790446254
4800,687100,6.204366637289739,1092,0.8868745036164662
4801,687200,6.9106266747226694,1499,0.945036050199945
4802,687300,6.320610775680951,966,0.9196071748237507
4803,687400,6.727208970405967,1304,0.9378264532594203
4804,687500,6.167426305071677,591,0.96640615903848
4805,687600,5.998049255634575,773,0.9019244473521172
4806,687800,5.4901694267562595,683,0.84121255664596
4807,687900,5.3518607231651725,315,0.930342137193375
4808,688000,6.383143575684162,1091,0.9125490308744547
4809,688100,7.061631473902894,1622,0.9553828664332983
4810,688200,6.331266979336787,670,0.9729517102500127
4811,688300,5.586767701937564,562,0.8823763831059086
4812,688600,4.999489129335036,289,0.8823001521970518
4813,688700,7.131462858034489,1990,0.9388581108053311
4814,688800,5.313001007736565,263,0.953491410512944
4815,688900,6.050276324086859,750,0.9139289151845901
4816,689000,5.359542510764472,309,0.934802631122016
4817,689100,6.425432491615096,1108,0.9165687081027403
4818,689400,5.448971608778704,234,0.9988360893071679
4819,689600,6.3294898036104525,678,0.9709076239647499
4820,689700,6.720156292475739,912,0.985990501590805
4821,689900,7.2824178753438575,1765,0.9741184419899931
4822,690200,6.960366413289076,1471,0.9542987219814649
4823,690300,4.233124442070968,230,0.7784227116961958
4824,690400,6.507280375325443,744,0.984156078439962
4825,690600,5.311495287072356,290,0.9367913293459841
4826,690700,6.196090005118452,521,0.9904631680874844
4827,690900,5.969993917433879,798,0.8934296458025682
4828,691000,3.821423311830718,87,0.8556878489882533
4829,691200,6.156573314612009,800,0.9210068685260594
4830,691400,7.261830584693539,1598,0.984453681922561
4831,691500,5.916589443376106,605,0.9237124767904128
4832,691700,6.717080692159618,898,0.9877812796874171
4833,691800,7.038826232645581,1536,0.9593685096971359
4834,691900,5.305745973226841,355,0.9035489687785756
4835,692000,6.894369601485266,1324,0.9590948453030842
4836,692100,7.689993119566687,2761,0.9705484239589388
4837,692200,5.997600368023791,428,0.9898462491069885
4838,692300,6.248483692795812,549,0.9905494897921325
4839,692400,6.5080730884257925,763,0.9805363988789111
4840,692500,4.041489834772522,132,0.8276989111677472
4841,692600,6.496301537651039,678,0.9964955922484497
4842,692700,4.404290319189099,213,0.8214979118949596
4843,692900,6.385276985565731,1025,0.9210710394704948
4844,693100,7.228752376474305,1712,0.9708995259732129
4845,693300,6.66458205247206,1564,0.9061292062137972
4846,693400,6.7483115142387655,1035,0.9720770936643424
4847,693500,5.6702063049879605,568,0.8940551482111677
4848,693800,6.229593826816819,796,0.9326298859396789
4849,693900,5.411540889183197,341,0.927923515307854
4850,694300,4.713299576458311,289,0.831793974560073
4851,694500,5.159152680340602,216,0.9597926449661467
4852,694600,6.080410165198771,553,0.9627973843657114
4853,694700,6.989969116780003,1469,0.9585361932547777
4854,695000,6.871988424563762,1177,0.9718931640265173
4855,695200,6.440602062418545,870,0.9515562564699361
4856,695300,6.503738884984425,847,0.9647029999631404
4857,695400,6.790601529696019,1123,0.9668044665904816
4858,695500,6.797869790449841,1264,0.951811114286951
4859,695700,6.88324637238317,1115,0.9809931979233264
4860,696100,4.808783841847215,195,0.9119636344435852
4861,696200,5.933105465861722,700,0.9056682504905371
4862,696300,6.431055559538018,749,0.9716436281221252
4863,696400,5.358312749104025,322,0.9279184204769027
4864,696500,5.995848117868551,653,0.9250600584209812
4865,696600,6.700750967163843,1173,0.9481318393196151
4866,696700,6.333542073045966,711,0.9644979463724735
4867,696900,5.074121519220954,246,0.9216741055653099
4868,697000,6.231704729043597,515,0.9980041898593686
4869,697100,6.084279279242738,709,0.9269368063707576
4870,697300,5.897383646349131,507,0.9468368351519113
4871,697400,5.511346237376529,273,0.9825071662018766
4872,697700,6.2129348932216475,528,0.991041549221284
4873,697900,6.741852170291895,931,0.9861902389660716
4874,698000,6.707696379950952,1005,0.970337904090059
4875,698100,5.18169056207843,365,0.8782679174803003
4876,698200,5.433569221908243,350,0.9275573958623236
4877,698400,6.014420249797693,846,0.892278462374901
4878,698500,6.731922081921383,1054,0.967181862735841
4879,698600,3.764935557331548,73,0.8775133779900782
4880,698700,5.463059785721526,282,0.9683002071874166
4881,698800,5.984503686632745,884,0.8820902883430004
4882,698900,5.68519274677976,548,0.9015135699112756
4883,699000,4.892288995507424,194,0.9287055284680095
4884,699200,5.598028274858027,407,0.9316362652811764
4885,699300,6.754739290080965,1240,0.9483175263327869
4886,699400,6.939109950637908,1815,0.9247411005744657
4887,699500,5.935308749255685,387,0.9961204605302576
4888,699600,7.289572944196755,1874,0.9673217809480593
4889,699700,5.596006519087442,501,0.9001706764259809
4890,699800,6.953734774023492,1375,0.9622936126402767
4891,699900,5.853558970328903,850,0.8678063550399352
4892,700000,5.222797598850054,369,0.8836029918430475
4893,700100,6.17917749139154,497,0.9952626063918766
4894,700200,6.65538998539815,951,0.9705251676768396
4895,700400,5.235343137508592,232,0.9611888329227363
4896,700600,5.531259923880105,394,0.9255246232738172
4897,700700,6.133925850311215,927,0.8978289725543785
4898,701000,4.8789201912956415,242,0.8888641909792306
4899,701100,7.673753725488622,3055,0.9562864201190913
4900,701300,5.73707308060561,482,0.9286379052147283
4901,701500,5.826461049335361,389,0.9770073832538484
4902,701600,5.845628263560581,347,0.999368043915265
4903,701800,5.558811509995428,288,0.9816087414867465
4904,702200,6.062098838422936,445,0.9941005238574226
4905,702300,6.1379401241540075,798,0.9185633598496916
4906,702400,4.1701941492615315,197,0.7893305583840652
4907,702500,5.701106239091485,583,0.8952479052926048
4908,702600,6.481693718461258,740,0.9810862594181239
4909,702700,6.8216103636184755,1135,0.9697518009502806
4910,702800,4.787643196767583,136,0.9745531302572378
4911,703300,5.459285095593809,253,0.986607775706974
4912,703400,5.526022675255165,351,0.9428807782016774
4913,703500,6.749910403654529,969,0.9816245861135507
4914,703600,6.202887203204201,513,0.9940084953142732
4915,703700,6.061912252000553,643,0.9374847781055927
4916,703900,5.389437863598804,342,0.9236696966647434
4917,704200,5.378107531892871,604,0.8398602664161114
4918,704300,4.064532845094943,94,0.8946223038303817
4919,704400,6.099961579575497,483,0.9870461394258929
4920,704500,6.239810773241465,821,0.9298545987349454
4921,704600,6.253335566041312,647,0.9661620811844281
4922,704700,5.646836786587912,534,0.8991211591406351
4923,704800,6.224956649357598,613,0.9698664241580083
4924,705100,5.144098610233289,257,0.9270189364019906
4925,705200,5.426368343801497,329,0.9362170939523407
4926,705300,5.877612469175457,467,0.9562801182253363
4927,705400,6.733440329178984,1004,0.9742023307093132
4928,705700,5.165642274436902,219,0.9585402706474633
4929,705900,5.38673118033015,367,0.9121763100943128
4930,706000,6.366457632735909,770,0.9578819689444273
4931,706100,7.131268308616514,1598,0.9667539419045086
4932,706200,6.478198019499399,695,0.9899580208877766
4933,706400,6.380557565514598,1121,0.9086555096582143
4934,706600,6.626375071314376,1015,0.9572029379517386
4935,706800,4.7347112610304345,276,0.8424152252041006
4936,707000,5.1060259139871285,197,0.9664639442565689
4937,707200,5.479950769497273,303,0.9590841847230456
4938,707400,5.641246904956235,320,0.9779703503098738
4939,707600,5.479044674730822,240,0.9997091126356857
4940,707700,5.769828278066847,364,0.9784089761895736
4941,707900,5.83017520762192,380,0.9814826811519725
4942,708100,5.566968847678158,309,0.970981593248255
4943,708400,6.720812976146055,1241,0.9434477380972264
4944,708500,4.42679055653871,181,0.8515520024180514
4945,708700,6.566254052095477,838,0.9755216750383118
4946,708800,6.589452634958867,820,0.9821364929624259
4947,709200,6.628196537526154,1021,0.9566515636457809
4948,709300,7.0008749647925015,1432,0.9634018575081694
4949,709700,4.9963949185633485,217,0.9287156594679763
4950,709800,6.4023961186471645,662,0.9857019799282947
4951,709900,6.573226958607443,1139,0.9339748204575132
4952,710000,5.837621246196342,775,0.87746000788532
4953,710100,4.985754185644739,257,0.8984836591475357
4954,710500,7.234096943521779,1822,0.9635582807145429
4955,710600,6.033691103749308,465,0.982359875936365
4956,710700,4.778821888589823,148,0.9562975568756876
4957,710800,5.2555748061984655,481,0.8509857120210526
4958,711000,5.802825757053408,536,0.9234089547293528
4959,711200,5.572061986817231,1139,0.7917215739677236
4960,711300,6.020494175449459,742,0.9109057418433942
4961,711400,4.561341460029601,160,0.8987557128266449
4962,711500,5.834845285419352,410,0.969862510325762
4963,711600,3.665181516703801,92,0.8105601255456599
4964,711700,4.796032220696835,243,0.8731073318888962
4965,711800,6.509877018819381,931,0.9522571855133489
4966,711900,6.632522026915603,1306,0.9244288338469776
4967,712000,6.041293093592076,513,0.9681131481178541
4968,712100,6.378561887968385,884,0.940172784509973
4969,712200,5.910796644040526,369,0.9999999999999999
4970,712300,6.320250765869174,596,0.9890473763285792
4971,712400,6.355613214712138,669,0.9769173332486644
4972,712600,6.57156597954783,778,0.987206843435547
4973,712700,6.702037763157856,1492,0.9170983081149727
4974,712800,7.0285598646491225,1290,0.9813138501799143
4975,712900,5.704922069731365,486,0.9222000770698757
4976,713100,4.288634388990789,148,0.8582053661211405
4977,713400,4.394920920671468,109,0.9368141163266653
4978,713500,6.819565604085909,1208,0.9609459411428046
4979,713700,6.971356372930426,1516,0.9518729727448266
4980,713800,5.592347861278819,600,0.8742237546287132
4981,714000,5.966454310932356,483,0.9654430797376582
4982,714500,5.660302416454352,427,0.9345392545105922
4983,714600,5.766883557833061,755,0.8702473496002745
4984,714700,5.345579018933451,398,0.8929461080143519
4985,714900,5.709935017041356,714,0.8689753035881672
4986,715000,5.8522206256159865,528,0.9335030697847537
4987,715300,6.940172754423198,1373,0.9606103301577636
4988,715400,5.990088616336616,406,0.9972921100653037
4989,715500,3.9679058997064356,77,0.9134630846363195
4990,715600,6.365250249408403,730,0.9654493028896758
4991,715700,4.406725963920562,150,0.8794744987951437
4992,715900,4.668256760900848,131,0.9575523720208268
4993,716000,6.44378501815529,996,0.9333749886449009
4994,716100,6.5043450641204075,686,0.9959373662901235
4995,716300,7.055546380530696,1305,0.9834941974920601
4996,716400,6.623636107160275,1230,0.9309698866884645
4997,716500,6.1382735720284565,676,0.942003022377599
4998,716600,5.7416812701889395,363,0.9740904094324666
4999,716800,6.830646692737521,1206,0.9627321655606016
5000,716900,6.020764921060525,475,0.9768712312275856
5001,717000,6.927536384580715,1348,0.9613063685658664
5002,717300,5.876680695132191,708,0.8955018299934131
5003,717500,5.21389194117722,262,0.9363450730563699
5004,717600,6.189479459420081,717,0.9413548390121118
5005,717700,5.942330147995699,446,0.9741015502194277
5006,718100,6.610731663176047,967,0.9616730834217969
5007,718200,3.6904402548463158,129,0.7593791586552092
5008,718300,7.21142998833942,1792,0.9626679568615895
5009,718500,6.415558930290678,1054,0.921729657767979
5010,718700,5.740252771220346,859,0.8496816332099116
5011,718800,6.965187473328021,1686,0.9374267128924922
5012,718900,7.381157275062058,1925,0.9759974054521325
5013,719000,4.6883774216301335,283,0.8304705555883194
5014,719200,6.9562152881737145,1440,0.9565228570646838
5015,719500,6.0762094113387155,512,0.9740130205712458
5016,719600,6.933172268627986,1550,0.9438010662266451
5017,719700,6.029536064468974,611,0.9398978850738352
5018,719800,6.058789779962234,518,0.9694102048589666
5019,720000,7.180805144090403,1533,0.9789806249930197
5020,720400,6.1697504313569365,612,0.9615097154935862
5021,720500,5.5175212371158455,396,0.9224442652264768
5022,720600,7.038723128810429,1421,0.9696391412676787
5023,721000,6.677960770969779,1332,0.9282117432093987
5024,721100,6.07920756893253,489,0.9817266962755052
5025,721200,6.589207446991565,840,0.9785852014832805
5026,721500,5.158413788743054,209,0.9655730146135814
5027,721600,5.880316177797916,456,0.9604447666577693
5028,721700,5.3291752121195595,484,0.8620352668287661
5029,721900,6.671520303504055,1211,0.9397564042411639
5030,722200,6.468049862279795,1144,0.9184588220870639
5031,722300,5.09451407344379,216,0.9477674805012868
5032,722700,5.75219230935856,773,0.8649550293051802
5033,722800,6.837503080217873,1115,0.9744739109419948
5034,722900,6.082544896341901,730,0.9225699697375186
5035,723100,6.788371144876363,1432,0.9341588591880506
5036,723200,6.800692673933449,1123,0.9682411822156132
5037,723300,5.008986302484841,215,0.9326613106769174
5038,723400,5.7292699203185276,940,0.8368931422562459
5039,723500,7.217324631788701,1917,0.9548599119568183
5040,723700,5.497676260490897,456,0.8979473609095103
5041,723800,6.371468582464103,788,0.955314552402829
5042,723900,6.368976250189094,821,0.9491027966534783
5043,724300,6.228513242945244,553,0.9862486404482285
5044,724400,6.802054859174785,1095,0.9719290544532793
5045,724600,5.084349360622136,215,0.9466937324753324
5046,724700,6.657704730125578,928,0.9743412573632038
5047,724800,5.856585467497613,536,0.931963786479642
5048,724900,6.290680942920978,642,0.9730984631040281
5049,725000,6.357682893827671,1259,0.8906721552869127
5050,725200,6.3611044253676265,765,0.9580155690504449
5051,725500,5.118784767940717,563,0.8082360275389082
5052,725900,6.793483032735151,1071,0.9737878563589415
5053,726000,6.221225133815787,923,0.9111837974999211
5054,726100,4.888923062160656,210,0.9143117160212909
5055,726300,6.053302107426845,490,0.9772208509503664
5056,726400,5.740889705918263,573,0.9039510332879958
5057,726500,5.808142489980444,333,1.0
5058,726600,6.321670467531776,789,0.9476678035890438
5059,726800,6.124863680484687,1127,0.8715795583430775
5060,726900,5.80442769864459,510,0.9310306866212708
5061,727000,3.768923382809218,52,0.9538574816544939
5062,727100,7.151406173868238,1750,0.9576872650069407
5063,727200,5.062594390397045,281,0.8978850546475582
5064,727300,5.6246065625672585,324,0.9729901607295806
5065,727500,6.028511888915006,687,0.9228725321196108
5066,727700,6.158574616952498,475,0.9992309029746395
5067,727800,6.498849300681918,724,0.9869483956920524
5068,728000,6.137410820013434,653,0.9469008387312954
5069,728100,6.6012045225660145,1179,0.9333725582836689
5070,728200,6.061888715414902,647,0.9365828773045201
5071,728300,5.827272236700935,409,0.9689970484959664
5072,728400,4.747351574740975,217,0.8824241919070793
5073,728500,6.478862001923637,1141,0.9203373003713984
5074,728600,6.283527245807048,959,0.9151801532059293
5075,728700,5.959170767961154,589,0.9342697706896699
5076,728800,4.861288828500115,156,0.9626588998817557
5077,729000,7.404167619340722,2036,0.9718359346342273
5078,729100,6.304689196952291,679,0.9668847604572833
5079,729200,5.489340372396957,251,0.9934643246205078
5080,729300,6.8922064184729095,1361,0.955131692659746
5081,729500,6.766560859925514,1226,0.951493964867123
5082,729600,6.2944117470649665,1331,0.8749911944957904
5083,729800,6.16012290390038,615,0.9592783018058987
5084,729900,6.229461437479298,604,0.9728100658985619
5085,730000,5.698637300568984,332,0.9816545749723745
5086,730100,5.925270552578789,467,0.9640340281454514
5087,730300,7.774051277664995,2869,0.9764287658665276
5088,730500,6.361842619832173,752,0.9606063579529514
5089,730700,6.783545826582558,1552,0.9232706031981268
5090,730900,4.365207193331584,145,0.877122912187069
5091,731000,6.076292333029295,675,0.9327030402342247
5092,731200,6.478337349076725,849,0.960599124370977
5093,731300,5.664555190205485,364,0.9605574684581754
5094,731400,6.42750285890446,814,0.9590481751443446
5095,731500,6.052261713365518,744,0.9153394060141818
5096,731700,5.663424026249165,463,0.922723343078396
5097,731800,7.301154105236641,1747,0.9779656040811157
5098,732000,6.5746088360676715,972,0.9557012346715407
5099,732100,5.654476647402838,392,0.9469483668800662
5100,732600,5.9919610606450275,558,0.9474416452776543
5101,732700,5.693426639490125,593,0.891660658034752
5102,732800,6.920371793760065,1329,0.9622075383055848
5103,732900,6.287244486356571,877,0.9278001916671319
5104,733000,3.73539730906438,113,0.7901609625253547
5105,733100,6.851445243267351,1247,0.9611347604706738
5106,733200,5.726968388397085,441,0.9405364068657501
5107,733300,6.997642113797323,1244,0.9819753597485291
5108,733400,6.677383082881962,990,0.9680586713895099
5109,733500,6.070002869789601,525,0.969122929008509
5110,733600,6.168238569231146,503,0.9915841424306926
5111,733700,5.5366799150776504,393,0.9268256397185667
5112,734000,6.246686458292701,539,0.9931588142371154
5113,734200,6.612294304933544,841,0.9818404201451026
5114,734300,5.435686186880836,419,0.9002653847642925
5115,734400,5.3522233606981615,217,0.9948560370163779
5116,734700,6.79483202316432,1386,0.9392681232890786
5117,734800,6.251838332269292,752,0.9439962617356111
5118,735200,4.425555776545266,137,0.8995066938801927
5119,735300,6.888087164737568,1425,0.9485205616645696
5120,735400,6.452514917499371,647,0.9969359833205496
5121,735700,6.262930594152104,1146,0.8891114913127696
5122,735800,7.000391635294607,1289,0.9774868922740673
5123,735900,5.626242984828105,278,0.9997551134245375
5124,736000,6.4333500105447055,786,0.9649605075962427
5125,736100,4.2997165287018575,162,0.8451371227952309
5126,736200,5.988154244401972,410,0.9953453816858425
5127,736300,5.27511755772964,324,0.9125327119804958
5128,736500,6.474445931315815,702,0.9878717912114929
5129,736600,7.041644407918487,1463,0.9661646921353075
5130,736800,6.619468957280066,944,0.9663280349484099
5131,737000,5.769292519173149,343,0.9882766207497615
5132,737400,7.461762413677065,2036,0.9793955542513897
5133,737700,5.324053310527782,310,0.9280896386274636
5134,737800,4.907525663912887,220,0.9098747775477714
5135,737900,6.607135675870666,804,0.9876728649968264
5136,738000,5.7251370178544025,406,0.9531802186327024
5137,738100,7.016094893714124,1377,0.9707280735574267
5138,738200,6.342810014070875,788,0.951017592120794
5139,738300,6.749458430663989,950,0.9843937654476874
5140,738500,6.473198683447396,1089,0.9256663355723522
5141,738600,6.336661275931327,829,0.9429246556884198
5142,738700,4.204144442301925,79,0.9621683526737217
5143,738800,6.828097171596159,1070,0.9788805714769214
5144,739000,6.499271298410735,1316,0.9048945522534081
5145,739100,6.450436574466494,823,0.9608935887017857
5146,739200,4.32098129473011,97,0.9445364559716338
5147,739500,7.926167971739821,2826,0.9974266294631772
5148,739600,6.424312638543897,966,0.9346951118152639
5149,739700,5.949311850384285,421,0.9845562380064011
5150,739800,6.294430023929957,747,0.9513857327274197
5151,740000,6.65927502175934,963,0.969319250171067
5152,740100,6.951642504248166,1236,0.9764042512411149
5153,740500,6.823319139663004,1338,0.9478239076792095
5154,740600,6.662848129444278,1035,0.9597663106587783
5155,740700,3.206431883302648,32,0.925180675397798
5156,740800,6.0264998669727134,688,0.9223591420623433
5157,740900,4.426117128874072,159,0.8731901318899236
5158,741000,5.322226206233995,383,0.8947873063818582
5159,741100,4.10167735864716,129,0.843999113004015
5160,741200,6.807237190857166,1168,0.9637817884554404
5161,741300,5.766642650239605,501,0.9276191150720108
5162,741400,5.206742349667715,301,0.9123255216967185
5163,741600,6.2953009796982276,728,0.9552372393398963
5164,741800,7.471874023546567,1875,0.991442834318376
5165,741900,6.723397385441131,1092,0.9610666273316968
5166,742100,6.500514695562289,1063,0.9327958476142392
5167,742200,4.313884570757995,123,0.8964503959499993
5168,742300,6.169519319656578,844,0.9156099278852138
5169,742500,5.678796277408617,305,0.9927424411780197
5170,742600,6.315990824210722,865,0.9339410688741514
5171,742700,5.499063062409325,393,0.9205286776269752
5172,742800,6.5731418826725925,1181,0.9291819817877894
5173,742900,6.988854607330886,1489,0.9566094307946025
5174,743300,5.242846667542364,222,0.9704163874625942
5175,743400,4.9305918348076405,217,0.9164843696437562
5176,743500,5.796422179441911,452,0.9481065598344488
5177,743600,6.200934195361626,673,0.9522691508115138
5178,743700,6.383099086834607,866,0.9437030897368183
5179,743900,5.7541080526169095,488,0.9295339050375705
5180,744300,5.819319938811941,374,0.9822870817549122
5181,744400,4.695832372342829,320,0.8140726522963968
5182,744500,5.4931773749117925,538,0.8736165615612154
5183,744600,5.139283016796829,434,0.8462449086186565
5184,744700,6.392402399770038,730,0.9695676051733971
5185,744900,6.15214843954161,580,0.9668585993072198
5186,745300,3.0593197064726207,57,0.7566858552627719
5187,745400,5.258037404328222,260,0.9455742574796474
5188,745500,6.751051277622884,1329,0.938665237129817
5189,745600,6.388279768688996,1016,0.9226779932601076
5190,745700,6.540237106407652,926,0.9574524258162422
5191,745800,5.620526546916798,504,0.9032475143384349
5192,745900,6.815169860693804,1108,0.9721635769838608
5193,746000,6.342247907609661,635,0.9827419332077489
5194,746100,5.529280888189326,276,0.9837876372691439
5195,746200,6.467506311712086,1173,0.915128570690674
5196,746300,6.194718719675563,521,0.990243964085768
5197,746400,4.248022910336795,131,0.8713540455317322
5198,746500,6.934667216886007,1563,0.9429324943918805
5199,746600,5.642104073250221,353,0.9617548443960399
5200,746800,5.8509196630604166,670,0.8991347721220845
5201,746900,6.314186648932022,606,0.9855322189054831
5202,747000,5.945382372930817,745,0.898992433617834
5203,747200,5.845406509655435,371,0.9880336147746789
5204,747300,6.456826134108381,780,0.9695962082441204
5205,747400,6.240996727016702,850,0.9252450772156846
5206,747500,4.081704221196598,205,0.7668037890579475
5207,747800,5.532007222219807,282,0.9805207977840669
5208,747900,6.219770348212002,866,0.9195559108846403
5209,748000,7.133681808092375,1354,0.9893026504719861
5210,748100,6.380058766177915,653,0.9843373979706311
5211,748200,5.9651522219725,501,0.9595512607645378
5212,748400,3.7234794952444132,73,0.8678509950551545
5213,748500,6.088741520645977,486,0.9842444525912121
5214,748700,6.845814335863686,1262,0.9587366928318167
5215,748800,5.763391408772634,328,0.9948865648151355
5216,748900,4.22299329208629,184,0.8097881715847838
5217,749400,5.8499380290192775,404,0.974759810474337
5218,749500,7.423164622973065,2043,0.9738906568763375
5219,749600,6.290120345999471,580,0.9885419714710316
5220,749700,4.198326396160817,126,0.8680896765191274
5221,749800,5.551086998139403,299,0.9737991310100023
5222,749900,6.585200334433219,794,0.9862390327532682
5223,750000,5.64811280038059,731,0.8564996469898181
5224,750200,6.7375926058775715,1010,0.973963476603911
5225,750400,6.182141400662213,579,0.9718357871611323
5226,750700,6.394167083892645,861,0.9461494034603024
5227,750800,6.380317953206047,767,0.9605315214014056
5228,750900,6.491658412961469,810,0.9693333157469552
5229,751100,6.0052180267276025,462,0.9787555234655574
5230,751300,5.6462838889515865,436,0.9290253790654596
5231,751400,7.437797432155325,2195,0.9667088666676924
5232,751600,5.838356631689869,902,0.8579996140084271
5233,751700,6.522991454642982,791,0.9774764271203444
5234,751800,5.768320995793772,320,1.0
5235,751900,5.535011747072394,456,0.9040454467289788
5236,752000,5.715726442559759,384,0.9605225640841406
5237,752100,6.292248642354219,683,0.9641084192576878
5238,752200,5.886632647351872,564,0.9292158225732403
5239,752400,7.042590057321733,1526,0.9607368015539414
5240,752600,6.371955932539658,660,0.9814726649758104
5241,752700,5.366396153902167,239,0.9799017382320524
5242,752800,4.6135022685153775,187,0.881935858424104
5243,752900,5.9796661257749815,516,0.957342925807955
5244,753000,6.054278667931607,484,0.9793263533721176
5245,753100,4.186437806836836,118,0.8775339676337823
5246,753200,5.624467139106931,312,0.979359919396499
5247,753300,5.921848263956495,617,0.9217072351082529
5248,753600,6.066522753208673,957,0.8838427337185849
5249,753700,4.753113537091052,380,0.800164395077711
5250,753800,7.03363504121627,1531,0.959087183800601
5251,754000,6.695920673157445,1422,0.9223260401125132
5252,754300,6.584832670462404,1013,0.9514730855842379
5253,754500,5.189613805182129,248,0.9412679557692494
5254,754600,6.336678649252754,699,0.9674834428028721
5255,754700,6.247623779815835,831,0.9293422322015834
5256,754800,5.3139557438589975,224,0.9819481342534301
5257,754900,6.748834270249995,989,0.9785607344239182
5258,755000,6.872239725111586,1107,0.9804307026578282
5259,755200,7.1565275851378125,1602,0.969849532804079
5260,755300,6.298562036641204,621,0.9793558994863067
5261,755400,6.202283836511052,544,0.9846537245250643
5262,755600,6.430149738319267,654,0.991831445899777
5263,755700,6.84803202129199,1190,0.967002798551742
5264,755800,5.207995170584961,282,0.9230912712851536
5265,755900,5.364066590840483,225,0.990392753549628
5266,756000,4.8595486498701845,244,0.8840094482666102
5267,756100,6.581862286537681,946,0.9605413439776098
5268,756200,5.457418631562588,521,0.8723843815909528
5269,756500,4.783935469536361,141,0.9666937930930386
5270,756700,7.204626144002781,1572,0.978875593394202
5271,756800,7.113209329616876,1670,0.9585787605371594
5272,756900,5.950792081608467,666,0.915324863707209
5273,757000,5.435259204419854,425,0.8980798287520626
5274,757200,6.748124492555085,1250,0.9463217264961038
5275,757400,7.00188391829313,1774,0.9359565904968652
5276,757500,5.765091914965321,417,0.9555792347430473
5277,757600,6.677173103936888,1114,0.9517455539423564
5278,757700,6.308042192722215,733,0.9561774861086123
5279,757800,5.744565028548739,384,0.9653688618972128
5280,757900,5.909142364162918,389,0.9908717606794684
5281,758000,5.088541144832961,578,0.8001386963833228
5282,758100,4.255734752864244,141,0.8599598378451605
5283,758200,5.289522576206624,331,0.9116536812923733
5284,758300,5.670725980893842,344,0.9709080463333939
5285,758400,5.600646810251225,397,0.9359469331795843
5286,758500,6.365584350963788,616,0.9910228249206208
5287,758600,4.613289363381398,137,0.9376640749079519
5288,758700,6.805602399412549,1223,0.957313675069561
5289,758800,7.331974197375297,2044,0.9618650702950348
5290,758900,5.959289442310996,485,0.9636393863420711
5291,759000,5.877626374721242,549,0.9317588222853928
5292,759100,4.501375238587535,271,0.8035129890159459
5293,759200,6.535278836885331,1189,0.9229488435929684
5294,759600,5.206263364542847,198,0.9844932818869175
5295,759700,6.339985130941935,660,0.97654820093718
5296,759900,6.370687312334977,640,0.9859504277447406
5297,760000,5.424327826354338,235,0.9935420577810387
5298,760300,5.067092415216708,202,0.9545661040601682
5299,760400,6.010325708317842,722,0.9131423204088293
5300,760500,6.293201452035055,769,0.947045191843812
5301,760700,5.5639288898847274,323,0.963008602563555
5302,760800,5.343565817674217,232,0.9810581001153486
5303,761100,6.025012873130577,461,0.9823286913540806
5304,761200,4.822910951706273,324,0.8343063376762233
5305,761300,6.648373050919934,1063,0.9540128844754646
5306,761400,6.280055157953653,892,0.9244257696135191
5307,761500,5.5450266612871175,285,0.9809884609144133
5308,761600,4.29066233739753,679,0.6580143598994752
5309,761900,5.485733486116947,314,0.9541413327567737
5310,762000,7.12269029072118,1543,0.9701976376926099
5311,762200,6.5226372263350765,920,0.9557854744923273
5312,762300,6.8617541837961396,1188,0.969170692210144
5313,762400,6.504601668745693,856,0.9633206768095137
5314,762500,4.763625923994784,147,0.9545517029155276
5315,762700,6.207139246918168,704,0.9466751672471134
5316,762800,4.9645426754041715,176,0.9601698177904406
5317,762900,6.061162408303172,689,0.9274580932745037
5318,763000,6.857755569307547,1134,0.9750123334111138
5319,763100,5.453607563606186,497,0.8783971144306488
5320,763200,5.5200059555415955,266,0.9886289253670238
5321,763300,4.632475104685934,284,0.8200559799674088
5322,763400,6.717939416151211,908,0.9863013339026248
5323,763500,6.648174371543174,851,0.9854385182585971
5324,763600,7.163883094933725,1622,0.969216701738767
5325,763800,6.462993067842248,788,0.9690373969325132
5326,764000,6.414181750137438,881,0.9458969535378204
5327,764100,7.10476166412739,1563,0.9660608690352924
5328,764200,6.887531333365388,1101,0.9833747525213196
5329,764300,6.5448261481640255,846,0.970967636022986
5330,764600,5.547493057566795,293,0.9766416338757649
5331,764700,5.658976401555845,636,0.8766541177670161
5332,764800,6.594200627827373,846,0.9782926620379297
5333,765000,6.0189328451894815,471,0.9779157786011218
5334,765100,6.712010221723891,1089,0.9598163458437922
5335,765200,4.8436463439667135,230,0.890690640722894
5336,765300,6.6331812602555695,1479,0.9087643347411966
5337,765400,5.583417630268477,311,0.9727559366159457
5338,765600,4.6990116520765906,339,0.8065587994280714
5339,765700,6.100816773153209,636,0.9451013339543897
5340,765800,5.242118305838552,308,0.9148389215515914
5341,766000,5.150611903158822,262,0.9249808268292092
5342,766200,6.382732579613268,666,0.9817640657569305
5343,766300,5.68129436970878,452,0.9292753863539376
5344,766400,6.792249792265871,1047,0.9767843327782559
5345,766500,6.700606613440316,1344,0.9301998330968352
5346,766600,5.255338550586671,332,0.9052913633750647
5347,766800,5.902686097235002,559,0.933061433701961
5348,766900,6.521528744624953,751,0.9849160567420346
5349,767000,6.304928875493007,564,0.99524465382472
5350,767100,7.504389484393122,2204,0.9748455505173383
5351,767300,5.3966555422543765,357,0.9181521154767521
5352,767400,6.333726538194741,807,0.9462752515943764
5353,767500,5.270858600761903,244,0.958831599242312
5354,767600,6.304191110187375,591,0.9878365488746456
5355,767700,5.943973255889816,510,0.9534138056335566
5356,767800,6.039785192496198,783,0.9064482831221908
5357,767900,5.91334865813903,680,0.9066642933688537
5358,768000,7.257684306823107,1759,0.9712524032780145
5359,768100,5.096077806351511,181,0.9802983007784125
5360,768300,5.8936773528610225,608,0.9194253606780348
5361,768400,5.914215560933435,493,0.9538274027062533
5362,768600,5.583032409663527,322,0.9668339377750198
5363,768700,5.047735595760828,228,0.9297134389163759
5364,768800,5.79300773957021,395,0.9689109254399701
5365,768900,4.435844482498974,154,0.8806603580850425
5366,769000,5.16798207962044,391,0.8658460860550372
5367,769100,6.218033169609448,515,0.9958146969051211
5368,769200,6.462160685862526,735,0.9791344673555739
5369,769400,5.856613998322134,381,0.9854975119696464
5370,769500,5.601626455010159,456,0.9149257711344636
5371,769600,7.38378704317944,2280,0.9549732542506134
5372,769700,6.609557417686737,1438,0.909028972100391
5373,769800,6.450983877334477,695,0.9857993245594685
5374,769900,5.814236705602273,636,0.9007060973495142
5375,770000,6.774379785163347,1074,0.9706603771901791
5376,770100,7.083007386878275,1590,0.9608651797780822
5377,770300,7.364950293942277,1849,0.9790691890085973
5378,770400,6.529697537657147,941,0.9536660966126493
5379,770500,6.171067906355882,503,0.9920389766260613
5380,770800,6.911062350931053,1494,0.9455276444517462
5381,771000,6.381419038126362,797,0.955180039821181
5382,771100,6.3298926994112765,838,0.9404064295946437
5383,771200,5.507146790125434,269,0.9843486851179378
5384,771300,5.325277592704795,253,0.9623897980710222
5385,771400,5.823151730230256,374,0.9829338788462848
5386,771500,6.261331552064187,590,0.9813810809826073
5387,771700,6.804457032800418,1302,0.9487984716722203
5388,771800,6.1030792614115805,473,0.990905137273078
5389,771900,6.99565360014744,1198,0.9869145274455676
5390,772000,6.5911251386558,1096,0.9416669974204986
5391,772300,5.464284041507963,740,0.8270884468687717
5392,772400,6.528331820187889,997,0.9454840641878766
5393,772500,6.176487202130051,1063,0.8862992985651648
5394,772600,6.123008610177677,547,0.9712202925377711
5395,772700,6.56599258212086,811,0.9802522874680593
5396,773000,6.352459197087388,627,0.9862617484887807
5397,773200,6.640745113262964,892,0.9775194258223165
5398,773300,5.8042922128220695,333,0.9993370897554569
5399,773600,6.739034310356908,1054,0.9682036835862259
5400,773700,6.717791598195831,1042,0.9667421150833274
5401,774000,6.7282792698889295,1049,0.967319342677866
5402,774300,6.667958468681349,1097,0.9525199840836158
5403,774400,6.8416882811221775,1234,0.9611790820074549
5404,774700,5.793226050257982,585,0.9092245712950713
5405,774800,5.116309935666813,299,0.8975283887642405
5406,775000,6.620798563670055,880,0.9765302099384324
5407,775100,6.946900059620975,1441,0.955150779111768
5408,775200,6.538585488710158,888,0.9631186777967562
5409,775300,5.9246740984149415,484,0.9583618128534562
5410,775400,6.540934937698867,829,0.9733215261855036
5411,775500,6.653928242580755,1357,0.9224870423947489
5412,775600,5.324346049632384,522,0.8508515313185473
5413,775700,5.811891997116634,559,0.9187092435579166
5414,776000,6.60669097882888,1055,0.9490604817346302
5415,776100,4.652095974820926,147,0.9322029491282635
5416,776200,6.335157604182736,583,0.9948133462159292
5417,776300,6.858281540518423,1195,0.9678770689951209
5418,776400,4.8576852116399625,320,0.8421315691658213
5419,776600,5.641242882113611,352,0.9620732807325996
5420,776800,5.459544139678009,307,0.9533244780216469
5421,776900,7.158183714753069,1598,0.9704027423498706
5422,777000,6.631569136638724,795,0.9929963189647063
5423,777100,5.968270821535981,545,0.9472264279466693
5424,777400,6.1929462354322595,525,0.9887517886927067
5425,777500,7.330576000044036,1751,0.9816058659628442
5426,777600,6.824537457000508,1034,0.9831941501180064
5427,777800,5.482993464996367,318,0.9515696929364825
5428,777900,5.104989207486369,251,0.9239042054511676
5429,778100,6.229489023503231,802,0.9315668981620916
5430,778300,5.903157980011585,536,0.9393749128687763
5431,778500,6.679522993595079,984,0.9692230967516827
5432,778700,6.222908349811744,790,0.9326854949127823
5433,778900,6.793991586473876,981,0.986269887752991
5434,779000,6.569009289978289,905,0.9649048271322365
5435,779100,6.871827416357415,1125,0.9781211216283838
5436,779200,6.458298148289771,743,0.9769467699925848
5437,779400,5.722549881459262,779,0.8594984060605227
5438,779500,6.354450771943714,1137,0.9031149324929254
5439,779800,6.555629355767097,1156,0.9295177435779438
5440,780100,6.133831641314029,530,0.9778338766905464
5441,780300,6.905481941809242,1136,0.9815519968228197
5442,780400,6.79569702091359,1124,0.9674073382816022
5443,780500,5.545367423805215,430,0.9145059122246524
5444,780700,6.226749489634926,736,0.9432710839709282
5445,780800,5.690937061762462,349,0.9719670633220463
5446,781000,7.088208476843091,1568,0.9633916864904225
5447,781100,5.585494647555542,302,0.97812206172337
5448,781500,6.261299285085546,731,0.9494853974963117
5449,781800,6.199341115885262,633,0.9610680632846872
5450,781900,6.290278833843261,686,0.9631598067522813
5451,782000,6.418271087416708,854,0.9508646685647607
5452,782100,6.7263763496603275,944,0.981934666094653
5453,782200,6.13127335669553,817,0.9143458617382593
5454,782300,5.722318120395992,431,0.9433261055356705
5455,782400,6.397618973384935,660,0.9854255443360037
5456,782500,6.409150951179036,949,0.9349042689443436
5457,782600,6.409834452582607,689,0.9808106826924233
5458,782700,5.304405769879102,261,0.9532547967473907
5459,782800,6.838110692809831,1510,0.9341853652193399
5460,782900,6.6360946581450495,969,0.9650726132135166
5461,783000,7.056256277662573,1502,0.9646873075384654
5462,783100,5.670176002203581,334,0.9757422869375414
5463,783200,5.680761424746817,355,0.9674127169125308
5464,783300,5.703451070100558,326,0.9855801294256851
5465,783600,6.78321186055726,1352,0.9408921786351578
5466,783700,6.2315136727582665,1174,0.8816301686512661
5467,783900,4.524223206683253,165,0.8860696280070275
5468,784000,6.091543696447562,914,0.8934724371052125
5469,784200,5.8204126932207565,385,0.9776876849125269
5470,784300,6.050013502006351,546,0.9599205545011232
5471,784400,5.512525327312781,290,0.9722471075133232
5472,784500,7.2381764272169535,1529,0.9871538412664841
5473,784600,5.945704393302426,1003,0.8603557812646702
5474,784700,5.652489180268649,285,0.9999999999999997
5475,784800,5.292074068708762,210,0.9897078071288904
5476,785400,4.583018140180357,338,0.7870482600412679
5477,785500,6.930009492213664,1542,0.9440355176354749
5478,785600,6.71581393121812,894,0.9882437753195173
5479,785700,6.132359542700218,674,0.9415235510297761
5480,785800,6.919176996924491,1636,0.9350227159677273
5481,786100,7.723323467442364,2634,0.9805827338656319
5482,786300,6.417772422526353,1224,0.9026555873217504
5483,786400,7.079216974738475,1482,0.9696032956709146
5484,786500,6.666233904243612,945,0.9730045203556067
5485,786700,7.0723398090436085,1608,0.9579551264819232
5486,786900,5.994623078602585,447,0.982313071748913
5487,787000,5.810430989518877,346,0.9938410736990071
5488,787100,5.284571088514985,247,0.9591937916922023
5489,787200,5.841684919287205,372,0.9869555128226873
5490,787300,5.527250372033555,404,0.9209912136438261
5491,787400,6.90993250258923,1205,0.9740208285546965
5492,787900,7.134630899633885,1600,0.967045818165345
5493,788000,7.166333491708737,1880,0.9505647663344904
5494,788100,6.273993206347088,685,0.960880801455353
5495,788200,5.9050682045246905,478,0.9571216824793196
5496,788300,5.489999833044701,347,0.9385698417475422
5497,788400,6.461379293355692,838,0.9599408584108429
5498,788600,4.796029263409874,226,0.8847889118055224
5499,788700,4.875628739594637,669,0.7494298449706827
5500,788800,5.4648425071019275,273,0.9742169506570693
5501,788900,7.218812319632519,1824,0.9613819323397785
5502,789000,5.820258946653289,770,0.8757022226802803
5503,789100,6.0117024938916,421,0.9948813140493377
5504,789200,4.801990988243455,217,0.8925804104948787
5505,789300,5.2078455676783895,339,0.8938972659957601
5506,789400,6.909697342292069,1179,0.9769916783057104
5507,789500,4.942261614101238,191,0.9409756902049389
5508,789600,5.659081042035854,429,0.9336172998878092
5509,789900,4.283443652309273,109,0.9130518051187348
5510,790000,6.819277903114687,1057,0.9793324492010732
5511,790100,6.290961281762386,846,0.9333051277119839
5512,790200,4.623423274865633,136,0.9411251924676804
5513,790300,5.290385082719684,279,0.9394754251292883
5514,790500,5.550710297983304,309,0.9681458036258289
5515,790600,5.7579435145867714,395,0.9630462499197784
5516,790700,7.076913318347087,1579,0.9609434639561972
5517,790900,6.2942282535551195,753,0.9502062611248885
5518,791100,6.1945526306378795,816,0.923951340515117
5519,791200,6.223034147680733,1104,0.8881553922661386
5520,791400,5.662446284765159,398,0.9458768365246614
5521,791600,5.98373066756516,545,0.9496800657202743
5522,791900,6.3877900227407105,1016,0.9226072578156479
5523,792100,7.613629401538499,2688,0.9641712895747947
5524,792200,5.118313641316381,234,0.9382240812383006
5525,792300,6.169630682501575,906,0.9060941500258438
5526,792400,6.3503394091836896,857,0.9403121026249419
5527,792700,6.500814824568844,714,0.9893365719383028
5528,792800,5.154328406470366,262,0.925648260984735
5529,793200,5.779897390026948,490,0.93308348825975
5530,793400,5.416395395758967,358,0.921072189933277
5531,793500,4.763967676497966,421,0.788392710201259
5532,793600,6.027442982308207,602,0.9417500833073715
5533,793700,4.128339471561252,190,0.7867963658610373
5534,794000,6.147455079597293,472,0.9984531527538816
5535,794100,6.18806415731239,770,0.9310413138512611
5536,794200,6.3194921225798195,832,0.9398646052232668
5537,794300,6.424861459730048,664,0.9887015232552958
5538,794400,5.908730376732396,420,0.9782253661754601
5539,794600,7.1061194415986435,1513,0.9705360966664676
5540,794700,7.29440408415587,1986,0.9605637901244353
5541,794800,6.497751274378628,1022,0.9376918318162264
5542,795100,6.7846646949107114,1086,0.9705888037772801
5543,795500,6.188589580067067,557,0.9788099205344446
5544,795600,5.670935377899726,332,0.9768826062209868
5545,795700,6.566639114959198,1028,0.9468332176448087
5546,795800,5.601373341129065,355,0.953893219098635
5547,796000,6.409231308210831,965,0.9326414196152771
5548,796100,6.624728229477273,1125,0.9429495552922807
5549,796200,6.002799603391663,545,0.9527065034453363
5550,796300,5.106502772613453,184,0.9792072251633549
5551,796400,7.250521804640583,1679,0.9763758487410223
5552,796500,5.091201320170319,460,0.8303724106266875
5553,796700,5.624959210042845,296,0.9885068342683487
5554,797100,7.198951877517006,1823,0.9588069976936909
5555,797200,5.180225003296293,249,0.9388797875584054
5556,797300,5.733102204564082,928,0.8390275984019735
5557,797400,6.6805323586239735,967,0.9718270956305066
5558,797600,5.937472848983525,459,0.9687427326402784
5559,797700,6.8678316055396005,1192,0.9695687647319834
5560,797900,6.536890775713325,979,0.9492283075187168
5561,798000,5.015498274768097,245,0.911700211626945
5562,798100,5.228095669528182,354,0.8907533128591993
5563,798200,4.789159431393266,332,0.8249867500130059
5564,798300,6.684513952559188,962,0.9731401790705743
5565,798400,6.505875066885158,994,0.9426431160853799
5566,798500,5.883431797511422,547,0.9332190619505362
5567,798800,6.035725911463571,454,0.9865364534247432
5568,798900,5.714660159602308,334,0.9833972650997456
5569,799000,6.046226240242509,479,0.9796694030781332
5570,799200,5.140659289608713,377,0.8665621745516845
5571,799300,6.7854140491271,1096,0.9694248462106252
5572,799400,6.380698979279366,776,0.9589048282144991
5573,799500,6.410007713633771,821,0.9552172921667833
5574,799700,5.86022400607927,786,0.878995348032548
5575,799800,6.650118234111216,1075,0.9527286365850066
5576,799900,5.6637958352933095,348,0.9678058568321399
5577,800000,5.651641310654323,307,0.9868677429106512
5578,800100,5.840525255970094,367,0.9890207249356218
5579,800200,7.093571687025863,1764,0.948929735834141
5580,800300,5.87300828422689,804,0.8779312553571987
5581,800400,5.309935153274388,225,0.9803982125429541
5582,800500,5.812961126674425,572,0.9155510904024405
5583,800600,4.731344675198617,319,0.8206743871704733
5584,800700,5.208653874069508,495,0.8394883363795331
5585,800900,4.926259807376335,263,0.8840853606932694
5586,801000,7.534427506107047,2369,0.969653935047125
5587,801100,6.899401405930856,1593,0.9357183178206269
5588,801300,6.704433543663501,1160,0.9501512184328124
5589,801400,6.5535157168443225,1140,0.9310579986313245
5590,801600,5.613472331176839,379,0.9454211540422786
5591,801800,5.949220933439161,463,0.9692873079910627
5592,801900,5.047340574132029,253,0.9121607261542573
5593,802100,6.579139625944535,779,0.9881539067173629
5594,802300,6.288166099629237,652,0.9703893298165273
5595,802600,5.333358347029225,448,0.8736345595966092
5596,802700,4.305040792069969,127,0.8887024211150415
5597,802900,5.087401199434315,289,0.8978147039486363
5598,803000,7.030664746152809,1529,0.9588530730923518
5599,803100,6.781809398154476,1203,0.956184548759745
5600,803200,4.508646302559353,142,0.9097666746953931
5601,803500,6.032698999547858,793,0.903663683004252
5602,803600,6.248203889436722,592,0.9788043228923906
5603,803700,5.2035323121182495,315,0.9045574282710026
5604,804000,7.452156926010829,2150,0.9711899169851635
5605,804100,5.982135871511084,444,0.9813497436225791
5606,804300,6.281055696316438,641,0.9718438911941871
5607,804500,5.41025329828611,266,0.9689723067922309
5608,804800,5.727464555657435,330,0.9876483955213242
5609,804900,6.366847497805376,1042,0.9162385475152891
5610,805000,6.433038276350549,706,0.9807035997448131
5611,805600,4.66885870754634,210,0.8731559409877583
5612,805700,6.717898610551435,1247,0.9424005655249859
5613,805800,4.524871930116497,216,0.8417930359938232
5614,805900,6.1804870775974905,655,0.953097106161598
5615,806000,6.718569473892689,1504,0.9183538078143413
5616,806100,5.647496982071614,408,0.9394852729418727
5617,806500,5.755747932516995,341,0.9869451167675132
5618,806600,5.850599181237759,424,0.9670837937790494
5619,806700,5.98122529492249,449,0.9794011591028651
5620,806800,4.7614414178122715,155,0.9440888498252902
5621,807000,5.300973104053515,216,0.9861764734782057
5622,807300,6.519407986257773,848,0.9668579852432929
5623,807500,6.589054285820709,1012,0.952218978323122
5624,807600,5.605879714439223,294,0.9863290292245092
5625,807700,6.3521972973583924,707,0.968170645867627
5626,807800,6.344000229540206,774,0.9537595548999862
5627,808300,5.203474611234208,381,0.8755931813907598
5628,808400,5.91976011713513,840,0.8791633430215156
5629,808500,5.914580963261514,465,0.9629672652076449
5630,808700,6.514688569173295,861,0.9639830524573217
5631,808900,6.798676563023619,1270,0.9512933100862216
5632,809000,4.632349490687771,289,0.8175080603100281
5633,809300,5.142301265680182,207,0.9642925991474249
5634,809500,6.545025440359199,978,0.9505506133907009
5635,809700,4.867807152823209,405,0.8107759353923287
5636,809800,5.199330427092912,213,0.9697905404871584
5637,809900,5.9838630977817395,643,0.9254143470299852
5638,810000,5.373735261371196,332,0.925686532724008
5639,810100,6.207265271655755,578,0.9760505027283505
5640,810300,7.057123995891611,1813,0.9406064556238319
5641,810500,6.627270509540956,851,0.9823400028397594
5642,810800,6.372438700814622,927,0.9327403413472741
5643,810900,6.894153459775858,1322,0.9592665100292411
5644,811000,5.54622700719896,329,0.9568964364557234
5645,811100,6.392230322221882,1607,0.8659066151594514
5646,811200,7.407409099209312,1906,0.9807549895807477
5647,811400,5.097674611243933,186,0.9754921027623664
5648,811500,7.140771094536137,1831,0.9505037428130538
5649,811700,6.845530986695408,1192,0.9664204663013577
5650,811800,5.1110386852943765,224,0.944451768707671
5651,811900,6.4728613183145,938,0.9458062270750291
5652,812000,5.474216196356219,369,0.9261384760843558
5653,812400,5.8184710248420455,431,0.9591769448246896
5654,812500,5.343784993901518,227,0.9850385674857209
5655,812600,4.711697798966103,198,0.8909719898065155
5656,812800,5.547879644967602,361,0.9420945185520853
5657,812900,6.573068634528083,788,0.9855417223259372
5658,813000,5.502313587507004,275,0.9796221871660182
5659,813100,6.062038238113563,567,0.9561032660324861
5660,813300,5.696609234587407,366,0.9650962397328451
5661,813400,5.712185002335254,426,0.9434705140542852
5662,813500,5.528339653554644,324,0.9563371283385699
5663,813800,6.663346869501698,963,0.9699119453800105
5664,813900,5.543276934821655,265,0.9934669074845172
5665,814000,4.8317926975095595,653,0.7454655867142255
5666,814100,6.786969755492561,1117,0.9670249651982973
5667,814200,6.935600442121115,1165,0.9823133854706979
5668,814300,7.039414481019464,1842,0.9362657574764538
5669,814600,5.633339725568043,385,0.9462639790184197
5670,814700,6.2125307654713104,675,0.9536154639905159
5671,814800,4.495509558251913,135,0.9164643697458753
5672,814900,5.480082304662673,272,0.9775732785163438
5673,815100,5.677176832992349,441,0.9323591711213539
5674,815200,6.226585463944062,1038,0.8965499903183816
5675,815300,5.413126628976141,281,0.9600542971192305
5676,815400,6.122608233611283,466,0.9964881594080558
5677,815500,6.987073085254252,1719,0.9379253582195125
5678,815700,6.326779511762484,737,0.9582272307570301
5679,815900,6.018292863328861,496,0.9696639394057296
5680,816000,7.013710801085982,1420,0.9662872065635932
5681,816100,5.869309729102024,481,0.950362025672471
5682,816200,5.522066733493617,360,0.9381530982103876
5683,816300,6.426195895116531,1021,0.9274966903217103
5684,816600,6.731492362563813,1318,0.9370286061036516
5685,816900,6.380660241311503,824,0.9503274027503044
5686,817000,4.738116287307121,940,0.692112098610899
5687,817100,5.6452625348561725,301,0.9891630392574123
5688,817300,6.368719181313265,771,0.9580351580017687
5689,817400,5.2097982350649925,199,0.9842241109430447
5690,817600,6.480098881130093,1174,0.9167998289761958
5691,817800,5.492268441521987,322,0.9511160127680861
5692,817900,7.093021358496377,1644,0.9578837336914194
5693,818200,7.318059831010191,1829,0.9742442677836224
5694,818300,5.819756333413178,522,0.9300200516695016
5695,818400,6.316267600097186,725,0.9590195839249738
5696,818500,6.1839319791826455,510,0.9919032048486172
5697,818600,5.086488688582135,372,0.8593647417599733
5698,818800,5.898037247062501,787,0.8844984045743043
5699,819000,5.957676251932623,834,0.8857373652605325
5700,819100,4.176555478549404,114,0.8818370944665964
5701,819300,6.455100218021203,760,0.9731328720229944
5702,819400,5.229636699633506,246,0.9499222100432203
5703,819500,5.797266560281467,434,0.9545898317935209
5704,819600,3.8915018845889744,75,0.9013347071850014
5705,819800,4.405815153067644,191,0.8388396402862462
5706,819900,5.188870394123155,282,0.9197014996669151
5707,820100,6.320258968790933,1155,0.8962547316222137
5708,820500,5.861775208596756,723,0.8903859703672836
5709,820600,4.416518357020706,307,0.771195350685104
5710,820700,6.342442528234484,801,0.948635123949974
5711,820800,6.37049373391659,724,0.9674556647736894
5712,821000,5.970661811792564,475,0.9687419840836359
5713,821100,4.819184169010107,240,0.8793106490714514
5714,821300,5.168721290508035,627,0.8024785267042644
5715,821400,6.805692612695715,1097,0.9721953502816119
5716,821500,4.971355506743956,363,0.8434027409604392
5717,821700,5.472104407369357,365,0.927491459499143
5718,821800,6.32488589380294,930,0.9253423684594311
5719,821900,6.70785915236096,1034,0.9663845967541201
5720,822000,6.9182918280402275,1426,0.9525878587695062
5721,822100,5.585581620784999,300,0.9792767598700673
5722,822200,5.7323382142034065,370,0.9693642175776134
5723,822300,4.584397166906613,279,0.8141049110789846
5724,822400,5.627229294704696,314,0.9787518975476228
5725,822500,6.09698078242614,669,0.9371631037975104
5726,822600,5.899052084205296,541,0.9373365769595653
5727,822900,6.450789751236927,845,0.9571846767604781
5728,823000,6.814191890625429,1135,0.9686971998866262
5729,823200,6.4266737808184065,1048,0.9240844716281877
5730,823500,4.736184796573224,271,0.8454274084514153
5731,823600,6.005013222836808,561,0.9487011058571982
5732,823800,6.257862822346212,616,0.9742522524626194
5733,824000,6.531863625082714,882,0.9630903358594264
5734,824300,2.6588571522584035,104,0.5724878051823669
5735,824500,5.952695685190916,738,0.9013849668158017
5736,824600,5.508074320057052,283,0.975666660217186
5737,824700,4.651509917555467,206,0.8730514317888557
5738,824800,5.965765929403613,477,0.9672882007234537
5739,824900,5.635003788151751,526,0.8993987035604084
5740,825000,5.5090376655753905,313,0.9587265682920502
5741,825100,6.068388259566026,742,0.9181521563320943
5742,825200,5.4597780037879,321,0.9459990819116089
5743,825300,7.025410676411315,1682,0.9458343686067571
5744,825400,5.21971924282925,276,0.9287094226086355
5745,825500,5.736572297479192,310,1.0
5746,825800,6.526828952867358,812,0.9742262290429031
5747,826100,5.352518755307113,836,0.7954843495000508
5748,826300,6.713638422336347,1210,0.9457992594583484
5749,826600,5.852372350519831,398,0.9776028180554609
5750,826800,5.458831952942527,237,0.9983123469833144
5751,826900,6.911364025910533,1179,0.977227337835346
5752,827200,5.501738377487053,379,0.9266029186950745
5753,827400,4.809409493929038,147,0.9637259717064836
5754,827600,7.03244626756695,1552,0.9571470545642276
5755,827700,4.873419643668012,258,0.8776256281247188
5756,827800,5.732758553283899,321,0.993297589108015
5757,827900,6.082562687152445,771,0.9149891428938987
5758,828000,6.901594214485751,1259,0.9668707761281324
5759,828100,6.272233404781699,647,0.9690818629576072
5760,828200,3.263038785031102,368,0.5523007749180994
5761,828300,7.0847916975905125,1803,0.9449907794549938
5762,828500,5.691646345810716,335,0.9789333615157239
5763,828700,6.637544681401692,931,0.9709322616630589
5764,828800,6.624294368834376,926,0.969757916964123
5765,828900,5.520888153064423,274,0.9835671034803797
5766,829000,5.058768337642295,308,0.8828412295146981
5767,829100,5.7385291089279615,603,0.8963766528972971
5768,829300,5.575946308671545,266,0.9986478006445031
5769,829700,7.0140125064499355,1236,0.9851645313134157
5770,829800,5.061509308845322,221,0.93763556022908
5771,830000,4.718564059570847,199,0.8914211850280963
5772,830100,5.237224172866178,314,0.9109177587447231
5773,830300,4.625770813177089,135,0.9430197128833792
5774,830400,6.5632285170100815,753,0.990815804389351
5775,830500,4.724351366144132,162,0.9286018494484862
5776,830700,4.8161000618185215,211,0.899893072967245
5777,830800,5.278430924564345,412,0.8766667422298892
5778,830900,5.696980498267034,626,0.8847135456140371
5779,831100,6.113717060756468,521,0.9772956112298422
5780,831200,6.007504061469879,642,0.9292941451570581
5781,831300,6.319107691459503,942,0.9227661834490074
5782,831400,4.746071746199389,140,0.9604239522643063
5783,831600,6.454601909527721,737,0.9775866697909954
5784,831700,4.371226602126793,200,0.8250216624857899
5785,831800,6.628322372219952,835,0.9852678768533916
5786,831900,6.456480144692948,974,0.9382494171326952
5787,832000,4.99088525308325,246,0.9065548951064238
5788,832200,4.734038105506041,163,0.9293816773261184
5789,832300,5.47867028303107,395,0.9163363373144621
5790,832400,6.380784477732554,771,0.959850119194485
5791,832600,6.246815537922769,585,0.9804136987152936
5792,832800,3.881267525080226,125,0.8038557012346895
5793,833100,6.713195099381116,1724,0.9008095232804894
5794,833200,4.7976967959170835,258,0.8639891435451182
5795,833300,3.809124817915798,97,0.8326481904135403
5796,833400,5.12296304422996,236,0.9376136065385247
5797,833500,6.44016208766735,720,0.9788594294607795
5798,833800,5.337210866819566,484,0.8633350960645756
5799,834000,6.498116297417525,802,0.9717378135257644
5800,834300,5.037910330191622,210,0.9421748676738583
5801,834500,4.540456330082909,175,0.8791180027608534
5802,834700,6.876793290248177,1133,0.9778417038937538
5803,834800,6.655738326858483,1168,0.9423322866972633
5804,834900,6.187070830787619,615,0.9634747378096694
5805,835000,3.0993539986577177,171,0.6027920661471452
5806,835100,5.421447435547215,503,0.8715326500058256
5807,835200,6.516653737234892,1192,0.9199910942924858
5808,835300,6.0297198864738055,692,0.9220338913496693
5809,835400,4.940122406027238,541,0.7849663572602001
5810,835500,6.677127894382075,919,0.9785794959565388
5811,835700,6.153729371200333,587,0.9652871235984096
5812,835800,6.43658764615039,911,0.9445369620812661
5813,835900,7.0740070319277395,1522,0.9653682987415786
5814,836000,5.280155465845294,304,0.9235840268093383
5815,836100,5.7347635120785725,707,0.8740644273905265
5816,836200,5.013029898670158,239,0.9153772048573384
5817,836600,5.2771321249757746,456,0.8619254099857958
5818,836700,5.850560580960598,757,0.8825222509759098
5819,836800,6.607141117386417,947,0.964081827970356
5820,836900,4.8112886321841195,277,0.8554896258574792
5821,837000,6.775705569734768,1305,0.9444863306599853
5822,837100,5.932675986658117,739,0.8981693267525579
5823,837200,6.150863066084794,555,0.9733967564583937
5824,837500,6.578467932108193,774,0.9890095239334636
5825,837700,4.451417076445438,188,0.850084295413396
5826,838000,5.927900928104537,586,0.9301119548087141
5827,838100,6.9250764466045105,1571,0.9409751882876582
5828,838200,5.478996410083152,385,0.9203380581685279
5829,838300,5.7108972104958085,326,0.9868668535378537
5830,838400,4.536018552104966,180,0.8734943659944665
5831,838500,6.895654073503982,1429,0.9491961717247073
5832,838600,7.032813290150536,1403,0.970529403476161
5833,838800,5.729619936231735,359,0.9738748886926053
5834,838900,6.666491272142613,1289,0.9308633252923195
5835,839000,5.619699631055645,713,0.855425150239826
5836,839100,5.810980290026876,805,0.8684975746086258
5837,839200,6.282871727205944,655,0.9688859124534022
5838,839300,5.671362526777955,722,0.8616440088121488
5839,839400,5.61459387320294,464,0.914446163514125
5840,839500,6.31225664407119,598,0.9872788057588476
5841,839600,3.313758941151983,69,0.7826347630967733
5842,839800,6.966334813755083,1666,0.9390893778718089
5843,839900,5.87288955905122,522,0.9385109510168766
5844,840000,5.705836638695665,301,0.9997768352118449
5845,840100,4.527483083812407,158,0.894300858408852
5846,840300,5.351782415070682,338,0.9190692484876515
5847,840400,6.466861408205448,717,0.9835417210359807
5848,840600,5.812027206038575,400,0.9700511720200332
5849,840800,6.832122258702615,1151,0.9693172114185374
5850,840900,5.469393308122067,366,0.9266022466908602
5851,841000,5.786633288919138,330,0.9978514974179962
5852,841100,6.717300804589061,1086,0.9609519771004777
5853,841200,5.983936280687189,397,0.9999999999999997
5854,841300,5.438409534370855,469,0.8842075710483034
5855,841700,5.315172108053471,222,0.9838033501477588
5856,841800,6.818465231795984,1253,0.9558646206338888
5857,841900,6.169874629855698,707,0.9403819222985719
5858,842100,6.897364429049086,1398,0.952306622740701
5859,842200,6.163640071170856,556,0.9751409613887205
5860,842300,5.72682188222643,560,0.9050061778353427
5861,842500,5.971744510516274,407,0.9938309490106755
5862,842600,6.3391483315383,798,0.9486748440391408
5863,842700,5.682677370522146,335,0.9773907447410445
5864,842800,4.829654962215191,263,0.8667482869865348
5865,842900,6.532812387174836,778,0.9813851242718958
5866,843000,6.014127615250403,460,0.9809012316811984
5867,843200,6.1079841981991665,915,0.8957401695237049
5868,843500,5.736039309974197,401,0.9569696734854913
5869,843700,6.881614488886948,1376,0.9522174364457241
5870,843800,6.230352655529753,674,0.9565687914344345
5871,843900,6.1919889411179705,672,0.9511126313645484
5872,844000,6.047892460679131,579,0.9507317851966948
5873,844100,5.358020739109509,329,0.9244250091196866
5874,844200,5.696162772814793,311,0.9923986561828977
5875,844300,5.052605046857824,292,0.8900518188474081
5876,844400,6.674255970438923,1267,0.9341931110565449
5877,844500,6.307828529317774,624,0.9800623304759483
5878,844600,5.811245393347679,532,0.9258523927981163
5879,844700,6.202798212357262,1150,0.8801394899128252
5880,844900,6.108087761741174,472,0.9920592186592089
5881,845000,6.4214674348294345,696,0.9810732455966827
5882,845100,6.47413635667549,938,0.945992534051539
5883,845300,6.196776462931711,577,0.9746665933464796
5884,845400,6.537471713571968,774,0.9828461358929612
5885,845500,5.466720184041104,764,0.8234788523154414
5886,845600,5.736506532338138,1149,0.8140760146134935
5887,845700,7.316513843510725,1817,0.9748927808944814
5888,845800,6.908168050076449,1165,0.9784280396919388
5889,845900,6.5535977463654564,1187,0.9257560449132514
5890,846000,6.278800924837952,546,0.9962209279985647
5891,846200,6.445125434626707,887,0.949509815180508
5892,846300,6.605927458853907,1094,0.944028131220986
5893,846500,6.2212863363270055,943,0.9083407985263253
5894,846700,6.2500830896706,737,0.9466111154785627
5895,846800,6.9981391620293945,1378,0.9681465251782249
5896,847000,5.6984676842449655,369,0.9640777762148798
5897,847100,6.947185198244267,1346,0.9642316229429653
5898,847300,5.984173123607899,464,0.9746393556273144
5899,847500,7.798432465125826,2733,0.985502278407701
5900,847600,5.961005339623274,388,1.0
5901,847800,5.325628937277103,281,0.9445359949139923
5902,847900,5.5520052786806176,328,0.9583967264715694
5903,848000,5.52600184283693,508,0.8869301496732082
5904,848100,5.8944028342648505,363,1.0
5905,848200,5.702606859484547,425,0.9422542696108391
5906,848500,6.468732109484714,903,0.9504842518502202
5907,848700,5.552959584921617,258,1.0
5908,848800,5.9872295853409385,537,0.9524707922789675
5909,849200,5.929395106385648,626,0.9208064113108153
5910,849300,6.876702571375386,1225,0.967092736413349
5911,849400,5.015727794478179,233,0.9201417009262207
5912,849500,5.737865314794554,559,0.9070075468724035
5913,849600,5.926293843469681,393,0.9920459854788187
5914,849700,6.055770518778615,601,0.9464219224276469
5915,849800,6.078855512841358,475,0.9862964502254542
5916,849900,7.605896874503847,2064,0.9965274031516463
5917,850000,6.663773336522085,1008,0.9635685096460743
5918,850100,2.9152197406332996,83,0.659725027304603
5919,850300,6.453354146659431,1191,0.9111627097880753
5920,850500,5.493263800142014,326,0.9492588926546084
5921,850600,6.477241334922546,903,0.9517345563360473
5922,850700,6.282404760136631,682,0.9628162766409525
5923,850800,5.785386383290504,444,0.94907363623046
5924,851000,7.056426643609276,1595,0.9568517452263703
5925,851100,6.930699531253177,1373,0.9592991126479096
5926,851200,6.345584240473043,960,0.9240783298173991
5927,851300,6.308561058479781,726,0.9576490568242866
5928,851400,6.439860250235629,770,0.9689259509878752
5929,851500,4.249594655293681,204,0.7990783698398372
5930,851600,6.7201671645652805,1036,0.9678883296769508
5931,851700,6.424007876611915,670,0.9872035835177877
5932,851800,6.377176660251279,678,0.9782225157035884
5933,851900,5.576274317796173,350,0.9519183935255878
5934,852100,6.511608207162834,875,0.9612330971635507
5935,852200,5.52076038912338,274,0.9835443418511025
5936,852400,6.733181147336722,934,0.9844585631879671
5937,852600,6.114522423456151,534,0.9735887004963836
5938,852700,4.678472506990339,409,0.7779670944822249
5939,852900,6.208173776774357,787,0.9310079897531653
5940,853000,5.99630163540035,556,0.948666579164851
5941,853200,5.689779890664451,875,0.8399161270891727
5942,853300,6.7202397502121745,970,0.9771630711179986
5943,853400,5.7365922786878345,700,0.8756711847970075
5944,853500,6.121369458518384,457,0.9994589218471688
5945,853700,5.843906935767583,377,0.9851087996383996
5946,853800,5.3116378991347855,290,0.9368164819134482
5947,853900,5.3517358207325865,236,0.9794839979902166
5948,854000,6.782353438093488,1164,0.9607253246851841
5949,854200,6.168213678353009,731,0.9353695694092949
5950,854300,6.385528919385864,1121,0.9093634804020253
5951,854400,5.939316589658647,590,0.930909485720424
5952,854600,3.5937903052389455,75,0.8323798956091143
5953,854700,5.665009656144198,331,0.9763691964964513
5954,854800,5.8413592869198325,448,0.956848015081595
5955,854900,5.036712055623786,278,0.8949984289757332
5956,855000,7.141022127750456,1572,0.9702338654395775
5957,855100,5.105114106334138,226,0.9418100071338911
5958,855200,6.943890871556093,1224,0.976653810746258
5959,855300,6.155538689577007,909,0.9035858583908433
5960,855400,5.551401189302246,306,0.9699167725152893
5961,855800,5.482577029075139,256,0.9887108363923062
5962,855900,6.2307835524061925,676,0.956199959039567
5963,856000,6.093948169783722,529,0.9717683641106456
5964,856100,7.058250294606723,1466,0.9681710197955722
5965,856200,6.531196342290591,993,0.9464499717863264
5966,856300,6.5423972124188285,763,0.9857078301885348
5967,856600,7.316857955991041,2075,0.9579902606358207
5968,856700,3.7691134315777117,65,0.9029141734786726
5969,856900,5.423460912411501,595,0.8489330489495855
5970,857100,6.343541083823311,1067,0.9097804831068729
5971,857200,6.28957538533672,677,0.9650034685665214
5972,857400,4.062493932304781,209,0.760434248532965
5973,857500,5.212228593354984,200,0.9837516767612695
5974,857800,6.205885488422674,1042,0.8930748707140488
5975,857900,5.798869955556533,363,0.9837926111610538
5976,858000,2.905683046275695,47,0.7546939356260327
5977,858100,6.3602854011834244,883,0.9376353356340826
5978,858200,6.4709863225052615,1107,0.923185732866735
5979,858400,5.253819324258461,325,0.9083641290385978
5980,858500,5.434642705449901,255,0.9807587495451859
5981,858600,6.229240047269537,958,0.9074112418426852
5982,858700,6.909570232762942,1309,0.9627354279164893
5983,858800,4.632038562445377,239,0.8458083430157568
5984,859000,4.448207101411613,197,0.8419525972878141
5985,859100,4.926681575292234,460,0.8035393218213263
5986,859200,4.655433288241311,178,0.8984229547717977
5987,859400,6.14171562241918,1038,0.8843298006111872
5988,859500,6.052889656285531,549,0.9595426755637428
5989,859700,5.090271537149834,192,0.9681932511500339
5990,859800,6.0787617661504,501,0.9778264325110756
5991,860000,4.521055380891161,158,0.8930312125297498
5992,860100,5.0029621719922295,257,0.9015847134643672
5993,860200,6.107761010872799,597,0.9555444638159609
5994,860600,5.972670185390841,453,0.9765820035485205
5995,860700,6.33924581577814,1024,0.9145598501399234
5996,860800,6.72849120935806,1245,0.9440991015263912
5997,860900,6.923221855385874,1353,0.960214340537361
5998,861100,6.829112418193235,1368,0.9457156938364015
5999,861200,6.423068554719361,852,0.9519060673294626
6000,861400,6.202664562068874,694,0.9480613137527901
6001,861500,6.334725725231043,629,0.9830224545231537
6002,861600,5.789930747319664,704,0.8830450615860509
6003,861700,6.767680827477382,1237,0.9504576503282791
6004,861800,6.227968006713344,822,0.9279214689681414
6005,862000,6.5077125652105465,764,0.9802886363276252
6006,862100,6.61997456965271,814,0.9877668932860713
6007,862200,5.799851439625923,441,0.9525059444072991
6008,862400,6.62497790839846,910,0.9723389999933418
6009,862500,6.576791288865023,767,0.9901098015748092
6010,862600,5.554223516825388,401,0.9266365131283835
6011,862700,5.591237104067118,435,0.9203158265316428
6012,863200,5.270735174272129,357,0.8967288374225416
6013,863400,5.793364797626825,574,0.9119632889309182
6014,863600,6.048036975574172,497,0.9741401751689832
6015,864000,5.349965484066363,268,0.9568910646215687
6016,864100,6.127754801959128,872,0.9050281168575157
6017,864200,5.406901019505028,262,0.9710069152246197
6018,864400,6.167426876070197,848,0.9146575787405847
6019,864500,6.1057674843568694,606,0.9530016946833462
6020,864900,5.007865315420057,203,0.9425317473430991
6021,865000,6.138272044338179,552,0.972238113869701
6022,865300,5.1264641025407895,200,0.9675645583082139
6023,865500,5.474839590410294,384,0.9200417504542392
6024,865600,6.653970818601458,861,0.9845927449286107
6025,865700,6.478633566342676,975,0.941328358396749
6026,865900,6.1609849361555655,811,0.9197877550406868
6027,866000,6.866289843681756,1200,0.9684365914110944
6028,866100,4.114990482783009,141,0.8315195268987994
6029,866200,4.550877383711768,144,0.9157038925587055
6030,866300,6.233348175010695,641,0.9644622876251895
6031,866400,6.9531968142046345,1433,0.9567488801043698
6032,866900,6.148666360430038,677,0.9433839331517321
6033,867200,6.464236825628483,932,0.9454325247623235
6034,867300,5.2964791758490115,209,0.9914166590944895
6035,867400,6.141574030627413,526,0.9802519978035927
6036,867500,5.113286590821733,397,0.8545021789962187
6037,867600,5.8516648810021294,669,0.8994557499787033
6038,867700,4.759101080555116,493,0.7675339148723836
6039,867900,5.11290587348784,224,0.944796800177869
6040,868000,7.257186522645945,1726,0.9736534891131009
6041,868100,6.352886912692334,692,0.971450938302148
6042,868300,6.448777147712154,636,0.999005233446352
6043,868500,5.3020076373350395,383,0.8913881049757245
6044,868600,6.01600635049171,461,0.9808602520687565
6045,868800,5.175717245682781,221,0.9587923765668589
6046,868900,6.0263740542178095,435,0.9919392283797045
6047,869000,6.549419360196559,939,0.9568438155989748
6048,869100,5.348168718532461,326,0.9241858574774605
6049,869300,6.953865434090611,1293,0.9705703874632732
6050,869400,4.547179378715185,139,0.9215124935983224
6051,869500,6.303547700097133,723,0.9574898790857995
6052,869600,6.088850303541669,541,0.9674947804618053
6053,869700,5.433318174221448,548,0.8615732626621436
6054,869800,6.062359060897025,746,0.9164944137229638
6055,869900,5.379803165706976,396,0.8994199324274302
6056,870000,5.7707815196238075,385,0.9693508555894086
6057,870100,6.774685297518704,1101,0.9672630374230271
6058,870300,6.675609928319316,1106,0.9525012473966583
6059,870500,6.4431812290497295,657,0.9931404197078519
6060,870800,6.742822397798805,1186,0.9525991818863546
6061,870900,6.956196543023152,1359,0.9641960339477617
6062,871100,6.1450870639333175,474,0.9973835878391892
6063,871200,5.792857382458264,636,0.8973941429713136
6064,871300,6.179269038936088,547,0.98014421761379
6065,871400,6.762471346577093,910,0.9925187249724666
6066,871700,6.27628664052931,756,0.9469293090241724
6067,871800,6.430646935693272,900,0.9453504478106226
6068,871900,5.197958539122045,446,0.8520797977949642
6069,872000,6.3158926257724595,606,0.9857984915442943
6070,872200,5.423852592868315,383,0.9118730139843144
6071,872300,5.8270942708791,691,0.8912465055727696
6072,872400,6.4873457316979195,722,0.9856154594981033
6073,872500,5.619089216804271,307,0.9811836222067671
6074,872700,4.195700706433228,143,0.8454225386889649
6075,873000,6.2906282165767475,612,0.9803476192579745
6076,873100,6.383891973535227,765,0.961447492890272
6077,873200,4.817571917799205,199,0.9101255410980326
6078,873300,6.552482223458445,856,0.9704117072400977
6079,873700,6.32048101477541,974,0.9184861558020507
6080,873900,5.136599676833638,190,0.9789548525396072
6081,874000,5.627621113690637,278,1.0
6082,874100,5.672369437862477,292,0.9992276634572291
6083,874200,6.848574362238642,1216,0.9641368224550309
6084,874300,5.732236320778905,491,0.9250848071181045
6085,874400,5.924109225506903,559,0.936447874120862
6086,874500,6.642785372421784,953,0.9683904221624876
6087,874600,5.701401486737063,345,0.9756752203542745
6088,874800,6.498366273171708,1273,0.9089728148916697
6089,874900,5.770908375972535,646,0.8918385390551917
6090,875000,6.6132232257797785,996,0.9579179218234497
6091,875100,6.024170228248341,434,0.9919522563061026
6092,875300,5.793193015473218,360,0.9842151930240268
6093,875400,6.989526108154729,1264,0.9786460815543591
6094,875500,5.288832645086209,224,0.9773057207378276
6095,875600,6.398394919312069,892,0.9418454135844935
6096,875900,6.470220701756643,810,0.9661322404034485
6097,876000,6.7337554913658435,1107,0.960673796608372
6098,876200,6.060274726011051,706,0.9238765547363089
6099,876300,5.789064102691812,387,0.9715762808018553
6100,876400,4.699076301473826,338,0.8069790940715297
6101,876500,5.2576098280731465,210,0.9832624082964134
6102,876600,5.775425252786765,335,0.9933428947240799
6103,876700,6.5726775890840345,1336,0.9131971689531104
6104,876800,5.987109633623431,795,0.8964963954880172
6105,877000,5.709608704155965,483,0.923882413938386
6106,877200,5.4887025116496915,606,0.8566888288190124
6107,877300,5.594233565099973,310,0.9751874943785217
6108,877400,6.117848750291715,612,0.9534212245327477
6109,877500,5.861881617479423,392,0.9816822264295686
6110,877600,6.838527568366628,1023,0.9867300675217564
6111,877700,7.340700891750333,2081,0.9607487913969157
6112,877800,6.62305946093176,1142,0.9407038176999764
6113,877900,7.2227953236745766,1904,0.9564447264015036
6114,878300,3.342557846166752,54,0.8379471582609382
6115,878400,6.577344680575431,763,0.9909731774135303
6116,878500,5.829102618614669,437,0.9587445176727838
6117,878700,6.007624384757153,448,0.9840831877577952
6118,878800,5.7981545968597885,525,0.9257202486211806
6119,879100,5.793085892876205,454,0.9468770608500314
6120,879200,6.804676324258468,1123,0.9688083500741187
6121,879300,6.630698305055484,1005,0.9591993333526662
6122,879400,7.4028128660140355,2225,0.9604672271813246
6123,879500,6.2442300814399125,536,0.9936500274169688
6124,879600,5.0515773703493,243,0.919628775766476
6125,879700,6.792464200963776,1087,0.9715766473419529
6126,879900,4.659603554905592,235,0.8534720342476454
6127,880100,6.012093770809191,881,0.8866011915035411
6128,880200,7.1281733676806,1788,0.9518378061119863
6129,880300,6.442345845793094,797,0.964299652594702
6130,880500,6.0346074058773045,1213,0.8498427348240101
6131,880600,6.836890986050825,1206,0.9636122552935846
6132,880700,5.785702640643374,587,0.9075576651322568
6133,880800,6.191875794569437,609,0.9656973320270014
6134,880900,6.103586161778612,511,0.978708216935431
6135,881100,6.253396667943639,800,0.935491382702234
6136,881200,6.305611236183651,611,0.9829331148562901
6137,881300,6.468640218243073,719,0.9833956458583958
6138,881600,5.458809653003571,435,0.8985183107381569
6139,881700,7.074351471043292,1517,0.9658490203399135
6140,881800,5.585520612053251,346,0.9553714366910653
6141,881900,6.294086372014713,769,0.9471783608227949
6142,882000,6.579834349845065,787,0.9867440202585571
6143,882100,7.066983650795596,1417,0.9739104418353244
6144,882200,7.117018849226535,1598,0.964822206841529
6145,882300,5.256338982677492,209,0.983903053378644
6146,882400,6.133647700861395,532,0.9772177934395876
6147,882500,6.56399609169138,843,0.9743251128603164
6148,882600,5.340045969418043,311,0.9303551628294863
6149,882700,6.486740886884696,673,0.9961601012487084
6150,882800,7.380844942288105,1730,0.9899365630161783
6151,882900,6.872170374014491,1158,0.9741610908076574
6152,883000,6.822680267150546,1111,0.9728596757517262
6153,883100,6.0327385925819845,473,0.9794845203816713
6154,883200,5.9107462170172305,896,0.8694907365965798
6155,883300,6.607066841543029,1286,0.9228659662718208
6156,883400,5.441366954857224,380,0.9160286334110705
6157,883500,5.307482448058435,267,0.9499277323336603
6158,883600,5.082425644163688,247,0.9225027051323066
6159,883700,6.646975844711155,960,0.967968606852722
6160,884000,4.4616006984272865,301,0.7817617833643882
6161,884100,6.186218115151727,625,0.9609283569373208
6162,884200,4.693974003483019,246,0.8526233112113684
6163,884300,6.213027881910669,819,0.9262000601432467
6164,884400,5.766922928245968,337,0.9908661091701704
6165,884500,6.458123316508081,844,0.9584412525076478
6166,884600,6.132826113205158,897,0.9020114318266684
6167,884800,3.9289676539809055,71,0.9217130460915502
6168,884900,6.258595653508888,602,0.9778662353803023
6169,885000,6.463954781323844,857,0.9571354411244752
6170,885100,6.205294693564857,733,0.9406029476945261
6171,885200,5.714766084861674,361,0.9704337779279608
6172,885400,5.591374723343179,333,0.9626786417497146
6173,885500,5.803541544541163,663,0.8932957587892594
6174,885600,5.422703792286326,401,0.9046944759407732
6175,885700,6.766757376171092,1010,0.9781794366256926
6176,885800,6.41505083847211,776,0.9640672976782737
6177,885900,6.381448584884,766,0.9608904592257651
6178,886000,4.928668478709238,181,0.9480948914784922
6179,886200,6.646865499282342,1592,0.9015453901371631
6180,886300,5.570945130101233,669,0.8563064925938273
6181,886400,6.528074135833456,779,0.9804841251926312
6182,886500,3.975660449588747,80,0.9072652407291046
6183,886700,6.5011349825098,1002,0.9408635471514634
6184,886800,5.760129476629853,665,0.8862028002764585
6185,886900,5.618262076495045,648,0.8678339409809104
6186,887200,5.851419050956016,616,0.910975256622714
6187,887300,5.598874223815373,641,0.8662925430148006
6188,887500,6.141018447202926,493,0.9904055094235146
6189,887600,7.182975117747773,1663,0.9685286609765156
6190,887800,5.21216883935981,311,0.9080761133908052
6191,887900,5.786497905721472,444,0.9492559778348785
6192,888000,6.5065089973328,740,0.9848423654888497
6193,888100,6.493048934917867,872,0.9589796002205655
6194,888200,5.436344763789977,238,0.9934349172356648
6195,888300,6.243636729494381,659,0.9619323171454314
6196,888400,5.511255011295869,382,0.9269747885150112
6197,888500,5.23814866091038,292,0.9227366278976821
6198,888700,6.104616821344042,572,0.9614873496441418
6199,888900,5.9357120568568575,461,0.9677689292698822
6200,889000,4.936635372047783,215,0.9191897398769241
6201,889200,4.424399667733404,160,0.8717730325714096
6202,889300,6.175311531173046,560,0.975880724196141
6203,889500,5.349608153158724,275,0.9524347815030529
6204,889600,6.742472521016853,1070,0.9666053643752642
6205,889700,5.39028080324533,489,0.8704724267042124
6206,889800,6.885961752994781,1071,0.9870438922283924
6207,890000,6.862469161466098,1074,0.9832821772575064
6208,890100,6.316750238586549,694,0.965499015772202
6209,890200,5.739792912179235,311,1.0000000000000002
6210,890300,7.221724042036836,2033,0.948072749800942
6211,890400,4.8193619767240286,246,0.8753990464096254
6212,890500,4.671507472264638,133,0.9552503000871245
6213,890600,5.833882022162441,414,0.9681400229449513
6214,890700,6.893163639011962,1324,0.9589270805241948
6215,891100,4.669441681975171,149,0.9331518358674543
6216,891200,6.2530678124412535,582,0.9821875187796413
6217,891400,5.611884698832772,314,0.9760829904282915
6218,891500,5.811037810462517,631,0.9013125690568821
6219,891900,7.615873026090221,2651,0.9661512623839443
6220,892100,5.645855630250934,335,0.9710575982680406
6221,892200,4.716721806288014,245,0.8573896417454235
6222,892500,5.281713471002444,238,0.9651776722986581
6223,892600,5.821499830210078,509,0.9340631184970729
6224,893000,6.586662471154293,937,0.9625847345954645
6225,893100,7.128258543106616,1752,0.9544414375363961
6226,893300,6.226136886897889,1019,0.8988764373852719
6227,893400,5.409292548475583,366,0.9164202217789637
6228,893500,5.726444990973786,416,0.9495512937323648
6229,893600,6.728670576404255,1147,0.9551115968962867
6230,893700,4.951492494980098,298,0.8691260739723865
6231,893800,6.330556066228531,758,0.9547365932049001
6232,894000,5.677174550479394,358,0.9654183666018722
6233,894100,4.5535244101116685,341,0.7807983833433992
6234,894200,3.535566292562761,53,0.8905053758124242
6235,894400,6.5961232219463355,877,0.9733810102123569
6236,894500,5.583597028697449,498,0.8990430810950581
6237,894800,6.331232418247761,784,0.9500065795653808
6238,894900,6.075603411047506,743,0.9190565365506684
6239,895200,6.369583939940665,709,0.9704028241014467
6240,895300,6.630936706256952,1037,0.9549040078872487
6241,895400,7.382596637547252,2177,0.9605623036341183
6242,895500,6.630097862271894,933,0.9695386084244264
6243,895600,6.938051998258189,1523,0.9467300686574406
6244,895900,5.638485911444616,632,0.8743344112184991
6245,896100,6.277213245878425,691,0.9600916185761712
6246,896200,6.628625778273875,946,0.9673658968542697
6247,896300,7.1791927514969185,1756,0.960967866131526
6248,896500,6.886983724607056,1236,0.9673224972120401
6249,896600,6.945292434125102,1125,0.9885779741110775
6250,896700,5.329972866936065,230,0.9801204734528711
6251,896800,4.201202077646348,163,0.8247758354897243
6252,896900,5.46806014113513,237,0.9999999999999997
6253,897000,5.200042671706839,235,0.952461072042022
6254,897200,4.110231704093847,120,0.8585355181637059
6255,897300,6.330267263353388,1038,0.9114788653486687
6256,897400,5.452083547727984,234,0.999406530328599
6257,897500,4.143946214550598,210,0.7749883821757684
6258,897600,6.554356125605846,887,0.9656019167626471
6259,897700,5.561396581854131,266,0.9960419554871364
6260,897800,5.824211065756119,531,0.9281963277713846
6261,898000,3.85506870655793,82,0.8748160457354313
6262,898200,5.737970784221668,494,0.9251008347023739
6263,898300,6.90744672116263,1593,0.9368094485422777
6264,898400,6.094240166678313,461,0.9936156310019618
6265,898500,6.517599176505091,1045,0.9375449917479622
6266,899000,5.285237260371,389,0.8862525265177645
6267,899100,4.460389282869006,133,0.9120799284305717
6268,899200,5.47320743134402,256,0.98702115236958
6269,899300,6.33821281669139,947,0.9248411211168625
6270,899400,5.651513864627221,311,0.9846198201045382
6271,899500,5.489474033227648,297,0.9641257964731014
6272,899600,5.655732549888265,416,0.9378258532502566
6273,899800,6.620737088762885,1101,0.9452829150309913
6274,899900,6.483533114479575,1062,0.9304847303123509
6275,900100,3.881932166464452,85,0.8737872820409425
6276,900200,6.286095291257341,593,0.9844798605104428
6277,900300,5.603625716978758,548,0.8885793058505519
6278,900500,6.024321969508385,568,0.9498906709236656
6279,900600,6.982398667472267,1292,0.9746581005038647
6280,900700,5.8814534438435455,819,0.8767709781695648
6281,901000,5.068437741769232,586,0.7952586578282489
6282,901100,6.524424334612657,1128,0.9283206233749293
6283,901200,4.8127411981952255,196,0.9118296037352215
6284,901300,6.272795381214416,699,0.9577297520256828
6285,901400,5.273425045337624,365,0.8938164054897556
6286,901600,6.413495335155163,763,0.9662868770394948
6287,901700,6.605292465242066,1368,0.9147204445071121
6288,901800,5.64982456522133,444,0.9268351651785495
6289,902000,4.675935749833046,275,0.8324953373612848
6290,902200,5.910985908667595,533,0.9414614539525793
6291,902500,5.178979530698472,342,0.8876002605880075
6292,902600,4.866327903412654,170,0.9475309366322449
6293,902800,6.022006609732817,759,0.9080224661968718
6294,902900,6.157176340922538,654,0.9497261123616283
6295,903000,6.955160691863563,1392,0.9608570459780992
6296,903100,6.234026135413365,613,0.9712794765703116
6297,903300,5.753909608165341,661,0.8860683281300293
6298,903500,6.684008162529379,1117,0.9523547317304959
6299,903600,6.463211254230497,853,0.9576887735810188
6300,903700,7.0724648948921685,1419,0.974476406255541
6301,903800,4.714507366936385,242,0.8589107040639442
6302,903900,4.771828224047836,132,0.977272537305844
6303,904200,4.755374249815214,280,0.8439311109576453
6304,904300,5.1292365933220845,189,0.9785357016631452
6305,904400,6.6795175756536596,933,0.9767653977020846
6306,904500,6.07752262040248,537,0.966834944749904
6307,904600,5.984167442774734,610,0.9330639648184121
6308,904800,6.2664047145445245,598,0.980107259863713
6309,905100,5.482482521428339,348,0.9368237924740459
6310,905200,4.97533294111428,313,0.8658470256159859
6311,905300,7.301092934381,2119,0.9533071350865006
6312,905400,5.2074061934352684,361,0.8842781647506693
6313,905600,5.269919371406981,282,0.9340670282487868
6314,905800,6.087567228085021,525,0.9719272147267467
6315,905900,5.678767934568759,655,0.8757266566609667
6316,906000,5.214661739158222,297,0.9158600390805848
6317,906100,5.207489218257688,216,0.9687850234535543
6318,906200,5.2221319459124125,515,0.8363216469049403
6319,906400,7.2036248879910065,1641,0.973060305643146
6320,906500,6.275205190543579,896,0.9231038828416869
6321,906600,6.393104414080133,809,0.95479337018213
6322,906700,5.951579247735504,700,0.9084882100894083
6323,906800,5.460085737167216,249,0.9896026009874502
6324,907100,6.08473198571618,781,0.9135445286376859
6325,907200,4.957184060447271,247,0.8997703116134516
6326,907300,6.290880808979492,932,0.9200781912308846
6327,907600,6.035961077868372,459,0.9848118176549815
6328,908000,6.39903145248164,1005,0.9256863185350085
6329,908100,5.178790875498823,221,0.959361761001155
6330,908400,3.0890593927925556,54,0.7743975299808915
6331,908600,6.840882580987736,1392,0.945069498730692
6332,908700,5.5907544943152825,336,0.9610877874904915
6333,908900,5.86797989043059,760,0.8846220710572303
6334,909100,6.115498149715092,661,0.9417508425072619
6335,909200,5.729424612904457,500,0.9219285467669447
6336,909600,4.270259458797128,124,0.885894195324071
6337,909700,6.5888601172829375,909,0.9671941198214468
6338,909800,5.872117789475417,355,1.0000000000000002
6339,909900,7.229136476336558,1784,0.9656083697615994
6340,910000,4.755973477673788,184,0.9119908084647951
6341,910100,6.500576514121422,860,0.9620603166706129
6342,910400,7.0173698261800155,1392,0.9694512521625929
6343,910600,4.723902051817689,194,0.8967405554931722
6344,910700,6.570691571920429,829,0.9777494516901202
6345,911100,5.178338605691561,273,0.9231419275762339
6346,911200,7.257263120215349,1742,0.9724598896120548
6347,911300,6.072022375526222,689,0.9291198478712649
6348,911400,6.490312699064864,758,0.9788301328213835
6349,911500,5.850014729992271,379,0.985259630919768
6350,911600,6.042238798102922,603,0.9438170804820561
6351,911800,7.128208470416047,1710,0.9575457250340469
6352,911900,6.335495696223038,732,0.9605376775065018
6353,912100,6.758305459417947,1348,0.937822873556102
6354,912200,6.0029386414708945,405,0.9998420313998175
6355,912500,5.214553669258453,305,0.9115855696157679
6356,912600,2.703769295455273,26,0.8298616274572297
6357,912700,4.79493861746816,201,0.9041416061485763
6358,912800,5.227520951127,620,0.8130247313248617
6359,912900,6.7544371263901075,1040,0.972284506818034
6360,913000,6.643633123652948,836,0.9873680813254474
6361,913200,6.753549890559416,929,0.9882122378596504
6362,913300,5.9236371128312,434,0.9753982668116006
6363,913600,5.523377129308766,304,0.9661274035719954
6364,913800,6.023517026294441,427,0.994507483367159
6365,913900,6.155730160503034,655,0.9492793251770317
6366,914100,5.381116254132118,382,0.9050858817864673
6367,914200,6.043042452712998,692,0.92407110996406
6368,914300,4.453614541847795,198,0.8421689971398587
6369,914400,7.3212566504865535,1779,0.9782797653703185
6370,914700,5.632012771245422,311,0.9812222945003618
6371,914800,6.687791268789335,1291,0.9336353927954091
6372,915000,5.939284196424252,445,0.9739606179927377
6373,915100,5.418777295788793,331,0.9339308413259738
6374,915300,5.668067481111464,524,0.9052263848412465
6375,915400,6.084612920845683,641,0.941449046674269
6376,915500,6.656009387174231,1230,0.935520038348177
6377,915600,3.8529181562718944,79,0.8817860485728212
6378,915700,4.804426870956004,189,0.9165697728548879
6379,915800,6.464240860917002,1119,0.9208070164338019
6380,915900,5.265865744589275,206,0.9883611363635739
6381,916000,5.782153031822169,333,0.9955253408119534
6382,916100,6.984222411495516,1428,0.9614803730299053
6383,916300,6.425514259375971,703,0.9801928965001279
6384,916400,7.310071511301902,1829,0.9731807926461215
6385,916500,6.171309327527327,569,0.9727972321687097
6386,916700,5.004838658831446,233,0.9181440750170491
6387,916800,6.670323980819447,952,0.9725538719809421
6388,917100,5.4631013130037465,242,0.99529300304687
6389,917200,3.6902748712161473,148,0.7384667028435984
6390,917400,6.517017924069562,1067,0.9346602531661479
6391,917500,5.802237209461208,430,0.956867205841711
6392,917800,6.056740036074753,438,0.9958109244870774
6393,918000,6.6214777285722075,1010,0.957178304777536
6394,918100,6.722817800503492,1111,0.9586200861596733
6395,918200,5.410238416542526,235,0.9909613838864161
6396,918300,5.235930784876853,260,0.9415987341682487
6397,918400,3.786402251666303,75,0.876991934220981
6398,918700,5.970938702354835,462,0.9731685359621584
6399,918800,5.66998469311481,402,0.9455565740075151
6400,918900,6.043797181101645,815,0.9016302510089613
6401,919000,5.680970253340948,438,0.9340292312808807
6402,919100,5.715065025618955,339,0.9809586200280084
6403,919300,6.252543210093139,590,0.9800036243710423
6404,919400,6.385084560839305,1205,0.9000385100737371
6405,919600,5.064898620761568,194,0.9614720950767117
6406,919800,6.379655579692081,760,0.9617592829079891
6407,919900,6.553941158985567,820,0.9768436229162396
6408,920100,5.4541422502639305,299,0.9567926039516511
6409,920200,6.581705784370016,1163,0.9324169552432634
6410,920300,5.5713060934288166,292,0.9814246464595081
6411,920500,4.099867191328686,94,0.9023995553465354
6412,920700,6.1351604418648815,1013,0.8864978547382913
6413,920900,6.036034835857045,565,0.9525328755987459
6414,921000,4.73532871866615,247,0.8595017140440692
6415,921100,5.671129371415085,335,0.9754045493772062
6416,921200,5.704208815669967,482,0.9233182933294574
6417,921300,5.859840144327569,466,0.9537212078654032
6418,921400,5.729735047205635,702,0.8742437089284574
6419,921500,6.035030476665192,684,0.9244897949438865
6420,921800,5.805976594110169,485,0.9388481255065666
6421,921900,6.405702442315064,864,0.9473687056758637
6422,922000,5.812306208373208,376,0.9802207316256591
6423,922100,5.677732916541805,337,0.9755415832533613
6424,922400,5.505331535932364,246,1.0000000000000002
6425,922500,6.146582110074656,493,0.9913028007129172
6426,922600,6.047190976980607,621,0.940270513201851
6427,922700,7.310916866767901,2216,0.949043387047283
6428,922900,6.911068260420764,1222,0.9722609584821852
6429,923100,5.2614954321071075,254,0.9501856269442898
6430,923200,4.975335477282862,183,0.9550530189180279
6431,923500,6.498047404282458,766,0.9784473965929887
6432,923600,5.568926191941927,514,0.8921382582966385
6433,923700,5.4966153167739416,358,0.9347137971142062
6434,923800,5.889532739297238,406,0.9805505242198843
6435,923900,6.643044463374256,1148,0.9428406352215585
6436,924000,6.195258185624289,644,0.9578767422513877
6437,924100,6.128383665125538,763,0.9233306338610976
6438,924200,4.484947589736127,157,0.8870113840177859
6439,924400,5.641423960039209,398,0.9423651864341915
6440,924500,6.866306330251435,1066,0.9848870793423924
6441,924600,6.441996836293788,1059,0.9248991420984889
6442,924900,6.8775130860994285,1461,0.9438218377093457
6443,925000,4.775690012996408,298,0.8382677981866531
6444,925200,6.076723602435134,949,0.8864130179468381
6445,925300,6.305806633755701,1216,0.887726415647442
6446,925400,6.397793504274087,641,0.9899062888260973
6447,925500,6.776384685105101,1066,0.9719889267989138
6448,925600,4.487718650876717,199,0.8478103565687426
6449,925700,6.35323829255014,932,0.9291983387007743
6450,925800,6.568891869527764,810,0.9808658021745417
6451,925900,6.045884268770081,806,0.9034382266270771
6452,926000,4.585499717213424,176,0.8868608280412227
6453,926100,4.281005628694945,228,0.7884938482944513
6454,926300,6.01422272696001,616,0.9363212657250065
6455,926600,6.096725802690468,905,0.8955323241348521
6456,926800,6.2198472611062865,650,0.9603016521644256
6457,927100,6.831517786693747,1208,0.9626301248623539
6458,927300,6.590582217292908,1101,0.9409775205676005
6459,927400,5.97691065622934,400,0.9975708959363423
6460,927600,5.997347725134563,424,0.9913408201394244
6461,927800,6.654628268107462,1149,0.9443680101636971
6462,928100,7.142135904351408,1348,0.9910854810229176
6463,928200,6.958501289457921,1453,0.9556561911384815
6464,928500,4.821816455639424,208,0.9033783710090639
6465,928700,6.117023947017911,534,0.9739870071677946
6466,929100,6.304082836728449,664,0.9701152845812288
6467,929200,7.148422431593527,1356,0.9911440059490396
6468,929300,6.112923020719455,457,0.9980798403077888
6469,929400,5.475171977814462,448,0.8968644423111031
6470,929500,6.624694954273707,842,0.9835082114122287
6471,929700,6.751810877462729,1065,0.9685945090074267
6472,929800,7.393025405816108,1990,0.9732928578349695
6473,929900,6.433556479047295,1148,0.9131082158010522
6474,930000,6.1138659937698545,593,0.95750663358496
6475,930100,6.427729407339774,832,0.9559621635298706
6476,930200,6.286226198669582,586,0.9863346585793696
6477,930400,5.828945617610206,340,0.9999999999999997
6478,930500,5.997470482024181,587,0.940776020725501
6479,930600,6.061558840710015,591,0.9498172344952288
6480,930800,6.7637558008620156,1185,0.9556704572247825
6481,930900,6.282491376912576,626,0.9756405560890882
6482,931200,5.726973307827279,486,0.9257646574835913
6483,931300,3.6203239798780973,51,0.920774296231852
6484,931500,5.171850908582244,241,0.9429430061489543
6485,931600,3.873279152126131,109,0.8256218147449985
6486,931700,5.417027268840627,422,0.8961162128778827
6487,931800,6.689441283385266,1073,0.9586179973993504
6488,931900,6.773336384522343,1410,0.9340800086127505
6489,932200,6.191498290024615,569,0.9759796632858984
6490,932300,6.192725469470883,548,0.9819941546617629
6491,932400,4.86090718328864,203,0.9148727157318458
6492,932500,5.77718084295541,359,0.9819589105399777
6493,932600,6.71865804363849,996,0.9731900362165249
6494,932700,6.812813310773583,1195,0.9614603512389547
6495,932900,6.452369555749223,695,0.9860110753359838
6496,933000,5.390071854532535,444,0.8842235860511551
6497,933200,5.567743652266177,440,0.9147280624086078
6498,933300,6.769074533955148,1028,0.9760220577466758
6499,933500,5.566882950956776,262,0.9997375247161282
6500,933600,4.586755484327533,128,0.9453270558585125
6501,933700,5.9273479545064856,490,0.9568873169034613
6502,933800,5.760499488861459,446,0.944294803955115
6503,933900,6.279243994240511,717,0.9550070822708365
6504,934000,5.634789603169248,280,0.9999999999999999
6505,934200,6.889467636020321,1250,0.9661429505562075
6506,934300,4.849947209498556,480,0.7855709815462034
6507,934400,6.210919589864802,682,0.9518607447858751
6508,934600,5.89450396126955,536,0.937997790974141
6509,934700,6.651937436248014,1031,0.9587294166982377
6510,934900,4.80372344682751,185,0.9201908084024975
6511,935000,7.156274110537674,1790,0.9554475187147871
6512,935100,5.348097376125406,555,0.8463561264838521
6513,935200,5.716642369880818,325,0.9883843632317638
6514,935300,6.326625724757349,1060,0.9082118515275515
6515,935400,6.148219597013671,559,0.9718739057784722
6516,935500,6.267096815808175,742,0.9482169250304
6517,935600,6.376228339616416,668,0.9803114759826826
6518,935800,6.606630193942102,848,0.9797934370769417
6519,935900,5.859380081295577,423,0.9689134235193793
6520,936100,6.876100117618831,1300,0.9589937902640127
6521,936200,6.154684676667641,480,0.9969060432426994
6522,936300,6.385063864598003,867,0.9438325317139019
6523,936800,6.050559138312258,500,0.9736026862013096
6524,936900,5.688626658412656,536,0.9052363480163713
6525,937200,6.360569639384119,1289,0.8881465171959215
6526,937700,1.8688459697370274,305,0.32670351594811115
6527,937900,6.823065163295022,1192,0.9632488450540588
6528,938000,6.526622544973984,883,0.9621568112926209
6529,938200,4.47331795799458,254,0.8078468342860483
6530,938300,5.751417095139674,498,0.9260646352703228
6531,938400,5.509225091543164,408,0.9164831526705914
6532,938600,5.322978251586413,528,0.8490822298297024
6533,938800,5.579107823058519,375,0.9413155822448545
6534,938900,6.35701912293688,797,0.9515278251925732
6535,939000,7.558730470127991,2221,0.9809255344540401
6536,939100,6.102107640081105,570,0.9616226479268831
6537,939200,6.144602105171538,610,0.9580792745706498
6538,939300,5.463332096483589,284,0.9671370174741591
6539,939400,7.282311469742968,1658,0.9823216819000401
6540,939500,6.441956207355843,875,0.9509511813344531
6541,939700,6.101729385952415,744,0.9228208587647462
6542,939800,6.310376587616339,664,0.9710838099150199
6543,940000,6.23847527162633,595,0.9765070530919501
6544,940400,5.995554822797547,471,0.9741174745566041
6545,940500,6.55541056162839,1089,0.9374226204846197
6546,940600,6.418257118194557,780,0.9638044506825836
6547,940700,6.112318910714805,535,0.9729480069808926
6548,940900,5.3791972311321565,398,0.8985618236617887
6549,941000,6.239073054131509,583,0.9797251355149037
6550,941100,6.194666296071475,930,0.9062910032636209
6551,941300,4.676796354208598,148,0.935881066882483
6552,941400,7.411652166242851,2195,0.9633107020081247
6553,941600,6.155229412464854,546,0.9766145527998332
6554,941700,6.735202067045198,1166,0.9538143525119697
6555,941800,5.9250386835839866,458,0.9670581345112594
6556,941900,6.128926397798992,676,0.9405685691438804
6557,942000,6.737487739537906,1557,0.9166006280422702
6558,942100,7.778864498301816,2721,0.9835763979575104
6559,942200,6.96596395664578,1288,0.9727850658206245
6560,942300,6.74649507019265,969,0.9811279016991707
6561,942400,5.726444457350756,1018,0.8268523201789173
6562,942500,6.652364319586541,932,0.9729472734306914
6563,942600,6.110937165083921,658,0.941708149111552
6564,942700,5.786388927800955,831,0.8607329429666111
6565,942800,6.8754985212538795,1860,0.9132831461625522
6566,942900,6.5161262812329035,1278,0.9109575344607248
6567,943100,5.405315993547042,303,0.9460218350313929
6568,943200,5.540450194357578,307,0.9674519803135764
6569,943300,4.585132418008859,218,0.8515436200685879
6570,943400,6.180471918775145,694,0.9446692253452749
6571,943500,7.094317004229783,1909,0.939105450019081
6572,943700,4.475156910570838,180,0.8617743299376112
6573,943800,6.226703111348725,669,0.9571026418645067
6574,943900,5.353943202060444,698,0.8176182131416277
6575,944100,5.104110041845264,204,0.9597583446318113
6576,944200,6.289030718050107,977,0.9135075766591848
6577,944300,6.732425311705065,981,0.9773324373407041
6578,944400,5.50074147593614,296,0.966677328574765
6579,944500,4.879307025913414,400,0.8143763494801293
6580,944600,6.2818797452560515,609,0.9797345281746023
6581,944800,6.920454865014809,1724,0.9286206576080058
6582,944900,5.670797246814563,338,0.9738541218116524
6583,945100,5.777652323222655,323,0.9999999999999997
6584,945200,5.835351572205131,590,0.9146143414105413
6585,945600,6.19407170775653,526,0.9886311124457405
6586,945700,6.198888751730332,647,0.9577498591194191
6587,945900,6.529276960723111,852,0.9676462739324385
6588,946000,6.35521713165622,761,0.9578852046323897
6589,946100,6.473090489268125,1007,0.9361305001883009
6590,946200,5.961581921481145,485,0.9640100887961321
6591,946300,7.015599328131632,1557,0.9544362823136538
6592,946400,6.7275932329018975,915,0.9866062693323256
6593,946500,5.8298477807391125,781,0.8752769317345562
6594,946700,4.946826982288824,157,0.978359670935352
6595,946900,6.229173360366329,624,0.9678414896860876
6596,947100,7.209031344620812,1590,0.9779613122820464
6597,947200,5.930945685148148,414,0.9842478592969918
6598,947300,5.766224832039017,779,0.8660581654659748
6599,947400,5.455222841513004,371,0.9220819004800413
6600,947500,6.071901853562895,486,0.981522322105987
6601,947600,6.998234745844339,1389,0.9670959879530227
6602,947800,4.633311068294653,135,0.9445568857142891
6603,947900,5.0249348900198125,418,0.8325657109871659
6604,948000,5.396350554199108,279,0.9582929506610931
6605,948100,5.596800354843307,344,0.9582509393942601
6606,948200,6.446922608320678,729,0.9780403081868145
6607,948400,5.796057750765373,329,1.0000000000000002
6608,948500,6.662972095408214,986,0.9665367335810985
6609,948700,6.244181236543026,586,0.9797376316742837
6610,948800,6.02069316907529,547,0.9549912066479658
6611,948900,6.282281735459168,777,0.9439317918478728
6612,949000,5.803135523281166,465,0.9448225629498945
6613,949200,6.052090536030507,438,0.995046483069766
6614,949300,5.744558752729075,972,0.8350431226430266
6615,949400,6.292801118572846,737,0.9530810072240069
6616,949500,5.129899936448105,334,0.8827698282743546
6617,949700,6.0682145552188,836,0.9018501249152554
6618,949900,5.874897164028763,474,0.9535301860954836
6619,950000,5.537544349489952,321,0.9594734194371864
6620,950100,4.716704434048523,262,0.8470568641833602
6621,950200,5.929589143389892,376,0.9999999999999996
6622,950300,4.943170245425545,211,0.9236362627973705
6623,950400,6.2357275910068495,596,0.9758204605884649
6624,950500,5.411648031226141,325,0.9356520746441921
6625,950800,6.06424214099254,455,0.9908410859601627
6626,950900,4.774331489037365,245,0.8678617338640822
6627,951300,4.4644513502388365,123,0.927739051654294
6628,951400,6.20365570519317,604,0.9687801707980335
6629,951500,6.752245523793841,1311,0.940614716319057
6630,951700,6.143399857182061,745,0.9289343631523262
6631,951900,5.830078892724761,511,0.9348514080824911
6632,952000,5.9522073510788935,538,0.9466191540615292
6633,952100,6.380781793663598,705,0.9729474446359956
6634,952800,5.588647793810214,394,0.9351271166349124
6635,952900,5.674776832282261,351,0.9682620412874222
6636,953000,5.4864072705438645,305,0.9591098326108597
6637,953200,5.40991553822639,290,0.9541497628811803
6638,953400,6.183992448987533,611,0.9639748998877321
6639,953500,5.703347164947802,301,0.9993406295609326
6640,953600,5.658245058324184,464,0.9215556107276587
6641,953700,5.8196378610320325,463,0.9481747574873941
6642,953800,6.116670850577452,549,0.9696536772995779
6643,954000,5.932069780775871,845,0.8802156812727914
6644,954100,5.555259703802861,527,0.8864020962430826
6645,954200,6.183881633336794,503,0.9940988659019219
6646,954300,5.185393504734442,256,0.9351176867922777
6647,954400,5.284065166000062,640,0.8177808853624846
6648,954600,5.873752987340849,473,0.9536713781565656
6649,954700,5.721973217250596,338,0.9826426444086891
6650,954800,6.5048826459793725,947,0.9491607702408436
6651,955100,4.83836382447663,171,0.9410113616550334
6652,955200,6.4865952398584925,848,0.9619917050625186
6653,955300,6.264241722752265,604,0.978241452214689
6654,955400,5.822144931474332,796,0.8716308822560499
6655,955700,6.542554357050362,955,0.953487261764059
6656,955800,7.499363830344801,2162,0.9766336634726606
6657,956000,6.320841745350971,681,0.9689248678429201
6658,956100,6.135082482545782,517,0.9819206759250136
6659,956300,5.634789603169248,280,0.9999999999999999
6660,956400,6.009817292039067,738,0.9100345871586287
6661,956500,4.3124985549023265,210,0.8065105349253525
6662,956600,5.983304439456035,473,0.9714583168553684
6663,956700,6.889293614391005,1253,0.9657938851762364
6664,956800,5.420696457696309,230,0.9968034943516981
6665,956900,6.373737083314672,810,0.9517253231212813
6666,957100,6.560777224239113,726,0.9959358501225141
6667,957200,5.587812777033907,544,0.8871023654973896
6668,957300,6.1620554381449715,699,0.9408219889360625
6669,957500,5.871543243915557,404,0.9783598306921726
6670,957700,3.95726654101387,139,0.8019632071504673
6671,957800,7.3047581514260695,1846,0.9712771326103937
6672,957900,5.831882477283518,341,1.0000000000000002
6673,958000,6.374576553331803,837,0.9472129563214816
6674,958200,5.415908017624026,249,0.9815956962848299
6675,958300,5.697576615920861,347,0.9740571485197345
6676,958400,7.491300443500872,2292,0.9682210273174138
6677,958600,5.764371161856543,780,0.8656129660861088
6678,958800,6.15004900154821,522,0.9828021247816323
6679,958900,5.662160288010724,434,0.932342955204338
6680,959100,5.419819084504845,241,0.9881530985059722
6681,959400,7.33258226687276,1816,0.9771055000350113
6682,959900,5.738179216402643,443,0.9416777739397476
6683,960000,5.990531750663878,497,0.964877971565817
6684,960100,6.018466584986964,679,0.9229897684977538
6685,960200,6.235381175924543,683,0.9553950949307279
6686,960300,5.7440878099516155,527,0.9165316739845677
6687,960500,5.608525493446806,326,0.969176593921599
6688,960600,5.941843742431019,542,0.9438590428223678
6689,960700,6.513065315538837,784,0.9772907538613809
6690,960800,6.295823423119527,976,0.9146302960295775
6691,961000,6.331471371169418,615,0.9859613516838179
6692,961400,5.868204524160639,792,0.8791895346647511
6693,961500,6.792812716236963,1267,0.9507874544087265
6694,961600,6.229429046707406,671,0.9570825014091306
6695,961700,4.887448194373196,188,0.9333528814156578
6696,961800,6.078441731021254,541,0.9658408985163578
6697,961900,5.182826616208992,368,0.8772433749576448
6698,962000,4.7164367244339385,302,0.8259341569524381
6699,962100,6.135341308782557,561,0.9692909688055058
6700,962200,4.88169277666623,204,0.9179358085783782
6701,962800,5.994247000096125,461,0.9773125693253496
6702,962900,5.361244865620671,290,0.9455656897292287
6703,963000,6.510610378361166,773,0.9789980737340754
6704,963100,5.83838477545134,386,0.9802794155166724
6705,963300,5.891764731676561,376,0.9936210737711063
6706,963600,5.609843337930642,347,0.9590582757795861
6707,963700,5.705079809914253,347,0.9753398938408893
6708,963800,6.136490022485705,838,0.9116733799967353
6709,963900,7.19603697736834,1713,0.9664296977361556
6710,964100,7.7985419852132125,2859,0.979934575471387
6711,964200,5.881328057159904,624,0.9137959370967764
6712,964300,5.501215556157613,277,0.9781647283468403
6713,964400,6.02005044521024,502,0.968071644637068
6714,964500,5.766545947371958,373,0.9738190628772956
6715,964600,4.318590611473417,111,0.9169896840814441
6716,964700,6.313677211325267,630,0.9795146838894251
6717,964800,6.44042842308985,817,0.9604496054710964
6718,964900,6.871823088868495,1027,0.9909762710202885
6719,965000,6.067537879436675,780,0.9111383207613286
6720,965100,5.20780901213334,218,0.9671861430653391
6721,965200,6.110284043657701,491,0.9860952374684792
6722,965300,4.306927470986712,111,0.9145131864292038
6723,965400,7.235420020449659,1946,0.9553561963942165
6724,965500,6.961179824001956,1343,0.9664733123032573
6725,965600,6.859531444824056,1322,0.9544491325735797
6726,965800,6.61952668631343,1003,0.9578592673091614
6727,965900,5.3353409589070875,366,0.9038916459058827
6728,966000,6.144236177414671,771,0.9242665769125403
6729,966100,4.251490038273022,122,0.8849857231441595
6730,966200,6.570016776461898,993,0.9520755259575061
6731,966300,6.928339346337069,1235,0.9732418103686536
6732,966400,5.897382935500324,454,0.963924361546318
6733,966500,5.958561649908668,456,0.9732247689452622
6734,966700,4.3559625811151825,167,0.851107434039328
6735,966800,6.932054759582906,1836,0.9223868172546196
6736,966900,6.698145572881666,1212,0.9433971752056849
6737,967100,6.215590415400566,644,0.9610203997773968
6738,967300,6.951116538379631,1285,0.9710278615049067
6739,967400,6.244219846912161,996,0.9044681987817751
6740,967500,5.6384947570629285,353,0.9611395992174648
6741,967600,6.024598741091715,915,0.8835116337152361
6742,967700,5.6024670837317085,366,0.9491470615375853
6743,967800,6.799998966379684,1190,0.9602201056001359
6744,967900,6.5921244371031715,982,0.9568237275713902
6745,968000,5.80078341889485,560,0.9166942744766674
6746,968100,6.065694964860013,1343,0.8421463677602877
6747,968400,5.139552345577183,419,0.8512193145135108
6748,968600,5.810583485078364,662,0.8945875168671419
6749,968700,5.595074924345402,607,0.8730669872547127
6750,968800,5.000178893179541,558,0.7906222469220539
6751,968900,5.594844784380442,507,0.8982636108621487
6752,969000,6.351140655105979,591,0.9951933176675019
6753,969200,6.702923143617959,1074,0.96042178224351
6754,969400,6.357936118941343,608,0.9918506493213175
6755,969500,6.143838020480925,521,0.9821105350236987
6756,969600,5.146291877819291,209,0.9633039856925052
6757,969700,6.430521627862451,674,0.9873014646125758
6758,969800,5.926154235486032,420,0.9811099893555231
6759,970000,4.269695666721656,295,0.7507849778110633
6760,970100,5.7128852416476725,507,0.9172152442780922
6761,970700,4.069668227676553,148,0.8143877035287725
6762,970800,5.325387419102164,373,0.8993189048102629
6763,971000,5.854776552813611,620,0.9105804028948296
6764,971100,4.878661844117296,197,0.9234286797572869
6765,971300,5.611357187177758,395,0.938528917899564
6766,971400,4.9738161465832125,179,0.9588290388933337
6767,971600,6.501710986203731,732,0.9857379232740594
6768,971800,6.1695822117870005,702,0.9413556457557657
6769,971900,5.716538563261211,444,0.9377793774596953
6770,972000,6.653441161132331,1070,0.9538417691520352
6771,972100,6.362092642485932,615,0.9907298151716233
6772,972200,6.6603371509496405,947,0.9718439339050166
6773,972300,6.046885618008185,472,0.9821189307556326
6774,972500,5.763670939306904,669,0.885930256220847
6775,972600,5.515656046741504,319,0.9567169497776398
6776,972700,5.660213106526323,349,0.9667196546404153
6777,972800,6.1136634315237,551,0.9686185520117254
6778,972900,5.334694750539603,924,0.7812153587048362
6779,973300,5.2771138721812045,535,0.8400015607087306
6780,973400,4.950370988534129,197,0.9370017214378056
6781,973500,5.42605034896374,247,0.9848734591623932
6782,973700,5.936859982441702,700,0.9062413646011819
6783,974100,5.898890864704967,587,0.9253126115458843
6784,974300,6.81971737787055,1046,0.9808691991945997
6785,974400,6.929008704951145,1308,0.9655466753634641
6786,974500,5.437986667099539,457,0.8878804535732241
6787,974700,7.023317870037706,1508,0.959661121379338
6788,974800,5.391171908550426,228,0.9929690016048276
6789,975000,4.864347954318491,657,0.7497818852550564
6790,975100,4.458467698761215,181,0.8576455217625824
6791,975200,6.117217634167089,656,0.9431184075168353
6792,975300,5.873576009262717,470,0.954628829287242
6793,975700,4.335876701142925,164,0.8501941692996023
6794,975800,7.0570356042377345,1690,0.949485499950978
6795,975900,6.660102197303776,1012,0.9624864866406636
6796,976000,6.3959879854263235,979,0.9287676754326315
6797,976200,6.196008763714529,1160,0.8780973422919235
6798,976400,6.948854739959205,1477,0.9521890077809997
6799,976600,6.5269516871779665,787,0.9788134784868879
6800,976700,6.4998060914029905,824,0.9680728337846712
6801,976800,6.246808953060362,740,0.9455334817197393
6802,977000,6.160898364415937,609,0.9608660300686312
6803,977100,5.92254183871742,744,0.8957206719554067
6804,977200,6.9649535056983165,1182,0.9844508460059052
6805,977300,4.810946443462427,442,0.7898049084019759
6806,977400,6.790596290245055,1085,0.9715653966841447
6807,977500,5.271302049204646,225,0.9732652014831853
6808,977700,5.332113580055867,239,0.9736417542987695
6809,977800,6.977696907887177,1187,0.9856639577294006
6810,978100,5.3980476429223785,390,0.9047795635873421
6811,978300,4.74405275374025,238,0.8669258223218248
6812,978400,4.824038860472139,184,0.9250428163824456
6813,978500,6.898215715835265,1484,0.944638013573212
6814,978600,6.247569391450386,541,0.9927146300977903
6815,978700,6.060293190791434,494,0.9770670678140706
6816,978800,5.618587874340177,331,0.9683683632144167
6817,978900,6.315062673142409,679,0.9684756328584224
6818,979100,6.691922256119833,942,0.9772075207015395
6819,979200,7.135459036805498,1711,0.9584444371411756
6820,979300,7.1377205276055555,1672,0.9617267788819043
6821,979400,6.939047006689132,1234,0.9748568712636635
6822,979500,5.553909635007238,565,0.8764497984706989
6823,979600,7.025240293988459,1324,0.977300629709249
6824,979700,6.573505324677008,904,0.9657220677408423
6825,979800,5.288902045798759,230,0.9725680236256107
6826,979900,6.462843143757977,890,0.9516466484312841
6827,980100,5.84535177774657,489,0.9439614989726273
6828,980200,5.388052119077749,231,0.990010764638859
6829,980300,5.62252021029405,669,0.8642340659218299
6830,980400,6.933668332434211,1083,0.9922973896686468
6831,980500,4.198459322451407,119,0.8784998605922042
6832,980800,6.446599250916282,776,0.968808459283524
6833,980900,6.951054946335085,1577,0.944016163482667
6834,981000,6.483086742214439,1091,0.9268371380865745
6835,981100,5.602400563652262,307,0.9782695141515912
6836,981200,7.127556670771453,1636,0.963182095136588
6837,981300,6.244689386398207,786,0.9366626454650923
6838,981700,6.656793636044876,1137,0.9460848704312308
6839,981900,6.2706352863157315,673,0.9629730539013338
6840,982100,6.724242970682864,1308,0.9370128861347361
6841,982400,6.451371894466931,936,0.9429603164117639
6842,982500,4.900686403116382,189,0.9349337900201238
6843,982600,6.166619912178714,961,0.8978804440687
6844,982700,5.61312810638807,274,0.9999999999999999
6845,982800,6.609353275810758,1313,0.920513782110309
6846,982900,5.483032061801161,289,0.9676348717797737
6847,983000,4.893278896899449,356,0.8329083560428271
6848,983100,6.187897490374462,691,0.9464308896974037
6849,983200,4.933574282981132,364,0.8366026041912047
6850,983300,6.8204489411533,1184,0.9637957598361652
6851,983400,5.648974238161207,284,1.0000000000000002
6852,983700,5.953312926123282,454,0.9730660912071124
6853,983900,7.240831912143259,2083,0.9475588366494773
6854,984000,5.360686388819678,392,0.8977476675194317
6855,984200,3.742030162882595,137,0.7605781850165896
6856,984300,6.866634635787087,1316,0.9560426067700398
6857,984400,4.385951852775881,151,0.8741692700880278
6858,984500,5.8247614329409805,352,0.9933710457746942
6859,984800,5.674149368107539,344,0.9714941783741048
6860,984900,5.5216847632884205,285,0.9768589708341532
6861,985100,7.048784196080788,1388,0.9741784439806188
6862,985300,6.517847027768452,971,0.9475919844478651
6863,985400,7.705138888239672,2727,0.9739831116961619
6864,985500,5.36497621018874,651,0.828118889448744
6865,985600,5.245339155407834,432,0.864365736900395
6866,985700,7.122325502487828,1653,0.9611325095125589
6867,985900,5.030331137658168,600,0.7863664927996145
6868,986100,6.1704825815418864,577,0.9705309321759698
6869,986200,6.811940536212406,1555,0.9268916297197405
6870,986500,4.910804661829161,221,0.9097177935093425
6871,986700,6.235218220357773,595,0.9759972276301913
6872,986900,4.333094854034659,170,0.8437042277156355
6873,987100,5.854778364734162,390,0.9813332827268193
6874,987200,5.592136577763501,494,0.9015888038475656
6875,987300,5.603696973943803,332,0.9653000324624179
6876,987400,6.005387737676086,699,0.916901980582235
6877,987500,6.85745366583259,1213,0.965722670148228
6878,987600,6.409985424416714,891,0.9437073594931832
6879,987900,4.076198865537582,164,0.7992756130431923
6880,988000,5.664836453798211,362,0.9615034869939516
6881,988100,6.31057809035576,577,0.9925660036579833
6882,988300,5.247855630653955,207,0.9840863233368715
6883,988400,5.778748941752102,356,0.983628438613781
6884,988500,6.315017091657387,629,0.9799640696472771
6885,988600,6.086726540964309,575,0.9578804038614885
6886,988700,6.677267051871006,925,0.9776674535859449
6887,988800,6.846603718025806,1172,0.9688863964071015
6888,988900,5.031369667331401,248,0.9125663718482094
6889,989000,4.784291152970354,272,0.8534534570414377
6890,989200,5.796496432327166,555,0.9173169302306383
6891,989300,4.17640970848214,160,0.8229096895058208
6892,989400,6.992047009125152,1443,0.9611748789220154
6893,989600,7.462227270327912,2191,0.9701140559013599
6894,989700,5.718742833867857,359,0.9720260859846047
6895,989800,5.950411044594453,788,0.8921827346563121
6896,989900,5.977257971814296,519,0.9560700361867185
6897,990100,5.638121949490138,581,0.8858354655004318
6898,990200,5.7108444038571,390,0.9572081702931612
6899,990400,5.851021176358239,698,0.8935286196959996
6900,990500,5.184056128766343,258,0.9335663351202869
6901,990600,5.232903250875205,238,0.9562581171381144
6902,990700,4.380482678075016,246,0.7956800874723622
6903,990800,5.326534732448829,296,0.9360629631931664
6904,990900,5.4109557635503975,555,0.8563036980324802
6905,991000,6.750930136847707,985,0.9794401752329772
6906,991200,5.302538271519731,288,0.9363544545506766
6907,991300,6.730469530390522,921,0.9860829152379156
6908,991700,5.077704703525156,346,0.8685124225003146
6909,991800,4.784180972989672,135,0.9753135530794246
6910,991900,5.2659842605841805,388,0.8834053923053494
6911,992000,5.348527774284008,460,0.8723422276861421
6912,992100,6.5868110414114724,1448,0.9050380097870951
6913,992200,6.5915773816830505,890,0.9706026254424351
6914,992300,7.3884614967164755,2205,0.9597295597448746
6915,992600,7.208243166772166,1954,0.9512525052027111
6916,992700,6.122316306882521,1055,0.8794793766139919
6917,992800,4.451490721666635,106,0.9545510580993687
6918,993100,6.298043917032322,827,0.9375151858311224
6919,993200,7.09516470244253,1696,0.9541605918740972
6920,993300,6.011499393897844,581,0.9444987908483647
6921,993400,5.457529534151556,268,0.976129894985535
6922,993600,5.335507404780551,354,0.9090539265173725
6923,994000,6.614669936576394,954,0.9641443238362444
6924,994200,6.6938239170029785,967,0.9737606386301445
6925,994700,7.309475148931371,1913,0.9673188414542414
6926,994800,6.049085484694216,505,0.9718095754783409
6927,995100,5.70004789017082,361,0.9679344572093124
6928,995200,6.102296510246947,730,0.9255657956875424
6929,995300,6.78478210631994,946,0.9901549803510135
6930,995400,6.7348533914799225,1047,0.9685302333619751
6931,995500,5.075717819048695,309,0.8852983930157939
6932,995600,6.095044731637797,506,0.9788820102356008
6933,995700,5.638496234636369,381,0.9487946468857794
6934,995800,5.612828208560062,603,0.8767417690796555
6935,995900,4.836198843698386,165,0.9471700918897344
6936,996100,6.166955485824734,543,0.9793311776091944
6937,996300,5.572411231299169,453,0.9111362851023241
6938,996400,7.1644572261302395,1399,0.9890859933830803
6939,996700,6.026175573446071,483,0.9751066884074534
6940,996900,5.66340739619184,586,0.8886118354603562
6941,997000,6.154139735730043,487,0.9944856284939001
6942,997200,6.48076001431286,1006,0.9373743440940071
6943,997300,6.552949779013792,832,0.9745855264372789
6944,997800,6.3567677391589505,771,0.9562373237046854
6945,998000,6.9845050260019725,1567,0.9493791824122835
6946,998100,6.101999919894395,615,0.9502271646349422
6947,998200,5.9637698188779975,608,0.9303599244469839
6948,998300,5.47083282564498,392,0.916193758108078
6949,998400,5.97343040646318,425,0.9870030397329363
6950,998500,5.288984842979972,210,0.9891300694060107
6951,998600,5.615427643228132,348,0.9595409015042372
6952,998700,6.605672201009828,911,0.9693492726659458
6953,998800,5.903816419414914,487,0.9540343304664924
6954,998900,7.292906396739835,1826,0.9711078504620936
6955,999000,6.32539216972257,852,0.9374303159465917
6956,999100,6.455380852208844,912,0.947142287680961
6957,999200,6.695631654309957,1052,0.9622305542653959
6958,999400,5.461843743289247,805,0.8163163196542298
6959,999600,6.548687933065372,932,0.9577839942206335
6960,999700,5.936170833380196,419,0.9831562999787923
6961,999900,5.613822296884397,304,0.9819477165562029
6962,1000000,5.343301120870162,223,0.9881877896080395
